b'1HfXSbQDfygMCHUr1oqTvTB5QwLM2n9NXX',b'2'
b'1BnXhekkFKF13utCyB5cy4DeK5K8b86mAh',b'1'
b'1NwpceSdSGbKmLmJN4ZLeiBBoT2bpUaKDZ',b'3'
b'1DdQqHWZnz6mBYw6dRVVTkQGybuB3GkjtE',b'5'
b'18wKkhK6gFM27MvPtqPCVjksPnPfzDV4cy',b'3'
b'18DyRaRCJdRL3hAiJSYXPzZjG3cgLvgRw7',b'-157'
b'1Fh55vjPnHuynCaYr3vWV9JxEYhJvm74MP',b'-20'
b'1HPJPMUrfgFwJPnbWrWrU3exg1kmi5oeYQ',b'-44'
b'12ywr3p72pPArKAzqVGsJFM34Z6bbMdhYv',b'-2'
b'164Rb4TARunbmtcCCJBsd7VgicyYDi6wDZ',b'-10'
b'1K7fJcaGKopzn8yu6mQPybK9ykHbJWRjPE',b'1'
b'1jtjY1t5QyEa7rnAWXWwVydcZqYs1nAa3',b'7'
b'1GLzPPEJxFa6J52a287StaSds3pUuf1QSU',b'1'
b'1J5GEjCRSvmf9v2bC5zryXU6pHrVRvuEqd',b'1'
b'1Jqz89jjrD9sXjg4mUZaXXByViLEMsLyub',b'1'
b'1NdZbhNTU9ojCW65ToV6x52EAz9PJEBucv',b'-11'
b'126sk7iyVPjyVQGgdbNpWvDFc67YxJgKjL',b'2'
b'16cv6gTgN2U8DfKxAg7m4pDhChxQPvqJoK',b'1'
b'1LRpsUKw2QYH4smouzz4dih7dtv1e9b7zY',b'-10'
b'1KP9brmuSk4SbaPFxfipRJfewc1zvGo1gj',b'0'
b'17kAbXus5hP6hR6snY6r52W9PNiBu6HLZo',b'8'
b'1JZMeBdsRXJQdH7hwksstCJLww2Qs4JhDD',b'-14'
b'1JFNNEtSiU9GnAA9A1DMJnTsL9yBt7kpPZ',b'6'
b'19hLaU4hmd3kTWLscB7PtiP9aEhiMsnjEN',b'-4'
b'1E9Jp2Ez5nTwLudLs7a1ZnCBKiESqThZtd',b'3'
b'16vya1in7ZXUksxLpRnatSewxGJ9LGzeME',b'46'
b'12NaJKDbXyBbe6mAosGVtXqsjNwdHFJF6B',b'3'
b'1G7PkJ8jHgjNBZWNxU8bdrJqjHvrfzW8uW',b'1'
b'1E8ydXZKFLG6zHdcZoRjRT4m4AYgYYjyAi',b'1'
b'13xZ93HKkiJsRUAWqusHRLpE6dGsnEWzrn',b'3'
b'1DLmEnM2UL9Ji1zsWwGmcBoeywnfF1Ar8E',b'2'
b'1FeZXDcxSzdfCN1Svz8CSX5PbJDh2neaNT',b'10'
b'13ujpBcrJKaDPGVqXYF6uHx1P91LaYQMVz',b'1'
b'1BitsG13wubXrXA1mmUGC4PN5MsUD8ULVZ',b'-1'
b'12higDjoCCNXSA95xZMWUdPvXNmkAduhWv',b'2'
b'1KfucF1r3HQcrFgE1HsWTyr2NoNfW5Zh2t',b'1'
b'12Fv4kw4jqUGtvi3ZTDBYfvPsPZ1BCe5ib',b'2'
b'1EzXL7SiLPSTnhsv2C8s118DMceFadjoxk',b'-2'
b'1MyWssMFfXRRjVrMBZ4VZcuWPFTYNhnGjx',b'3'
b'1K6rcPwyTi4qXjbM63zQs81h35yfs4mFxk',b'5'
b'1Mht7sLBh3t1XbMP3aZzYQCynJumABuCPT',b'7'
b'1D161r3DGRePQy97sGQaN6mtbWEjz5KG42',b'27'
b'1Hcgxcsdu6gPUJzmpNeVdt8d7NxdbMQUz6',b'-10'
b'1NeWArjoPgAXeZxXo9U699mqgqQ6sLdYFB',b'1'
b'1F6japiupoWYdaf3CFbHQggX5C1gaTgjoT',b'7'
b'1KqgnKNWKSHJLg6ncvS7PC58c1pBGVUxDn',b'19'
b'1sharpSrMinBN9bdp6StxNqh3ggEyRbYh',b'30'
b'16LyYPyPn8FtoetQk9RnzUQM4AEuE5KNZ8',b'4'
b'1LzWUfYAspmxMhSvYpM14TvihF25Mniyw3',b'4'
b'1AniHcBGniKv5exXybwnMmanSGNyVYesiu',b'13'
b'1Grqcp4cnaeZxcsVGaHfBDuso5SwnCKdgX',b'1'
b'1At82WWbtqpSjCNro2KQDmTW7JtrBbWpz8',b'-8'
b'14huaiQ42SX6LCqRZCY8t1YVWDrnDctuS2',b'1'
b'1Lay2HKvXM6MtLab2GvwmDs9KfoshkP4A6',b'1'
b'17Xsz7GNzq2cxqvyTXWJ1svmbyTJqQAZUD',b'4'
b'1AQBG2A8qyu5fisZa5cHqBKYZTEvfHVD9Z',b'13'
b'19muEP8JrPRSVbF1gzCtznttyASB9BxN4G',b'1'
b'1BoQ4jiMLR2JFQb3EYvpqtp63vSqD6xXkh',b'1'
b'1DrL3o6ZMAGttc96SPxqTo2yooq52P62kf',b'50'
b'1M75XfLuQRHnYqcnxXHhMBG6z673tSeCH1',b'1'
b'1KuC9Ep7SYgJCBUhd5B67bwWiUeqAXw3SP',b'14'
b'1GoodBTCiGyd1J1LkDhCThfTHG8n9WJnNn',b'-60'
b'13496tTyjR7m2qpM7fFydvV273UxWJzbii',b'1'
b'1NAVDzSYPLDGsU6BzstDeYQbeuUGuB3URT',b'2'
b'17JwR3RJf544DpAE5neHFFs14cTadXBg82',b'2'
b'1CDAWwBQhs7BeWEkcaL9cnuUzTaqMsUZm5',b'17'
b'17c3LLoNy7z36PjhYkuX399pemJwGi8PhX',b'1'
b'1HbfBBE16zj7KQoyEAQi7tniCTPdHL6CgP',b'7'
b'1NUa2hqZUiEErBR3r2xATYiiWFnJh2RZ7k',b'-130'
b'13N4WGTfLa2VS4C6Zt9M7z1VbPpVtu2xYY',b'1'
b'1P1wACdKASqhLNJW7dyXyu4V3i6QkrCHAh',b'-166'
b'1F9vgUY7eDHrasJszGAKEMSrWjDsTdHCbP',b'-3'
b'1E9ZytovECwDvsECEdrLwgtbeLtY2NUchx',b'20'
b'1J3uL9QQFZoXGqPSc3JKuho7xuSGhEJ1bJ',b'1'
b'1FhTfHZ9Jm1fsjySM2pAVNvUWisYdsCraz',b'3'
b'1CUW4NNZXN2W9DwYp4t2Ft4RTU2CTxD23N',b'1'
b'16vxqFzQqkzGvAFbGYttXdDsSDEe5uQfaA',b'7'
b'1PKyq6aMKcCwn8cmb9Jc5SkNydLsQb5n7K',b'1'
b'125hZgEw6MuuyyeMVgRJRVcpiog1NiSruq',b'13'
b'1K337nGVbauy929uwU9PLAtUTinqanrm7S',b'61'
b'12SCFBKVPMLQ1uXfki2AFizqgzR7QhKNPi',b'-9'
b'1assBEfKxpuhv3HdYfQwf9h2TR43DwVke',b'-27'
b'1ACHmR5iXNQsTVrCMGFg8ChQLDYCR9PAFw',b'1'
b'1KxvRz354fvvS5eezr6Cv9t98P652rha56',b'1'
b'14wJzuS9xTZUCLWLQs5kpHsKqZtoyGdnPE',b'5'
b'1985vAULpn9X6gUrUavUePGhLohUeSwmiF',b'1'
b'1L96Q8YGJdAyrZbKvyXTuJ5PCQW7avRNmq',b'-10'
b'183kqfGCFmUwNyV3UuTye62NbuKyLB5EWp',b'1'
b'1CzyTCWqku4RNdvKbnWpQJBZBRttvbWyuS',b'2'
b'1LathanphzzE6v3nrWf8DMt4nCdKosPcbA',b'1'
b'15Nw383QHazR8TtSj2wFvLTLFiCMBpqWXE',b'-9'
b'1LqFwYokgzFQAKUTQBsLsHU4fLaWWNy67T',b'15'
b'1GwtXfc2QkhM56wSVRGUEjieKENemt8CxN',b'-3'
b'18V6KLq8JWpJfXN4uLG78vmsQvp6am8AQK',b'-9'
b'1MJqy1QipXAvEXKXwDhKcPdfjWZ3KZL3RT',b'-10'
b'1LRAWfDAa1sCckz5AhvyABVHJpMuuBddez',b'1'
b'18Em4kWyuVYdsMoG1wyadWG3Ud65eTKb31',b'2'
b'1FK2uWj9Jusr1vKgPbmd7AHtP5d71zkCV2',b'2'
b'1LPM2wHBVpUjmfRKgobD74nAPNH7yihFNo',b'3'
b'1Lw8cCwcoiJfwZczA2oXC4crm9fA5e7cXq',b'2'
b'13YfjysKC2qp2TcYhpQjhkaChxNWVBTAFc',b'15'
b'1EpAGK3DXD57b8JbPpnenusKHzh32RZ282',b'2'
b'1BQdsBr8uPhJA2y7EkNjSBMmffjcf1RHcW',b'1'
b'13wVooBUHBEofj74TQ5EaeoESoREG6cxPQ',b'10'
b'19FWJJMsqpzzWibnDurNsd6rAcE5qMULFL',b'-46'
b'1E7BNJSV5gvgn7tay2GZ6FeHF8poo5dhPK',b'-9'
b'1PDgYpsH6Ga4QSwvtkuAQNUAN5vxAHsp4t',b'1'
b'1LWq2zrDPUsRcwrMibED2tYfBg3TvRkech',b'8'
b'1BBQQM1HAW2Vo9t8gtRSQk6hen6zqC79FL',b'-10'
b'19B9djCXosH62AhC73x7GpyJjTbY79tVG6',b'-4'
b'1Dy9MEhH71RqATQMckAhMonk2c5vFu13Bo',b'3'
b'1J4sUHjzDJv544SEFVWq17hmGM2E4B2EiX',b'26'
b'1NCvn94TMUGye5cyBKHr9EDp4wu3H5VueF',b'1'
b'1QDGgFS7qHk7WVrNqTiqwZDx5d4j629fv7',b'7'
b'1AjhijUdBVVvWBhzdLt2CV65rxjxj1y6Jq',b'1'
b'15RK6UXmqqptqSD9rX1e4NkJymYRgXCna4',b'1'
b'1C2wcWxmj885PoNfeHz14ibfBGXyZjrbvw',b'19'
b'12q9WS1pznE5URBGuvkHUCRQD1HFz4V3d2',b'4'
b'16NnAWR1pwZki1yHKzSadttppuD9RG82E3',b'1'
b'14Aw9nqjJxaWyojmViwgKzuBbjumPL6wXY',b'6'
b'1BeHXTSeSa6X4azSfV6Pjbt9MMaUGT1Rai',b'12'
b'1FtJ7iF9zYCks6WJiguoCTvF9HzPavUvgc',b'-124'
b'129KVVJBZwJkXUgWE4DKbiEPq9Nq8yPzYF',b'-10'
b'12EJJ3oku6tr1MeqGRYFpyHDH1hdia59uX',b'5'
b'14JqL6tYzSGYWhtc1W9CzckpC3wBnkiSQA',b'1'
b'1MfJpyFiBM4T7wPhvNJRr6cGqRoXnf66KT',b'5'
b'1NBukVMXoiFsCVKv9nSvNqh4G6orwAn8iu',b'1'
b'1HaUPkxS1FAgVQq3bB4tkoLJgN31mSMo2r',b'1'
b'1NyLHRWRkCDZWAytEWG5ACQXqWZZrVXGYa',b'3'
b'1D4JceYPrrDeHA9gZQP4DZY5FbKxiankkp',b'2'
b'16GBjoZgpnJQxS1B6WHVc9sctr1jFo3xJP',b'-33'
b'1KTygkYKcoqxJSc3QYSbYyfovg79BQXBxq',b'-2'
b'1DE7oRjMUkUobt1uw5GCs2CwznySz9gFEt',b'7'
b'1AcwL9XFvMXJ6QQN6FYwTn4ZbqcEuGr3v5',b'1'
b'1GUruvanCg4gS62XCeD9VbCzJhT1cyn2a3',b'1'
b'1EvLWwTQUs7ncDd28xw2h6WGotyajcBLGp',b'-12'
b'1LfPwdDVccupB8VJquXn3BZaKMMUYiNBvV',b'1'
b'1Bkkffo5wkWrT8yWJrXZW3zNnhbtM1onwi',b'8'
b'1GrbF2abzHBVhAa8KCpSR5syuqQ2b1J8dS',b'3'
b'1HGZrTEdSadoBzbHxM2BfGf4XghKye6ysd',b'-1'
b'1KUqcQkesGsoWPCPHvUTYFPKMC4CFKW79T',b'1'
b'14gf6PiXB4MzHrDaHVRMDJJ8mcnAdVsdS9',b'32'
b'15Qie8kvJ65z1Np8ZRHj6qLRWEHxhQrXtP',b'4'
b'1NzTB5kHqrqK5QB4z6HvWQiBz57kphdYp4',b'1'
b'19De1td1DdzMBju2LmcjVefWPGke2cbis6',b'2'
b'1KujLGj8XhsEShYEx1mLcC8HuEQX4vzR4N',b'3'
b'1MiaKvvzhuCrbWJ2iXA9RceZfRpNDjwJTk',b'1'
b'1Doog7asLrYah3yeUppBVj8nUYnFkmXm2N',b'1'
b'1PsWmYy3M6aTtqAi4b2WbhK162EN5XJiAu',b'1'
b'1AgeisUFv9NJ3AGGq7VPJWymGfFpCHDhCw',b'4'
b'1FMbUJ3pHEMMtyPsquQA29BTVkzHAML9jL',b'3'
b'15WmQsD3dKtEkzj1umQq3apUXoQgjzRxwR',b'1'
b'1Ak7NiDGbeQbFHzx6LDuQzUb26imR8eTy8',b'2'
b'1JTAYdbQnYVabWuTA9d9qLjo1jYMDjhEUo',b'3'
b'1QJ7o42zoXgDXkkFXpyvynfmAyg3mvQjyB',b'1'
b'17LJBc9696hjbF29BFXS4wRDzaMecYnZUR',b'2'
b'16CreYwnUyTDbWtCEkboAJKmLkY3YopMWs',b'2'
b'1DBYLNcXFGLdQPu4z5tDaxWAe6KASf5Qwc',b'2'
b'1smrshWw3VELiPYAcebWfLGHp3vPWQm7N',b'1'
b'1D9CMtvVAyrCXiJacse5P72AzFnvipCzjr',b'2'
b'1JpPJMGTqwf2xYAJGcauernXP66BkAitzN',b'2'
b'1Lh68DT8tzvk2Pq3yTgEPRCg82XijAm6GV',b'-2'
b'12hJxhv54xM51FxRySy1x9r7cxwyGW2RpW',b'2'
b'1Q4hwHEePamcHzYCtWG7MgDfXL8hxf8Fw5',b'4'
b'1CMDDhAgpmwXKB8RcgJHfeUPtHdGbQE4iA',b'3'
b'1PSXHHPq61x5tiyxruJrpf9axcMHJCfT6d',b'9'
b'1Nx2j8yg41SDZYFVR7Co6QtBhXrCFLrK4h',b'10'
b'1GtDTHXTgd296gku8aE4Loo59UtQXZmibk',b'-28'
b'1J96JXdfY3CYKeqiDASgnaKjLqumfqfSdG',b'1'
b'14yt5LHQEgNxAN1aFrf7UVvX8fuK1gcSJZ',b'100'
b'1DfZB32qiXqmTpGC25psyFQcf3d5auQFpA',b'8'
b'1CBNDEiSyTyQZRxvdeYZ5Dpnb6Xm2CXpM',b'1'
b'18nWH5Lc4k7mXCwsofYXtHFowzWpL985wp',b'1'
b'12BmMohGkvpNT2kbEAxiDkwBBzWCMfUxoR',b'3'
b'1JwSrMEbbYmaMumoKH5qSeSReDLsgcN1qi',b'1'
b'1BkkBzuPZGDwt7CTHtzWeB7CpPHbdCawKc',b'0'
b'1GZNa9qVhT3R9L6AcZqWMwAC6RJ3kXUfRE',b'-9'
b'1Lu4TrTCNaUgnhb8vgvspNZXZDR1wAZDpZ',b'3'
b'1HKtg82sWE8CGVCGGQzMudTLxy4WRcW2PE',b'5'
b'1KTZ2DJYXhgNN7axSHMDWXtouxswRJBXeF',b'1'
b'18JP8n2bzJhNXqiQvrS5h28mgEuGDaTn51',b'2'
b'1Ki3Q5XEBRe3KSAxpAGYBKYmQpJoZ6tXfK',b'5'
b'1KxMFK1kPqp1U4FjW4joBtucmKCuV3kHDR',b'3'
b'1CaLuMoNWDiJeXg9zwBNJify7mLvQfaQC7',b'10'
b'1BRvLPciPyRoHarstGR5YhJVjdT8MJ8Gmv',b'1'
b'1srymhKCekT4jJZJavenBfooRYWPmv15X',b'2'
b'1FwQNDb1xUUxKG73fpRqq4HY1o9BmeCuhq',b'1'
b'14iayJSqd8h7F38y2feGwvFuYkbBkypJGt',b'3'
b'1PE9BKoFykyoKv2wstEXKKxNcC1Dguev38',b'1'
b'1EjuJ8DxGC6t1M1bq98WVL9PQi72XYoT1',b'-3'
b'1UmPYfRaEBTQuYwVgc3h5oiDLBnYiAr3L',b'1'
b'1DYRGVPgCvsTZFYvkFLuBnpxTsxrtzmNHj',b'-50'
b'1GvjspiMWHwTsv2Rk2xUdK7iPH7Kyz68k7',b'10'
b'14muaXxTk13xHuT7m6BgCX6xpnab8nNteF',b'2'
b'12J4MuVGefQdncUy3LkxcpXaTwQEAwQskc',b'1'
b'1EPiSKiNG139bzcwTm8rxMFNfFFdanLW5K',b'4'
b'1CBphSdoP2gixtjNs39VypY32LZnEW3BpF',b'1'
b'1BLNR2Q2Jfc6cgFcgpdyqeA3APkTvMXV5',b'39'
b'1ZnortsoStC1zSTXbW6CUtkvqew8czMMG',b'-7'
b'12mbFFeQGFbZdJHTMVgiMFN78nuzNTZUgT',b'-146'
b'1F2aN4PnXQnTzf6C24TVeipAP3mE32jBNV',b'1'
b'1FFF41TiEtELnYjWXGU35tEDfDrSKC6ZC2',b'2'
b'1CyfThu1GkAJdJfAhUhvfKbLa5y6fZf36i',b'2'
b'14s3JgnnqPDAJrBVSbXco1ZeEJwHmsG4Cf',b'8'
b'1KxtFTWq8w7x7wDanYYCTFyww83ok5UYiL',b'3'
b'1p5BaeB99WEvZvNVf4zs7PXWzBWPoP9wL',b'1'
b'1PJn4Syv6AMPhjyM1wVAbP82UHphAZ3S7U',b'2'
b'1BfPurMtZoeCKAV8rSC2zQvxqz9dn7KhrC',b'2'
b'1KsDx7bXRJ892dL5XYdWXiPdwYgKcbjBsq',b'1'
b'18yotw4qdEUscELgrypFqcoSFi9Ek8jbG4',b'1'
b'1AZrX24kjtDhmnTTGSwa58dj4Fbzph8zg4',b'-4'
b'1D2MgbWrLFqKY76Qd7J5tChbYYfEswwJ36',b'1'
b'18QttKpw6pZJoRaXsMxyf9SxPM8HcAEiDe',b'9'
b'1LBqAw2ubGKxBrYeqeLoaxqpF5ktX1ccN9',b'4'
b'16Y6opxPajy29ARrdTAY1MqYAkMnyvbHF6',b'1'
b'1Bitotco4xoVA8aYL1Y97V1QE94nf9FsTZ',b'11'
b'1AaJ9YkhQurewajQHPnfZMbAwTqgsDqbRh',b'1'
b'14jn7UtiQDC6GXu75sWh7HLhijRmCZV36A',b'10'
b'1A6E7wK7GWmowK5cSzxoc3bWwjtyfuAPFQ',b'20'
b'1Ub6NSk9Vop9nfBtc6QiiVrGAzm8orKqo',b'-15'
b'1MNRcLHW7sgPMLJMkcY5YHLMyFPRG7zkx4',b'25'
b'1QALc4preeWNzQkgWMZdzUhMbhjXNGC51K',b'2'
b'15zyu6SQnZVGc6Rtf4Tgn9udR6A75CDyZM',b'1'
b'1Ce9PkhNjSn61WsfMQo7BzKNoAnEKz6Xrs',b'1'
b'1y6Vbou7EEyJcLuoDiqpSVeWx5nQ372Ss',b'1'
b'1DVmqiahSWYjx1cHfWwEYsQbRAJXSgqMzL',b'1'
b'13v8hur858wjwsd2Z9cGxpsGyx3ynQf7S8',b'4'
b'1P4MyV8u9ZQCG6ggccgcrnr4BVCTgeKRs',b'1'
b'12345Vypv2QSmuRXcciT5oEB27mPbWGeva',b'-10'
b'1EXru3goYrQMi8UsvuBvzyjH3VqyNCuPUQ',b'1'
b'1TwmzX1wBxNF2qtAJRhdKmi2WyLZ5VHRs',b'3'
b'13hsvWsnVicc3rH15AYz5VVfND9KqGFmUq',b'-156'
b'1DvPqBtvGpUuBZcczQxojtk3TKpiAPuRNa',b'12'
b'1CFJjde6kE621xeXMoCUBRUapgpbNVRmbR',b'1'
b'1EbTDgN4ENcwTUiqkyy1Dvxh3cgG7ZiWLc',b'-169'
b'1FofjmdQAwm1HMmZPakZgDVEnygNkg2iE1',b'2'
b'1HHrnHnVTKpNrw4eRX2a3Vc5JA9DMiUh2w',b'8'
b'1BESccbMmepeB1frDjk62fzMzYffCVDshL',b'4'
b'1LWBBdnZt8rywX1HDjLJGc1uioB9ZNazJC',b'64'
b'1EW5Uc1h1nCVPqq7Y887foRVLDBREyjEh3',b'-9'
b'1JsESpmHiTsFLwZ672UT7CTvDmXo42dzpD',b'6'
b'1CcRyyKviMxntN3E3QQ9sdBgAJDvGsvDoW',b'1'
b'1H5H6R9NtMwthf83j8CXcBPKt7obeNqFzr',b'1'
b'1Hmn1kiccbWHQwiQiK2Z31jDoKVhMFuYEs',b'30'
b'1MBFSDoKT8cTCWpcp1C1f9MdSNEz8caZJV',b'-10'
b'184PSpnS5uEwGWwLrz3m953r6C15VMm9Xh',b'2'
b'1DiThiTXZpNmmoGF2dTfSku3EWGsWHCjwt',b'1'
b'1GY2Mb82KrzaqZYV7QwgJRbExqEA9iFqMw',b'2'
b'1HU5ZLVxGoe76x7bL7QV1zEcpJrKMuekoT',b'-2'
b'17G4FEccujiwUdid1FGwyXkhagqx9Z23vN',b'1'
b'1HXX8VW7bnzLjcaGUj5w2oSVFKnTCY89pE',b'1'
b'1NeBN92jzwa4eCoNtrdg3XMYUZVn83Mwmu',b'1'
b'1MisakifjKcG2KWKgY4XES1bkAxdU4ozSE',b'3'
b'16TupbPvWiLbSX1YJk2QVBpzv3haN5ekLm',b'3'
b'1JDggfs9FnQk3DC8hdNDmM52m5DfzaNAcr',b'1'
b'14LGRUGfyjx835bKrvnw69D2WfEYmp4VMo',b'1'
b'16XGUW6gR2aTmLYkkhrKkyyp598kyB3bQ',b'-9'
b'14yr6utPZr62uvxDnZ3bPnLw3rPhsLEFic',b'-10'
b'15S1kN7uAdszEi2oyabTyZKoB4fXDfPxdn',b'1'
b'1E8RhgieX7tTPMvrGo4QcMygMVeBpyFFNm',b'5'
b'1GuGVhGGANEdAhuMhuw9Uzxh99NHo6ZTVn',b'6'
b'13K4Xw6e3epQAXH1E3p2UczAHz9psRY92f',b'-10'
b'1JSw1X2xwH3oycho9aJJHSGjbrp78YkdmE',b'-10'
b'12py6bDdUtHkZqGaRgYpF6KUZmUSxkesA8',b'8'
b'1EwCbtZfkkZQV5RRQJ54iP5hnqWYCJ4bA3',b'-16'
b'1usagi8WQJvnCoyV21XSZyUHhC6MzfksW',b'1'
b'1P9CKCVjaV6DJnKnMc1Qs4u8kFSv2Vw3L5',b'181'
b'19vf5mL45DJWfMcweeHfdaSXYwCWUCmhrK',b'2'
b'1NB1KFnFqnP3WSDZQrWV3pfmph5fWRyadz',b'1'
b'1BftiYXMcX1imbDHWzoR3BCai4C27Kfs4',b'-4'
b'1nbTFZTFy8Wtbti3LhnLFZgd5YTBrXjaU',b'1'
b'1B3aUq1ShdqjSsiUsjf56XUCKPtFq3iip3',b'-19'
b'1rbUcm2DbvNvvJB6NS2RVv1yNC6tYA5FV',b'1'
b'12es7DXVDZxU1AAMRJSYLN9eHLpL7iqkgU',b'36'
b'1GVL6sPB9JnbPK8yxYz5F9s2uUN946xXwH',b'1'
b'1PdMgqTNQz31YpedQ1QF4d19USLAbPYT1W',b'1'
b'1M4FwbA9nN5seAfBYGwCRCSe2oYqkMs2Nq',b'1'
b'1DBqwcMaeVsACBFHrxDNWZFcJzJCjjSs5b',b'1'
b'1La9nfkNPhsWPbaXghL29xY2HiTmhRitvC',b'1'
b'12pEHJd12Lf7KAiqcT35XLgadmJN3zHQu9',b'2'
b'1MaRr8uhTqshmaCHpRBZQkeytQynwJwztg',b'1'
b'1MdHv4Gx2mSnfTQ7JGCVsZnqVodwrWZiL9',b'-2'
b'16G7q2zB4K1FszREKYCxuKUkhiK7YYhT1P',b'-10'
b'1HPgw3QKtyfLLtqsYZEY8uNFGDwzGg42Ji',b'1'
b'1CzMV8bNrjRss3tan7fDBV23YwJamJcs4r',b'-9'
b'164Lwehp7rEcmSyJoD2wGqvfdyVbFz9MnM',b'-10'
b'19oe7GAZcARBtSdACv2Fp79PbArEvGqBhj',b'24'
b'1NphAE4QMnRxnX7Rt1xFY1PJ5KSqXThvum',b'21'
b'1N2CS7CCEpp7srB6vJJMkhRjesX4JGh9ix',b'13'
b'16mmrVbVPV4tqf1gcSmdroQ7t5whSdYUEU',b'1'
b'1DrruSSxApL59QvRAk6jHUKgw4QWyhZ2u6',b'18'
b'1FjyKqbZfrfa9E6UhyPW2jLiZnjF5uJEJe',b'3'
b'1CDersDEvL4D4nx58K1ZHY5VwSV2vzDcoF',b'-10'
b'1BDNTD8db6HwwZEJJRWhFUae2ET6qsTn1p',b'1'
b'129XgsftkFDXeE2W9P3GoYbUrj29Fb6K6w',b'-20'
b'1JoricCBkW8C5m7QUZMwoRz9rBCM6ZSy96',b'55'
b'1PJwoBnH8XvSVNqSQJNYtMyk2bmgi2SM5f',b'1'
b'1EMmPAVDcXHq2PHNTT3edK6YPzVQf9899N',b'4'
b'1F6nWYKH4rRTcKw48GL55cBFKQjteChxVi',b'7'
b'1Ps2kMiemYtT1ZVAPV2dq21pQ8nJyjfrvm',b'1'
b'14gadEMVrLvaSPrgReNxcXKLeZt8oLy7NW',b'-20'
b'1JeQnyr5hPZbqmRXjnbGG5uvqQcNdwso34',b'1'
b'18GERP5Wq7NFbKWsSF9ykNGUqqD69nZbCb',b'9'
b'19Cx4dymnxRS9NFpgEbywNvUeFKGoJpbgD',b'3'
b'18igvwgCNE2agrotB9DjbZxn2rrGUX19xi',b'-18'
b'1LiLkci2MeR9ZF3LYJTxfCNGK7eERqG3yZ',b'15'
b'1AWqt3e8nAea5g8iL3oMcj3zoGsQnKh4pD',b'2'
b'18PKV2mKU6Knk971sxnZnmKDEJALT7jGej',b'6'
b'12wpbXDdhgid5ZCuBDr7Mpnqoi1MbffbNY',b'2'
b'1EZ7rq8hUr6DSEtWSJTYdSoE7cYPwZnVQv',b'10'
b'1AQmTT9tw4dgsQ6o3N7UbMcVye6fS5KSZQ',b'2'
b'1G2spDYyEd1e4tnLdQ5SNB8WQibCSawg6G',b'12'
b'1AVii6EGpW8vGxk4xLjaLr9RdU7CGbpoKw',b'1'
b'1rhjSfszc8ynqar2h35QD3RyjjvCwr2Vn',b'2'
b'1KPw5ooPVrYCBQEAqJoD73pdkTqFw6VTAG',b'3'
b'1JZCdPnogidG1P43afRvybewS2z9ov4owJ',b'1'
b'1EyZAr4smrQ5ni4opVgk1EVpVVb94HiCHr',b'8'
b'1GvS5Kb4cfDvndvTztTiQmFJfR6gAgfqec',b'1'
b'18ymi8kemURJ1oShL5zpJb78bmZjNWiS8L',b'-11'
b'1Rassahgt3XSxKVJ62oSrQJxtH3wk4MKX',b'3'
b'1HWXSGVQZ8DWsyrtmKNEVFMUFYwFecHXnu',b'1'
b'1BsyG1JpamCcRZPBiUhRWuqfDeXU5Ky8zV',b'-14'
b'173J3LhVUwTqo8GNdhWytQUheYGE9jaYEn',b'1'
b'1HupEfLoLbGAycpKyofdo2c7PLzTtxATe7',b'-18'
b'1M2LG88aCJrv9GKCrWKHqxKnJPRH9dgcWd',b'1'
b'1NYRQtCXYvECxLdShTHU6dB8jJgbsM6JNk',b'-6'
b'1ErikgLXAmxuTk76tdCrRW3iLnX1GS8mFd',b'-9'
b'18Wnjc1fcWDboZDHNsn48URtwGaqRjPnAt',b'1'
b'17ckCPdGYr3oYQV6huz8f5orHczNgZvosH',b'52'
b'1DkCZxXgRBrZeMk2NkjGFG5nmFtDCvB9bs',b'-6'
b'1E7s6QmozN2bWdqeU3TeYCtx6EojV6ruaM',b'2'
b'162APzXDkHEuYMwWuB1xKDtJDLJDkzK7Ai',b'1'
b'13gLyJfcdJmLfsGUgg4sXRAcjppq8GwDud',b'-10'
b'174bSGB12r2hGZfQ2jCTwBHHDmzj1tPY7G',b'-26'
b'1Ca3CeQrrMQP9wLZtKBmsRnpATd47cTT91',b'-2'
b'1D3XV6RSp7toN1c57SU9DRdf89xT2WpuCg',b'2'
b'1HWC4QB9Lghts8Lw5hq2opaYNTQQZDKCm5',b'1'
b'1GrQtDEL5TxE85jvNdyF8gVdYXag85ncvt',b'5'
b'1J31qWLvZMjdfNCgJ9HmhPDPJnbf1bxE4P',b'3'
b'17rg4iw7NYBKwhymdgJXtkmMUn1MW2TUea',b'1'
b'1HEnTVUZFYoasKxcuY3hRagwVpEABnpm45',b'3'
b'1F1LrYeRbEz25HJiJosZ7v3k6cPsnkFTyi',b'12'
b'1BFNcfPC3RNefzZwHEP2aJij4AN2y2pqM7',b'1'
b'1893cMDYdRZvvD8doQaCPr6cGRq4oyM8yw',b'-10'
b'1Cryo4K3vKxuz7NC5tiUHpCufYsLdvEJCp',b'1'
b'13DBLw5XHiDkD5nKu9ozeUXgJejW72yEcB',b'-43'
b'1pjz1PLVPohgESKWQrJhQp1TGUKHJmTzV',b'1'
b'16mHAiNofqZdVBzGofsF1fqPk8QXrFzv4H',b'3'
b'13HWyycMcYjX3zg7uQvq8n4F8aeqEXBsfH',b'140'
b'1D8AMdg7WanBUUegrzjdmWgU74mmPKTWMF',b'3'
b'1APn6NLaUUHR2w1iXYEMzeTcx3DpP4C3V6',b'1'
b'1DfWQxADhoYis5fsZj8vWdbhMe3MHv7cn6',b'3'
b'1MpGEnMea1SnG75XgNfqFdwud6w2kfUt7g',b'0'
b'1PNLrqwnDFno1fNitmYTzWoeXagii9Z2k8',b'3'
b'1PigCmSicVQjeAijwmiGf5TsAQsubLmAth',b'1'
b'1HgvowkPg1TXF7a8GwyR12eQc6CA1AYnBF',b'5'
b'1Fw5EtNFsLBhyQsYi8EUcGo5hGtGhfnR8f',b'3'
b'1HNppSTDswfmfHj5hqTQMKW4x76K2njCag',b'75'
b'1D651kzszthXXK7RdhwMYZ56a3qWeHGRWC',b'11'
b'1ACSP3vc2S5NHRFcoteGFDDS32rsFyByg4',b'1'
b'16m9KfmciiH2Mfco24iWW5zesKy4oN8UHM',b'1'
b'1DBYNDxfwwboWoYQAB7AiCt7WBpxZedpLt',b'-1'
b'1NCLP5cCrYMXEwPKwQwUArkqTWrdZSyxLG',b'1'
b'15rqWE4mYsUAHHvVewKdcJrgoSAtwrjKr2',b'1'
b'1MyazGXpfzKmyKPYdHT5Cw7JQr6rz5kynq',b'54'
b'1CXZjtiH1eSs5mtddhGhK7wQUAivXut4mt',b'1'
b'1KEtqA6qDQdoKCRoikMx18vznqtVs9uTYG',b'-9'
b'18r9Emgv1Nz71Ftqmn4UzmBBiZWyTb8RZa',b'6'
b'1CmmvQwp4hVMM4ra1JbK6wjtJdqkYNXyxB',b'1'
b'1PWQxAxBzXo9frHrLD2nmohxn8kPN2PShM',b'1'
b'1LZnhCCep576bZnbogm8JBjgeS3PSTTWTP',b'7'
b'1GKUtLdjJXwTXbRKBRMDAfKoBREk1LgbpT',b'2'
b'1HLTEau7gwitTVEbxeJmUtPUcQJrgc4Ep1',b'1'
b'18WzfajWwE1pRfGRHHtwNz8bqdcPsD5zYR',b'1'
b'1FiXx5t3tYokh28WfPNgTQxKgnH96wiQba',b'3'
b'1927oaHjd6QKyFUWGRnx3sMWSmktrDdzto',b'61'
b'1LoLogND8pKyu9hiJXKX57jbfpunVa8EyL',b'1'
b'159yiMsjNPdQEhZptjgFnJTLxkuWBHCo11',b'11'
b'194cvghyXhBTD9D7aRzk7XxxNCtWxtoaDj',b'6'
b'1EpKQkzgFZba82VjnzT2cgoPSQPutyEXaX',b'-21'
b'1HNCFDRgNozwodgt23D4WPP6h83XR3QFJv',b'3'
b'1ARh1bJtHHwFT8ztz9ZtsqvDX5xPktKzjw',b'-9'
b'1JTfqri5BddnEFhvPzDaiJiw78bkYvtM3c',b'2'
b'1KKr95f52FiDZY655J3dQAgNazsyRa3uyK',b'4'
b'199tjskvmsbPQskvZb6tFSMnayPT191TZh',b'31'
b'1BHiGJa2W6TgyAiqJnjtb6eKevqqbgqsTN',b'11'
b'1VESCU4YLvNYhmTsJRgFKKn3bLFeeWtJm',b'-10'
b'12MgSHA8nhEews5Z9nK3R2NbqY7VtR2cBR',b'4'
b'18eyLJkQHdai4G2mLfmZV528YKVYPruJ5o',b'2'
b'1FMoi892mZKFXd88jYJFhRDGe2gvGUXDfy',b'51'
b'1AuS36j4s5Mb3frNjx5TawQ23JtgWfZ2EF',b'2'
b'1ByQxD4cBgBgox7cCJmKqJ2dKd4S3CTL6',b'-10'
b'18LJd1mis6J7UhgBnudgc7tbAMXPs3uKDF',b'2'
b'1EwKvvRsUzHcPoLidxcZ611hGwYFTJVWUj',b'1'
b'1A9gMp48yJQqHEFXoDBsFDE5Q18TrTa7qP',b'1'
b'1Grape3vHQNUR2iPQX2SyGurfsF2HKvRF9',b'8'
b'14hnHBKDNH46QjnDamm3JQfQR1t6EsDity',b'-29'
b'1JfcLpNTmzQBYTUzAyo5z75T7use3vaKpU',b'1'
b'1HrFLU95ovfHAtggPWELXdiahakYaDH4hy',b'34'
b'1PFQsEYJV6KGrG7ohZnH1xAegwf6d2DXA5',b'-7'
b'1Ha2VqeiSTL7q542PsejaumBkYPz1dBuS5',b'-130'
b'1MYnzGvaCDci9Lb8sBmL3FecHTbbvgLHhF',b'15'
b'1Co8xTsJxTpV5cMMEEm87baKyhNmMtpj5y',b'16'
b'13uiruddAni6Mk7hRb9KFFSLs8dEzmmxCd',b'18'
b'1EkRbE33yCDAiT2AeH97sxVofKDVsZN5fc',b'6'
b'15zALsvd3pofmaETib8toWix6P8e5Gc131',b'-10'
b'14pRfYRoJdW1Pa72S1vhvf1pthQZqxSveJ',b'-15'
b'16PHrFaaNGWiPE6uHpaRAmCRBE8cBpvSTF',b'1'
b'1KgdhzEzFybHqkLrC5euvEwYJQGcbHk7A4',b'2'
b'1bonks8fbcN5iyt1o42HqAFiPDCgRKVMw',b'1'
b'1KYnfGVk73gPFa5rgTzReKMTNd7FnGN8jL',b'1'
b'1CRmE1xhexUPqauk7CZnTakYNeyfy4weBM',b'2'
b'12VkRRrXJ5w5sY38vqa6eeAFZtRUDpGjzb',b'1'
b'1Mbqkq2MhkyfNpJARY7oV8rLcxJGBBT2Po',b'3'
b'18c6P5PX2KFzNRVD68hp469NhQmRM1WUTH',b'1'
b'173G3S7DkzcHsawq2FKVGSNvJypBX8fmWs',b'3'
b'1JTR2PRQNYGPmrCM3sxxZZwgsoftc7j6kF',b'1'
b'13zXRskjtyN15L8GpYX96pJBxdEjY7vuyA',b'1'
b'1LcoM77jgj932wx5oEjLyK3enUMehJ9zDV',b'1'
b'13rZGrGAMu7cjQZrUGcLYJUmaYfJ4MBpQo',b'1'
b'1zb9gcvg64X4WoDeKiCJfgc2uPxdEAFmV',b'3'
b'1ChSyACfPE9XjKwiVFFG5nzpch4AcAUJVb',b'1'
b'1EmZUQGxaXfQoTa3Y4qGW3VhMsbFwRkH3E',b'6'
b'1WckBkTRe9kHrY4EwEpQ2shTqJNDdz3yz',b'-15'
b'12YMeH317K2Qjon77mhe9topnSDWCebh7y',b'-144'
b'1C4sBU57PmWR1ftY5G84VDK6tyXLcX7MuL',b'-1'
b'1NW53xKYnJYMvPaQzL8FUbU7B92x7sHSbc',b'1'
b'18YizHAtiPxjwyoMC1xyLy4HH2Twqobaph',b'1'
b'19UR9zp35cBupBxvXjQnmS9SM3HqSLjaDo',b'-17'
b'156vWCq9HdEFNK1xuGKSNsPkMDfAx89Xym',b'-2'
b'1A6dNCZuZj9UzJXUmmt7J2TL8xp2KapJJ9',b'-147'
b'1DfNj5XL8QpX4hPzbadkaV4Z28oBvSa3Dq',b'4'
b'1BC8TtPNu52H7yq1X4pex6KE2iqZjALJ7v',b'3'
b'1B59CsPkGyqy1nRUSpxGf45uRPkW6Ht7io',b'1'
b'1Nv9PM3HyUVrHyaViAMzxkUrkuDAKnfcEa',b'-5'
b'1MGDnzNGPe6yxwcgXyWuhn6QKWT9WYA3JY',b'-30'
b'17Z2iGUz2Yj7iRmfmQ1cNw99ftjCZw45y1',b'1'
b'1gburgdu9DB2AekAvP7PaDZU7fcWbBsxM',b'1'
b'19jh4CbMPfsiXzEEUdvEYPoXcTshSBXPr9',b'2'
b'1KHZKkjGh3zEAtSX8cr6jVN4D72KAKqTGu',b'-2'
b'1Eq9kyE4YzWK6LNWCcN3yKK94LKwY7L5SQ',b'38'
b'1BDwTXrrmCgHzcevmkWV4VaZRuDsHcdMQC',b'1'
b'1E7FYiUFvTchbqdPqkaefr6BwUSojcp81f',b'5'
b'15CfNK5nBr8DEWrNywApaZJkC4yD1mzaB9',b'20'
b'1Gre17Tyv7RLuF4LugzDcCb4nBRTaSGJPQ',b'1'
b'163RPZLYjFaoFNjvYE9YTe2U3rNBeAA6kt',b'-4'
b'13iq97hbByqZtrX5kUmS9uUFr817MugfTJ',b'7'
b'19hJcuZUDBYHg8gXpyLFHjj4SGG9ZyBDhg',b'-11'
b'1GeB8nwdHu5ykF8CZf8xQ7gQiUQrycyq4S',b'4'
b'1P23cT2BGL7Bv6RtpXcgsYRL2y6ko3wu8a',b'3'
b'1AYjdSmPMb8vzfzwGrZFACiKRG7LFr4uFz',b'2'
b'15SRXttn6M4Tvvha1vyUu6XHKujpaHbXN7',b'1'
b'1JiRH2Y9sTBk5CrnX2GCWK6vgCUbNk8jNz',b'4'
b'1LLhqc2bGvUkKuNsCfprVaiaoghua6YZS2',b'6'
b'1DMhjnsfRLxhddHTqViaLrPRicrEeEoEr5',b'11'
b'162MynnwMesTVxfSShMipvxv1EyL9yVzhw',b'1'
b'15AQmdCnUgNLSGahpob3E73pViSqkcRubp',b'2'
b'18D5TqmFSVT5eeEqMYWpishCsPbYWAB1SX',b'1'
b'19CrjtuHzBB69tD8iQWoG5knSfdvdTXAY8',b'4'
b'1KcbLDWwgVHWF3FGTZzgxjrLXoctoKNwd8',b'-19'
b'17e3W4wkEh2svtHxW66jhoTRCanRqXXf41',b'17'
b'1G1uWDQSExTQXib153kpfiMtixtY4quAxV',b'-10'
b'1otcfAMt9iLVqTMYtJZedEppMVkdiQEWK',b'2'
b'1PDaeP54stGD9uW1diy2VSq2uv9GNU22YZ',b'1'
b'1BaMCeuL4RB8kjZWenThB374vYQW5TbJMj',b'-10'
b'14guXiyDaE4MGe5KHqdJczGWys5UELX2JQ',b'2'
b'1EHg59SMBp6w2MPws9TSv7ZJbzeK1yTa57',b'1'
b'1w2nyrpvpQo3UnroZudnAUXnjpWcU4fmV',b'4'
b'1C7Y1vopeDLoKoTERkFtEp942zfDf9xK2w',b'16'
b'1PC5F2DRMBSnM2qWui7Kzv5MYenRWSechH',b'16'
b'1deckerPa2mnrGNhgZTPy6MnbKcQSsYMB',b'2'
b'14xzNn71VVfrohawvTG7cyUBYEWxfqKibD',b'1'
b'1B8wDAY1VpYarG4KEf9kVCj3anBTawHjRq',b'8'
b'13gyDqfYhrBE2EArKQcPQt7qtUcd12fV2t',b'2'
b'1AbD8WQ2F3MJBmsjudmj7Hot2cbmoTdLEq',b'1'
b'12PCR3BTHavfx5N8XSHkKt96ssk894N8gG',b'39'
b'14vMS7rXi7ygBnSyxDYE4jMfZ5AKF8r1KX',b'14'
b'1MW8wWpW2hTEnP2MVGY91DQbvH3rK5pNXC',b'1'
b'1LkdNKsnV5xYxm1AGDfDiytGkoLpNcPu1z',b'8'
b'13qBuF7JEALzWuiepY7ZdeavuQTXuyHxiC',b'5'
b'1ECQFtUYHHxFq9ocMinZ8iJxoXhX8wePpg',b'1'
b'16qXkHJTMHCz1d7YKAn9nGw7PRFY8aVuRA',b'7'
b'1DDBUFxU1nZsBmnQXNN9x7wkuhhEvvpRzv',b'4'
b'14fBdGAiHEgFXYWu3Qhx89Eg6o5DMrDUG4',b'-10'
b'14QvTg7cTfbh8Sa8PYVqgGoxwWBhQhb1aa',b'1'
b'1G3R6eo4PYM3ZHRyKJofqo9ZJwRswzk3PR',b'1'
b'1GHVzynnmNgGeK25AicohBNYk1v9pfzhDS',b'6'
b'1BCYYYqaeKWfybcJHq7tZ3NwpGsZNFEoJB',b'1'
b'1BgUt5hjFRyjA3wFjMprTjDgMcLePBzqSt',b'1'
b'1HYVaz2zhH9zWjRhF1RHkv7yihe12G4jJ3',b'1'
b'1EEU6SgfjdmNLtptnMdALgbfCeW7XSTarM',b'14'
b'1JALLENn5SAy4F6kgFUnCjP3DNE8NPS1B6',b'2'
b'1CDLB5cL5gDRoENoo7QwzPjWbPrnbTxyNx',b'-11'
b'12H9YTTS2cxtTphVromSJtPkM2h3sra1wP',b'3'
b'129drXczN6yYewywrjpq5qxBf68MTXzVsa',b'1'
b'1Juv65wuxxkg8LmvfbctJctNWaqBznLrfc',b'-10'
b'1HdW8G8fEThUZ423yxesHeg4GZiQ2jbtoR',b'2'
b'1MrMxJGtLYDpNbSgNmVmLCbYQqA2iQ8VDJ',b'1'
b'176sFYRGoRGqgsdZ6RUpWnbyuG65Y8ZCnz',b'3'
b'13j42VpqkGB1Qc3BQbx9tv3E7KgpENj3QR',b'-1'
b'1DFWzk5FuhCHLdFaBnfhApL1r6fQkMRNvC',b'1'
b'1FgrXmiZiKwP15kWpeac3oCSs6sxkqN3FJ',b'1'
b'17W8PxZ9eW9cp7jXdBJ4tcVwFB9rSoz6mf',b'7'
b'1BjEp7xdP5ZvXeNM8UfWZpc97LLdVxMYcM',b'1'
b'1DMbnfxtx23vyMMq2BPZ9bjQfa5ub93am1',b'1'
b'1FJMwpeLLJju9nKBxwttzgo7PHMUa8b33D',b'4'
b'1GCCRub5GskJecCHVdd3wjA7uYRgo34Yfr',b'3'
b'155syuhxDe8MHB8jpD5G6bjcmN7ESd2ACt',b'4'
b'12UMVpptiPfnhR5Apsg3JRHZHGXNs2srTB',b'1'
b'1KMs47mFMHPDHwYADnm1LKyANK7o84H76S',b'12'
b'15RdbWJ4rTT9bLGmxqx1j1bcnCuH1f9nZz',b'1'
b'1H9SCjfmUn5z1hmK4VotdGtDPGjUN5uzZH',b'-28'
b'1MXYKeZp5wZmd1KCuKVt5yKmRDaX5caxBn',b'9'
b'1CVxjdL9UqVg1H5bDrCZHUCKeeFzSPX4Kc',b'5'
b'1Nej2R8uSTDAGsVkFGukpKMusG679fQ44b',b'2'
b'1GryprQv9CS76rZsARFE1WDsmDD4kj8Ptv',b'-138'
b'15Shvpsv3vD1T2opWAFX3fmQHEZapVcwrS',b'-9'
b'12Wr31BZQ9BMh9obVb7C6LYmDuYxwChdAN',b'1'
b'1EUd721EHmKPWrpXe2ypoYbbZfBzmUpKJ5',b'-143'
b'1MCoC7727MpPRC8Hc82uVyR2XQfWBzo9pW',b'1'
b'1LC2RCN4mVJpFZU16KhvDpAVsAu9keAf9T',b'1'
b'1Ao1cjsnbA3ogSHSoL5hkSNbuCAJNaHDdv',b'1'
b'15TncZKz358pha6L8v2v8NnoqKvhq6QZEf',b'3'
b'14CredJ1qdULWEmPbbPgibdpALFA58gkAG',b'-2'
b'198NoEPmezjjc4SRm2UzAQxdNHRahYjxCn',b'1'
b'1AzrAKwUjRuDef9zq2LjQm3juCrfzAxjuC',b'13'
b'1Khpsj7ysRwihgs7EpPjt8D8ZZDGab8iXU',b'6'
b'161jX4iton21PfZFykZBL2wNsuyPqCqSqo',b'1'
b'1HaNMjan4creRNUTezeWQGwGipkuGktyPh',b'6'
b'1GbQ8sc4GocEobSL6j2gdHMLPn5fzSuMdR',b'3'
b'16hmG4wr5icVKF89cqYojbQXRb41izpPSh',b'1'
b'1HjQdVanAwaGfw8PMn3yqoW2SkSfi8WSLL',b'4'
b'1C8BK8KjTAUZmyfupNTcYNN9U6LWwwYXSE',b'1'
b'1Aw9rgppqPA6JA7yMmAKKiqEtjgEfd6AyQ',b'5'
b'1FHmvJee6GRJqfWUAg7Gib9aypBPkZmer6',b'4'
b'1G9gZokKjYfG8saeMutcyDDnjSfkm1xaE9',b'1'
b'17Lze2bMMgN86Yf7r6aqcvTfbrUUty6yJP',b'2'
b'1Dof8C8dfhKsLtmtRenVphoH1qhLsMM1hZ',b'1'
b'173saP4ouJyz3vaGaLHuzvzritKYBDS3LN',b'-5'
b'1NKS7bgru9ETYozTR3zoRymFzNruhtVib8',b'12'
b'1PPGVewtgGCfah4AJKHAAuHLLb9ozuJkBi',b'-5'
b'1ABrRekzsVHuBfhUKfRpGvQFxqtVaNUTHL',b'16'
b'1N3pphJSzQpQr5cBg1p3zTs2KQUJj1Pux3',b'1'
b'1JCQ5jsF3d9Jyo8yn4ZawKkv8H55byfGqU',b'1'
b'1JWqZTzWRvrb9VXqw2QLCG4eRGRzPL5L9F',b'2'
b'1A7eBvEjx4kncHWcMQPzvtcipg9kFk7mSw',b'1'
b'1BhQYKbu7ZvpKkpS8YCfqKcnsdQuHHuz6h',b'1'
b'1FjD6krC9sXhr9vCnFeFZUdUwUuYVN1mur',b'-9'
b'131CKqgqS3wfmrtsYpEiNRdeRbPR3cvQHU',b'2'
b'1CiBiYKDw2frdMSq1ZmN13SmmTb91h3H3P',b'39'
b'13wvJyWu2mn2r2BbXrXoaC8UBQ7wi96UZz',b'-1'
b'1Le3LXQPc9nbKvDTDm1JBeP5inhaUAN66j',b'1'
b'1PGSruNAPdBFXAWxWb6koceQyf81uz3avE',b'1'
b'1Hq3fsF2n8fpYb1wFVCgPYfVrSBschuR5Q',b'-1'
b'19KeZhZVGczH34jJKAo5YT8ADBinXwZ7yN',b'-40'
b'1GidXJdCVwctyiMfvBtSForUftF9C8urQr',b'-35'
b'1HmBpvupZrmufoVaXb5bZX9yFjhN73AkH3',b'1'
b'1LXUkHjwCsyaEHEvYBnsJQJ9V78sSm7Xie',b'1'
b'14HetqXjiKqwggUYFHT7UMwgdNJSQ2CoW4',b'10'
b'1HauPsHckiHWikBw59QoSxNV5xAy9a4xwi',b'1'
b'1FG9rff1vFqJJYVdFzdB1bSQTW1NScvN7y',b'51'
b'1Cqu4KESBcxDi1Nfue2w9Qbm3vZSYybpRK',b'6'
b'1JdQr6HwJxJEhpCyYug4WrmUhFhiSDzrVq',b'5'
b'13uXUxWfzk3g2tMgFdqSM45Sg312kMnt6K',b'22'
b'1MhGwBk6EDiA8sFvRMMqgCfU8QjxRDWsfP',b'1'
b'1B45cg6ZhdmnBUzTrME6oaDeB35eHLGRd1',b'-19'
b'1FZ8QFZhXf3ALb1RGmhmXLwg9ExrPtfCEs',b'-1'
b'1w1nH4VNcjdXDoTemPGfatC9ED8UcGvRB',b'1'
b'16HGrW5JByFiPRsnev9AW4fxpPJiv9ankN',b'1'
b'18NnN9gmk6UZ44QpXNBCJaPBjGNhHKfBou',b'-13'
b'1KZhkVFuSxS4JYxLfztPZpYifoqciZ9Z6g',b'9'
b'1PcuhrYd4qETkh4Cz5CLnE6JBFxMdzTjSt',b'-3'
b'14MQvsfyrfAAfWBkarREitnGfogJjRWPyy',b'1'
b'1J4X7VFxUsDPDKLefyfJJFXyvCzdLrRPXy',b'1'
b'1J7dgEMVHRUxgShF4xfeSFQBtv2SiUWVFa',b'1'
b'16zTzaXYNpEJDKFpKMnap8PH6BUcR9Qj2P',b'1'
b'15a4dTQZGKD13pcKmgRnFpiv1mP5NuDzhW',b'6'
b'1GrUvfokJXNcE8D3cjoMrExuVpBhceve4J',b'1'
b'1B6TsgvwB1rXW3AxYrbs4CmdcoAweDYEKW',b'2'
b'1Q251RXTMwWf9zLG4nyG49YSmRapQCqgas',b'1'
b'14Ckwh8ETEeXTgxbZJPPjJZZpWac6MgHP5',b'2'
b'13ETJ54aJ7DrvduXg8EapaC7N9PdxEX2sx',b'1'
b'1JiTF7c1wCzmV75WwNvjT3jHCN7RJx4Syd',b'1'
b'1Gxvb4ZkjJuHWcWf4BkDFLT9QCcL3nc8Ji',b'12'
b'1Ma9b9vNiNvXiRc6DYfPMmWTYvovrXSZNS',b'17'
b'1MC35TFfVkEFvw91Cj7yeJAKs4UB5jhRT7',b'5'
b'1HA8ouwksgnS8g74KazHfDPfE6ocjG9Zru',b'2'
b'1M8uQ1F8uuQ7ETWyuNoU2ghVbXaK7mttSu',b'3'
b'167ZSRpLhbfxpsgpa4cWMYTSkwa9eEhoX2',b'-2'
b'1LxxCu1bKvcyjrnxuNtdzQGYFhbMmJ962r',b'-2'
b'18yNJxeNth5Ty7RnNzwbBD7qrwvAfHiVjh',b'1'
b'1CZhX5LXALuGeYS5jxH79maza3KGkyfk1x',b'1'
b'1Namjies9JeJ4ugCzjkAj6dbaWrtjAFKCk',b'1'
b'19tn9xjmuKqCSqLTmgEHVHywyhbEMBMs4J',b'1'
b'1LJFFEsyFtkMWyVkcqkTQdc2CTKMu2zQj5',b'4'
b'17qofYH87QEqAEgiX6e3dpzrpeZe53825Y',b'1'
b'15itJQHx6XSsruc3sNkLyDExXVErTGb2n1',b'2'
b'1HioXA62GRtvvxFcjiDx7iTkGgMbMjHR1i',b'1'
b'1Fmkt6CYms78KRfYdss7jFqdf2D9b3MvAY',b'2'
b'164E9gVwoSELqB7Nbft6QkUe3nPURBXZ9f',b'3'
b'1MZ7ZkBy9xHygUg9nwT3ERxywhmrUJUHxN',b'-12'
b'1JVH958kJEhRBVMYGYffh3ekc6g3Quogd8',b'1'
b'1MtAf9Rrf1T4QFkKYPBNrJkNGt9a9LC7RZ',b'-9'
b'1A3Ma6DwbTZYR914PdfgpCUVP5bWdEp8te',b'2'
b'17cNikb1mzPtf5FA1WxmuVu6E91MvxUTEz',b'2'
b'1H6KktngKM82XC3r5DFfFD7kREGYYsivUd',b'1'
b'12caDGEnVhPwPheYW2FhVynmdaXj4xC9iw',b'5'
b'1F55fuhTkpFqwmpbmjwDNbJFXC2gnuK5AX',b'11'
b'1KuhzTR9JnHFZyNPavc2AbcwCoGPKikw2',b'4'
b'1BW91k1m1y2FEtiFpmw6TUSQgBpatfw7B3',b'1'
b'1Q8WcWTskjn1zMXPw7i77KTuWGvw34pSxJ',b'3'
b'16Hk1LZMfMBNXzRBAiWxrtc2kGomq4YPf1',b'11'
b'1H5QptPENgaTPegXUDvyKKfmagxdJ6E9wh',b'3'
b'1KGWwacbGSwpcqiuEWMzNym56cpMULM3mt',b'-10'
b'1DMRJ4enHXU6xTXJMFuq9MhPUPiVTmzHT7',b'5'
b'1N3caxpG4GvLm7x5yyTqWKv3qjHaah9TmE',b'0'
b'1Exodeusuan8ye2HBvhUvC1hHLgY3EFXLB',b'1'
b'14Asrg7roXxxCYD45Z78Y1LxhWoYVwHtcf',b'3'
b'1G2f7igNqsrNn4J1CGwzykbULFphcmLg2',b'1'
b'1MjDZAWjUfcJFeEbrFJeZwASHrFML5JPF6',b'7'
b'18UYwzwBo6X8TFhHEgqvCko8fr9kLTcgiY',b'-3'
b'1KeHZTtAqbRg3fUYRTCjvbWGTLtScdUNrb',b'-10'
b'1A1swMXP1YV4uSeKRb7BPPmy27U7xgMzoh',b'4'
b'1vXhpZpeDWLmp7vN7k52x3WwRSZK3DT6X',b'1'
b'1KNpBuZFMnxrzPY43LNHeMRJPHvAQUyxuP',b'26'
b'1GRazCon4gDqTh1pMNyh1xHVWnbQEVPfW8',b'3'
b'1HaRDD9eVVL27U5MKGEGe54GDsQN2Nwd8r',b'15'
b'1thLDNSsEJaiU5SqxLf9rpLfSpDEwUgha',b'3'
b'1D5FVB34bg1rn9WbLXzQgqBeckMKjKLWzF',b'-1'
b'1LwzFpxufERqzGXPYMqx7nsxDDjEK1w5NH',b'-10'
b'13EaMZhe1uGBhrwKVUNoEVWmqJnX6seyj6',b'1'
b'1D2sUHV8XErRr5kzpiMXCRmti79LjvPMFL',b'2'
b'16XcXGoca1DqrESAvozJjpUEenTxrHDxLH',b'6'
b'1FhV5d4Az4MLD5sSyRQeGBCmtbhnyQTFd2',b'2'
b'12n1Mrdg6B2ib26XM77zkGvFXLV846GgsA',b'3'
b'1MVgtRDAScY1LqksK71VPFH3yixRwCca12',b'12'
b'1KauSwJQ9whS6ujHxCkpWikNf4wSbVGQ8g',b'1'
b'19nVY86e7BzkMa37VYnGuasiPa5gueQqLU',b'1'
b'1HdzXs1XMsLLtgJwmHXZjN98WZCCzmthRc',b'1'
b'17PoycjA9nuH4snLr5Bz7d1PdWwffKGTqZ',b'1'
b'15x79md1PQJpVv95ye683NrbRJKzWyyYSV',b'3'
b'14a7yiwt1V4B2YVdTrqmRMjaqJcY7oZM1h',b'2'
b'14Z6Lp12jR6QP8L9T62Z5aB5VLvptzLeKs',b'3'
b'185CcoR5MFGLryPPTcTNY7VftWfAfvsbPt',b'0'
b'1FJeLc63YD91NZT9gFjC3dd99RVA2qW3yA',b'4'
b'1AkTV1iJq6qbsoMECBmPARYPVsemPhW4mJ',b'1'
b'1KLcP2MLKxx8CkqzDLMJGCiQ91BfCoUxxK',b'5'
b'1xw6QFuj3jvQ1spfT9H5kqitaByeJjSRB',b'1'
b'1he1osoeoQ9LHFh8ioF7gdWkPoyzfzMUy',b'50'
b'1BPCQJdHt4RPgZZxo5fnbU8UctKdgXN3ip',b'-9'
b'1JustinZDuhp6TETyLraq6XHopfrdPUe9j',b'1'
b'19WeeWbTqpN973c8pf5Buha5GxCH29zMuT',b'3'
b'1Qf2fXXnJgFRKemQs119ZRyP9p7FHQFW1',b'2'
b'1NbTRHr3DfABsLm9oZJdaQtCTpcaiRjJJs',b'1'
b'1CgzVgFe8o5nSAHZgDB8UDjc2ZM1Ff8QiV',b'2'
b'1JP26TTW6QXnG9Hx6aPEXUbVbzS5nmc6wQ',b'-15'
b'1SomguYYsdeBFYv9ujGt1V64PwssXco5z',b'7'
b'1J5hg7oPToC6wvLUTu2zhrM8iTm1LL2fnV',b'1'
b'1CDXkTvasZGKtouJcLFBVSQ4t1LygyLD5q',b'6'
b'12J1AvNDEtao1iQQaUPJRRF3gymraExn4b',b'32'
b'1NoB36vZVCHHZ5Xreg39vcLK3cFbgSxRUP',b'8'
b'1HfXNce5qpFhJo5PNZYsBo6gM2Rot1N7QQ',b'20'
b'13gJh2mgymsdKbLurMgDn4s6MmuypBnk4S',b'1'
b'19iNahtjdaW95UttczKQcVAr9PvGsnbof',b'-43'
b'1HUipyXd2ifj3NbRSXtyvhMTCFvAHhakHn',b'0'
b'1Fio5JoE6JVdZ1XUsns5Yqe5L2FjoLj4xg',b'3'
b'1NjdpiCgipBYcTJRoMnc5pLnkHbQx9mbGp',b'-10'
b'1F7JGJkJfZH67wYcDuBaHkYeEH6Eu9Dghw',b'9'
b'14pbntHTA6nPFULrMvB15bHX95xdfTWLxk',b'2'
b'1NvHcjd6sq7CqXCWviRJrVVHyBHygazyui',b'1'
b'18zFpLKVNqmyLNTQE1mURG45miagBAYZXe',b'1'
b'197yCsTLZyzWRtNU6ePtM88Vdnu2pTAwTf',b'1'
b'1LEo4e5BbkFauNZNjPHFDgcyUNsYsvtKDb',b'1'
b'18QhmVPoLrRnAPf4eoB4pCkvRzRMYhbCC4',b'10'
b'1HLGBMizXfUdbeKQPGjDbTBL1WkvUcKGHK',b'-12'
b'1KgQYutjJH68EVxxY3FoCPJjm2xRRES9hN',b'15'
b'1Q5YDmVKWvAz4rdixSdERwWQQu6h8GpABu',b'-8'
b'1FAaiuyKqXPHUvmHUahjtjnicXj759sUFK',b'2'
b'1Dhbx8kqUoPQn8FcFBWhqD2nzwjtkhwSXu',b'-10'
b'13dmz1Csw5uDpCsfTguGqLS6Y52uFQMLvd',b'-1'
b'1PhPCWeYtCa79G8RpLPHX8bLQ7fYTuNmdH',b'9'
b'1MtpTGMt46TAKg4AjAjmbA4EHPRvDcyFvT',b'1'
b'184f7HMYbjjv1oM6q4JQjdmETK6np3AQPU',b'-1'
b'1HCiNRXftAvUtqjoMWyJy2n6hwkYVQy9qG',b'11'
b'1trrYz1qgoQFvwUMRTfgzENTtZmMvjM1K',b'3'
b'1KdBgbMQSMjRtWDmzZdagccaoRKiffSMd5',b'1'
b'1Anduck6bsXBXH7fPHzePJSXdC9AEsRmt4',b'3'
b'1LVMNwaz75UYtwoYqh2YddbeSf5X4geq5H',b'48'
b'1NEz8BKoVjojTPMG27JWLVWorHdd4uaXGY',b'-10'
b'1ALjxNGbwDcF12Jq5AeKsfgqfQNZmwEgTj',b'2'
b'1q1xfY8mS3xsgUeMxcCyMMsQRvFfwj3VS',b'1'
b'17mAa2HNXp7uUuAzSrzxtMaeEF1S3z2NQJ',b'2'
b'12JiBKxhijrSLwCSuvajDdqE9b9GwiU58U',b'3'
b'1o1BcShERS9B7nqfc9aGb7C3ns7gcicBn',b'2'
b'13dkw1PtojBW74FN7ERbHqoEvgsTmtARuj',b'-10'
b'146nLZBf5GmaZBWD1ivYSxAnxdWDqqqrL6',b'16'
b'18veEwm4HDGNYk63TMKyf3s6GG2AysFQnQ',b'7'
b'12S1XZBgEtpL6neKMKSp6NiUtEL3ArwNRY',b'9'
b'1K4wMVmnz8rCcGMUCGKPAULnboJUzEngu7',b'1'
b'17QAPwXnqXX771j2CB7y2ahuoX76X4aipv',b'1'
b'17Cnr2GQZBuKB9npdnShvWEkcsHyb7p7Mp',b'15'
b'1dXPeSoCZyeGQ8BoEQ1Knzo4dudBRsy1j',b'1'
b'1CXJFLTUc1Z1DuvhuSce6P1VtjcXursbzq',b'4'
b'1MsuDxViz4EgJq9n4W74gWU8HG3c4cEwWU',b'1'
b'19KnhCLSBn5JoP6ZmWTVjcS1RxPVnL4UyR',b'5'
b'1LpEV4eWh4EXSxMRnN6aievXCzjtNA1PLJ',b'-9'
b'16VxhbRNPyfREricKW6gmbeK1LTmCCiqEn',b'1'
b'14ZgmnQvyVkjRUXYVzJSTW2oGX74PWHv7o',b'-2'
b'18qtzqNvYtfho1n3Fxm9dSmzkbUrVicMcn',b'1'
b'1P6yWCjPttNX1HsUnUyPqnb8dBUmpyvCub',b'-27'
b'1NHBFU2gjrWCEgiEXvCW1LkqrDfE6vCp91',b'3'
b'17CS73Sdmm21vqgYuTa7Stszi4ZXRA7wGM',b'-8'
b'187uvUTVBcXtvW5ZwLMBqzcDaDW8snrUBf',b'-10'
b'1JZasFk1axXCcFdeq2ZcCiDXiGraiauDsU',b'2'
b'1JohnLuzn7hMsByqE8vU7dyyEp3MhxawPz',b'1'
b'1Had5bBLe8pZ45mL7N5xgVpZiNpC2Z9dB',b'6'
b'1P4Egbzqbke9GcCKfLYtLAGQbrFhFSBPWe',b'1'
b'1BxyDaRpVEMn9CFpEMbvHvfnxsD51ykYHi',b'1'
b'1DV3Cr122uC4eK1aEpr72CQBhpSqKmfbk3',b'10'
b'1LtsfoqtxgCqEDcMS8hKeGDckP3UYoMXHi',b'2'
b'13T9g3r1gakHyACfYNQ4xpLZLbf9k4oPUh',b'1'
b'1Q9FavHENPK7sATGm8ebthxG9EhQmaamw2',b'2'
b'1MtxqppSqWYuaW4iGWBrAy8BzyazWt5nCh',b'-9'
b'13DpQjSBpabB51RY6gKDddkUBUKYseGsHF',b'1'
b'17F4grt9HoxVzYdQRt74mp5t1dRyB1nA6T',b'8'
b'14jbS3Z6VXbXyxYSNETM4zSMLGCfJLvF5R',b'-17'
b'19MfMT8yGN4AHS112SPsqyrUyFxPgH1GSN',b'-10'
b'1GT92vd2HnYePWSN2mgbgi9pmfBxeUkdTH',b'4'
b'1DannyEt9d9uzC6wH8SmFoqL2NPBf5kqYA',b'-9'
b'1Gavinar8cppmcRuhMdUXe8s76nS53Y6ND',b'17'
b'13vkDD6EkSdQiwySSZ9onBEaHM42t7z5EM',b'1'
b'1JazbKyPhw1p8Vjjhv4RgD1jqYmeZHRKbk',b'3'
b'1KmHCEeMF64vaYzo74K3KXLPMiC5T92uzB',b'1'
b'159dvNw7eYv3t5yBeBh1ajKJ4x8TfeaJpR',b'4'
b'1B36jbPnDktm5if2G4dfmnpdmoAXHWmFLS',b'1'
b'1K9HP9xCDwLMRvP4Yo8RMTzAWseso8bgtg',b'5'
b'1Ajx9sbnZFqqMMi7RwK7TcV6AJqx63WxkP',b'1'
b'12iDPPepCBB7i62D559faUY32CsFAgixCo',b'1'
b'1Wyerg99LmsPqxxU7miB6o9YGitHhbwA2',b'1'
b'1JCMUQHyXpetJaEmXiXG8TphrBnGS5fCiM',b'3'
b'1KckX4PkW6CMxTLcQce1Tn8RD9xqaoRGTc',b'3'
b'19Uk8zVhdgfrRo5Z6wH9yghWxZUtdiNtX9',b'102'
b'1H31uizp7GMFqD4aWCmZhjqEidEAuLtsT7',b'1'
b'189ovedivX7beuMgkF9KppE3J187gdzZ9Y',b'-1'
b'19EiWtEVGfr5kscS4An9o4hQ9Nb5TeaPkJ',b'4'
b'19Taz3JDQJYYJLAHajR8bEqJjLDr7d7b8k',b'2'
b'16hvaUVDPnrJDP9ovvW9pEPvJreau66hiV',b'1'
b'1LTuHsWzSa7LovoWt8yBAQv2CSpB4PEao2',b'6'
b'1PnMqgqLe2PkQ1P8JzK96hBqGJ3d2oiL2d',b'5'
b'1KwQv4owkcxDiMrFKzBf3aGHq5WGtwuRat',b'-10'
b'1PMFkEn7tcy9eWiVBiBe7MMxXk3b6vnrf5',b'-9'
b'1HnoFBfr3FurpFVnz55n6KMi9DvE6KjdaY',b'2'
b'1J8TcveTztHpugJgFQLrPcgfp8t5SrbFbL',b'-4'
b'16XcxqE1vqwpii3tLAnDo4BSEjKTjEHN29',b'1'
b'1Bnz8AgAc9rssjQTTYgyVGDFnvrYVpeUFs',b'2'
b'16uvcvFhwdP2Gg3DusPHKf1NrRecbEiAQA',b'4'
b'1D69dsuv5gwZGfPNFBEccpNjNXENHhsKnb',b'-10'
b'1MWZq7caE7HnbM7weFv8QLrWzYA5Pq1tdY',b'1'
b'19bCbQ3NH77oxL73QLY3HV1pLhy7Cu7noP',b'1'
b'13rYA9Vv8nLbLCXGLw5UT6ipR3d36Nhuhg',b'11'
b'16zPBEYmMtCtmfVeDhyDGTS2YBo8PmvMTx',b'14'
b'1BFTRLP2fr3JX6ViwnhFJekqmFhWeMqLBn',b'1'
b'1FeX6AiadX6k3vqjsfQaQ9XrHFr468vmtZ',b'1'
b'1G8ejJNWvwxD2vNx82K9vgKVegS1cGgKFs',b'4'
b'1Gan81pvNGELzbAJ8DwNWzLoN3PG5qus7L',b'2'
b'12ZgFNR4BgnYVxcUFZpKhTtxaNjoyY4SvL',b'1'
b'1JArS6jzE3AJ9sZ3aFij1BmTcpFGgN86hA',b'1'
b'17PQphzgUps2NuGLPcNT5c6hJLxyiBTobR',b'3'
b'1E7F4VBjUnbJQeAYb4rPwSBBpUfjxcGmBU',b'21'
b'1863fyvK724nGBgSmfuaszUhRuNGGVhZ1T',b'-5'
b'1AXMtPmibcaiZ2nJcZsFt6XeyDDZQHBSV',b'1'
b'1QLAtEHyixzEiD9GGd3yn75UiMAXRLhgh5',b'1'
b'1otimm4Q7rWfRjq3yShfF7VJcGH3Bqtbj',b'-17'
b'1NwzFDVrivQaJDvRdAjjELxZyUDjS5jSgQ',b'1'
b'133G3SkvDoJwd9Vq7YQxfoZuhi491WkaTy',b'2'
b'13NfPm3kECjif5DEv9TnYAPpmDtHP4dyX3',b'1'
b'1C3BSWp5gszpK5vPN3CydRa9rWKHdudX5S',b'2'
b'1Apnr86abBHVqo2uvXE3J6x4PBd4rxkcDr',b'14'
b'14Pk6SCCSkYWsxB2NocB7hD9EdcTqXpPF8',b'-20'
b'14QVpa4xANbZu2EKzU9Ti24i27Kn7DwrSX',b'-10'
b'1KWLD8y5Z8iyNzj7kPZFASpSwgiS92sWhx',b'-20'
b'14vFoDA9VgdsXFK3ao6JqnBXPZuPzNgztn',b'1'
b'1GGXQWMqgNtH5FSX3i58zpUfD8y46i8v9V',b'1'
b'172TXjeqjRj3RqKYQbNYzB8MqnwLqzmoTS',b'9'
b'13TJAte2tQYBSMuRJTQx1PAQd1fmGWHKGu',b'1'
b'1B1TcoiNJA46zUj1VdgQ5vNVXzfz6xzPSW',b'26'
b'1AwbR5HeqjtyiXMSNuxSN3tc2R6hEUzWyB',b'19'
b'17BBKmTH5Ztg3mWuACmRfmAGZb9S2PwFem',b'-20'
b'13o8y2kkvVdJCG8YJmecCxSodERUscn8F4',b'0'
b'13pj2N65JD7wPfw4Wu5x6Xae66USge3Kw1',b'12'
b'1Q7qC9YuxhuvQ8da3HKR1ucP4XhXkwPAh2',b'-9'
b'1CRn5j8rJL3QNjXDCoF1ZWZop13YjUgPBp',b'-2'
b'1GzDX7ZNWqxPqUqYdZynz2qpzDnRKjkyfe',b'10'
b'1AdmDT6BzTBAU6MmDVRbErstDeu1Lp3DZM',b'11'
b'1LaFpCKV8RH5kzikPAH5LB65rxTKxkih8x',b'4'
b'1Mwc93DQfcdaa1NuRE5M9vihkVp5vKFWSG',b'1'
b'12jmmskcZTqZrXcgMeqEBcMTepi5NZAkE9',b'2'
b'1PppeYKZPgfgxBKuu8p4cVYH6uZhxS6Fqy',b'-10'
b'13fEY5Tw9ms4bQNh3Dnr8JNSEdWvmJTHbq',b'-10'
b'1EwWA2g65CQ4sVffY5NKgcTAJxVNSDrGkF',b'1'
b'1CvG9678VhHjVzr4zzMcGHm7TLWRVfbuqs',b'4'
b'17dMMAPu2EZ42MuJ3msTfm5ReWnu9kyLzB',b'1'
b'1AevnUxC34yEtPQiZhTwsw1Qv6s4uoxjuQ',b'5'
b'1KxEYmp7DF4agHXkYwMA9YQRrrLWCVXtvg',b'19'
b'1GhTXoCtACy3kum2GzZketwdDHkhFXDfWR',b'1'
b'16wNNkcrDzUpp3W8uLkJnTyZUKX5zwGMad',b'1'
b'17y3NrWvzAZ48J4JwYRbw5744UrcXTE8U2',b'6'
b'188dkS79d8mkJwqCCV6v83dAKc2wM1GvD',b'20'
b'1DvWY6LaKJSYSptDoMfCn2Hb7inQ1D8Ld9',b'1'
b'1PYujRp5nsDvQiBRHSoegTY7vikxxCSuVA',b'-10'
b'1KXarmngRew1kr3tHj4RnBJNpcEtJxiBZL',b'1'
b'15An2DqTKmDDGQWmXScrPC9XQKCkmc4mfN',b'1'
b'1KhBmCx4oWAUwT9xX891ZuZUCpJNQXounm',b'-1'
b'15zXKM5Bg5P5ErQyfK7vTG8ob3qz1qYT6U',b'1'
b'1M2xtU5H4A3zseac7bXbKCyY7qWaPWm3i1',b'7'
b'1FZTKgwjCGLbmFA8PbUTf4WR57P7JK2P6P',b'23'
b'15h57WY3a4iGyr5X9woF3QEKgn6hSCc9sq',b'-10'
b'12ZE6HmHzJYW5wxpcnyqWhL1Cpe86tt6aC',b'1'
b'1J4yzUXMuhuF28M3VYpqtmride5tj5smbi',b'801'
b'1AfR3LojXAftSECm1CZ5zD2HaJrgdeJDF6',b'1'
b'12fGgbgMyqMkLf4muL6MM6CGGJqXzcCBF6',b'6'
b'1djootp5LWFYgBBHnYkKG92vnzgLMt25R',b'29'
b'1G2Adj476qsYGjxa5oePA8mz1odmj7dAPE',b'1'
b'1JKKRnhaiUFG8axp4VPFDrQ5x7hZTLFt9T',b'-8'
b'18uFYChiu2j3rGr3VE7avKjW5LatpwDUor',b'-2'
b'1A6JqrAjw22L4SDqBcjxfv6V8yqo4aPWsg',b'-10'
b'15rjcTNHHcyDC8ZupESF1LnySntzCPGnhJ',b'-10'
b'1EKAqWnpHy46eAxcyVf4f9fSmKo3QYiupf',b'1'
b'1nyRB5Ci87EGdK1ssycF9rNfMwAqHMhQ7',b'1'
b'1C6Cxw7Zb5ZkyHorU9FiFFvpJ2E8K2XS2a',b'2'
b'1AghVDwg9WdnFZH4etcBDGmUUV2fd4dca3',b'4'
b'1CudsPL8VqypYeqx7beLsYGETZDiwMq3gj',b'1'
b'1LAe4toPq2hByVbfzGaFiddYUVk9VLKKT3',b'-22'
b'1phrogzVS6CQiXTqwYaHfgAci1Hdd8DFd',b'2'
b'1B9Wxyi8QrBpwnr7AFJUapHMx6EnB9NkYp',b'1'
b'1Lv8TbP77PufVKWG4zVsNrwpE5wLQWpwsZ',b'416'
b'1Ao39REbekjxYoU3ZxsAm5iy4ZWA7LYZH',b'2'
b'13av5JJoGRyUhvZdEHmxNLw8uq5Ahz9PVt',b'8'
b'1HnqrNYtGqj6tSkp36BHyWT2hhcSugqfmx',b'-89'
b'161PRmh2SJcGZW5d2FTsEMmT8xY8Z6vRae',b'1'
b'1Kewq8CsRQUbZF18w71yWoUhpMETgf5nb7',b'-56'
b'1BGZgAXjdqKkBJbERa8UxUXYuFKm4Jdvzw',b'3'
b'1MVgSHZv4LJzGUqDjEJPKi7iDYKtqKhaPy',b'2'
b'141KmBZy6AsH9ZPc6nSDiLsq9rG4FgzP1u',b'1'
b'12KdNksw58F8Uj9iH8zqWtR1f6Vkzu4d9D',b'10'
b'1HPWARAvy14LgS32TadjWouSLhj6xsi8eo',b'2'
b'15SL2gUaqcDU5bFpXMViy3H31MRUQTMntt',b'1'
b'17xRETnBaHuhc7a1nYxoUF4Jwr4CNmoien',b'3'
b'16VXALSZ9XJBz4JW2xi9T8pDf8SHrKt9tE',b'1'
b'1CxUEwBT9bDF3YC6sHz4DNbvsG2bmKNXGv',b'-6'
b'1B7ttsWCQBtG76cZTQWid9tM9Fr5vEDKPs',b'-1'
b'139WQDNyueG5jV2CNDsbqWz3mXfodbex5n',b'-10'
b'16R3F2Gm8WLXeKcqrgLW7VqdNt3EPrxLwc',b'21'
b'1DeCbjUejTzUHWorCw3Mh8eVj9HCnSrFLR',b'1'
b'1EWEU6PQqDxFQgTmi8gTqeBfXasheZi3ve',b'1'
b'1MhrUV8jM73m4mMw1h3LuL6VL4dFLy9y2S',b'2'
b'13373CuvtwQGgDWYv28pm3mTxy2bGS5U4D',b'-10'
b'1Dbk9RSMXLAvAga1V4NzJBx5GRAY6Dng1Q',b'-31'
b'1Jdgj62LRWae4gXEt1p9DidA2k3y1EK9PM',b'2'
b'15xPSj9hJUw1AYweed4imniPNnMbMPGN7G',b'-15'
b'1LSykd2sCr9rS5jJqVe8FcQbVcJx5iBrVy',b'4'
b'12ovgPQ2PAifM6eMj5QZvaMa9aVwUb5y8w',b'1'
b'1DtkYNH3tQWD3mTke4RSrKAD8wMVGpBDa8',b'3'
b'154LtvKFM4g5YNq1aScG9mSvRqSxF1bRw9',b'1'
b'1GfjMEygDfuBbQ7vC1R8r5GwmTDjdhLty3',b'1'
b'1E9U3BdxcqU5VRr68RqdPoJrnFhMFubcCw',b'1'
b'1ErEEgxAcbqhbZpne7AMjj5nSwnMMDccQX',b'91'
b'1CGuXzW1Rv1kxum4UmPHejfBWrSE8x1QMb',b'1'
b'1Ft62t8xdxZkf4FfTLFrMvvHfT5ErZfyYC',b'1'
b'151UCnWWgQt4cMbCxZrtMFt3Cc3eEabhz7',b'1'
b'1MWsj5QwNvcRv9mXoaxf6Uqj9qEug9gpL6',b'1'
b'16skisUiZtLkYWRk7XgzoHhPtwbYiNcgmj',b'-2'
b'12SARrpj2f5LxFw2xbrQT2xcxsrf16EBrR',b'2'
b'138QpusWigaDrY9JfVrB8PCvtz8QH868xs',b'1'
b'1JSQQ9eESgtSecf6wrGyzNTjwg7aZ3HnW5',b'2'
b'1HHMG2mQaxPyi6AuWBcJqMc8TuX6xc8rrQ',b'1'
b'1Cn6PU7UueawaJxTn9tg7sMirBGkCE9u7h',b'1'
b'17k8vDrG57U7K1c3TUaZ6KXFCQGJmeF7me',b'1'
b'1LvkuMSNYyp7qN6Q5DtpDrHbVDrySD3DMj',b'6'
b'14hBrY3ZVdsC4ytoKaZBSfZgeJvA8K75m6',b'-10'
b'1DTWPS131MYkXVA1icG2VfWR9MU9F6DMmg',b'12'
b'16YpnATUVKw5SMCk1d5f18GhvsVTzsjhb7',b'1'
b'1PVaepPu8mg2wit384272x1E22JTPovP4b',b'1'
b'1DLWGWQTsw4ZADeanynm8t3Pu4QS2Kv6jf',b'2'
b'1JVCH2aM6RtpMKjrN6hAV7yRJ2BUyy64uf',b'1'
b'1HJWP72eEfaZUp5jPPpTbfXvFg7F9M9gfD',b'1'
b'1HVoJFqozUE9kjwE36udsxwtCNjgGbta5v',b'2'
b'12Dgs69RMi95d1sX1vaTRVE1b6ZuGZkzFX',b'1'
b'115EXwBfxpX33SKgL9ki915URzwB33oq8o',b'2'
b'1BiEo9RRqpvojLGA3rWpud6W7VgW7GkUYL',b'13'
b'1A2jKVPevejQ1Emde5wV1fb8sVkPb6PPAq',b'61'
b'1L2RM4TLoo1XnYBm4Va42mLjKkayf2MKNN',b'2'
b'1Lw4wCogbDMPNq3xSGLWfHGq3c1TcBcRDp',b'1'
b'1DB7V8VyTzt53nQDAMFZ6CBH1Wwa2HDYiC',b'16'
b'1MXrZNZ6hQGJAE2fSUnu63krcGzZsMPtaM',b'27'
b'13MjP9JS1nwPSoY8WCuXms5NbgZD1gunqX',b'-10'
b'17fZJ7UNTTxA2hrPLFvuNHbBnqpXJ31GB6',b'1'
b'1NjLsDdG3pTx5RBbAL3BYB37iVzUVnZe6f',b'-6'
b'1HeW1gui41g5HPvXhWt3GoVJ7CaHx5bXsy',b'65'
b'1Du3251Bf3jdENPHJys6pBHecPUkdHZavF',b'1'
b'1PCvSvmVRAh1nwRFSNVbvNsahFuwwqnBve',b'52'
b'1GJ5B2YUZ8iRefbiT4urUmeJs6Q2457d9P',b'1'
b'156ZGwAXWdLKz4WJbEb5c6g3K8LxVWoVHx',b'-11'
b'1LSCg9zKwrtiy6yJxRytWr8VXDVN1obS9a',b'6'
b'17vk2DasZvQJNb11ge9J3kNdA5sGs4T8Du',b'2'
b'1Dy3Ds6vi1UC9Y5xxpy495xSXLb2zZk4nH',b'-149'
b'1MichaiL1SZsctjm4gwoSZEueCWN38i4RW',b'6'
b'12suSpJ4fudW7DNwzbxQsRSKVuNkwuP5RT',b'30'
b'1KqAsTqWQdnwji7y63o4KvHNTWVtNkoirL',b'3'
b'1N8niKS6hqvtXCo88wwZxtgmtbr7JgfUeA',b'1'
b'19r4usQVGzyuuaQRedURnTb2BVDt6TZVkc',b'1'
b'15fYHQFF83KRKJh3P84aSvMgJ4C8Mw1xt5',b'-8'
b'1JSuUaHpKCWri42QvoZ8zjQkqqzPNYKSEb',b'9'
b'168beWkFwVvoF4iTYWNJJCKT38NvzkrD2K',b'1'
b'1nj8668TXHLktXN5JJy57iMkyBUbZnxMF',b'11'
b'1M2ykXxKaMwStGtn7N3zQTWixf3qLxYNGz',b'17'
b'17xWMbBuUtaWmwd8mfJtZh5VjJHNQzrop1',b'-17'
b'1QJXyEn2FcafsfySSXyMeKB3vbrCU9xk6q',b'3'
b'1JwSSubhmg6iPtRjtyqhUYYH7bZg3Lfy1T',b'1'
b'1B5CD4EVxyTTw3Vxmi7sRNjgWSNJjGdeHU',b'1'
b'1PYZjeui4cxK2R7A7q1HhbEXPXfqS9NEe8',b'16'
b'1EHhkQ64WmCTPrhKxXv2fwGXRprsgpAmuh',b'1'
b'136KDx575D7RxzbHwU1eR9ooyh59cmGzC8',b'2'
b'1HxWRfDgcCezsMzuDHDRWpM2dKuyesfHGC',b'18'
b'1FRsUy8AbuvkQjEiMWXSrs3v41JtFecS8z',b'5'
b'18t1552pwwFNEWKFb6J1KsYbmJABCJvXU',b'24'
b'12KfWiw2aBiG4ynTnHJmZH3cTMHV5wNEvw',b'-30'
b'17Kx7LWZCpA3yvnStnrVZ3EbEiaMet1Eao',b'-10'
b'1MSkWiktsQqaA8DVaHZt9B4b3Sza6TDVvz',b'36'
b'1Ce3pmT1FEHbSJqcTnigEbZej9DV1rfTKA',b'-20'
b'1Mz3B5yjxeV8L1aCxihSYQr7hdLFsn58qV',b'3'
b'174fdhbLqCN6o4YK1Ec66u1ccUTUL7Brhj',b'10'
b'1NiePhXbSj4pEuS7eGcx6ycHRnhmvK56Ei',b'1'
b'13gthFUM2xdBrpgc4fpY5gd2oYyY68mbT7',b'10'
b'1MHP1b6wCXbEhBYxre4Q5f4sA4Hgvj64ZB',b'-2'
b'18yrW4nF21u8VDFh2YC7W85N41SWqhmfUw',b'2'
b'1D52h5FkAmkzA1sVybxMsjXRh4VqqLb6YN',b'-28'
b'15vuNkFKGt8ZvspW4mBNKnbU7zaYKEhK5Q',b'2'
b'1GMBRXgLZTL7Xvi9AyRBTtDKYZaDW3DFGx',b'-10'
b'1AMGw2CAAX5SU8GVgVuUe46mPFMcHi63di',b'6'
b'1novusxwhCh11QyXp1Jj3e6hdhk6qZZ3E',b'6'
b'14ngsQuDknY4JiBLvZMJSyCGT58m2Vhtxa',b'-42'
b'1CDuyDcCF7nJPNDeDZniF5KCyz2vHFm2mz',b'-2'
b'1LYzNTtgMBBV9MYfAoxSkxHn54mVohbiRr',b'1'
b'1N54SGnZFqukNwKL8yPq9Pne6TGqMGbWW2',b'15'
b'1CP93Toyv7jJaJ2s9MyWmV5Nm7g3iverwA',b'1'
b'1QAuGAypWAxwNaV3ucQzuUrPQmFX2KC3j7',b'-10'
b'1NQZT6jh3igPBME7T4ujejZGxdbjMub9DE',b'18'
b'1NsfeUoN8Cu1fc7X1rC5MHb8LHoKAg8Dyk',b'-1'
b'1GEEKdUfN1VRbnErFRUWu7xJ6pyFZ9M1FQ',b'1'
b'1Jf42AEt37Yizk21pVuJRyGMnsg4W5Qnsz',b'1'
b'1BHC9y4re2o2VhZBNUQXJwWGWf3JELrEBy',b'1'
b'1KE7MAoW9bHUiDsXx5TgCtG87rSmARXNKY',b'6'
b'17U9g76oE5ioSVGNqdeYnczwLVwn6SGJbK',b'-2'
b'1c9r2BzVeawUG9qSwm52fLMFet4SdZPjL',b'-1'
b'1Jw6bG2h2Ni1aCTYcKJgzfjDi1Q1oSf3Uh',b'3'
b'14jbi69refYcF7MqA4JXgeweWjLAz5y9RS',b'1'
b'1GweedoZJYb5CNLfSaBgBBYS2y7BMVb2Wo',b'-2'
b'18bWjYBd82sUEDwE1QRcFFn1oyEqm3Qk4J',b'1'
b'15vNYvG7nKRsZPWPRsjhrw6ttC9oBUSHQQ',b'3'
b'1ECfresuzTczj1ffbSvWvdW5ErwbHuqJQv',b'5'
b'13vhnpMRu2f27mgVx51wd29vAp2QcEF9hb',b'-9'
b'1F1TtVbN37VFujiaxoeks3XdgtH2XdWLyd',b'11'
b'12dfNKw6SfFuGpvy4CmMsVnGbYMmdV6P9Q',b'5'
b'1ENfWxDSpwatCsXVqunWJivP6PoRGL2tf9',b'1'
b'13EEoLG91Lq8sRsqvLuLcfu1NxviHPDEL3',b'2'
b'1LpesvstMmW5deb5BSzjfwTpDQD1kES9hj',b'1'
b'1GrWzdR6WpC8i9dDMdPC1zRjpn8hgNRHxa',b'-10'
b'16AJfQ9LSQgcFqVv93xZPXFor8GQEiC1wL',b'1'
b'1KCZroMEb7jQM1MwzhgFg4MAqGUuo6E1N2',b'3'
b'1B7S3g8L6uLcsjjvciu6BArmHohqE83xCV',b'-10'
b'15aTVoGF7JW6ACGjUbmRwa1FddLb2B1J54',b'6'
b'19LDhWVn7QWyRMwkpy7CZR81z9LEvkeQSg',b'6'
b'1nushorGKTLvARu8QLirNwFrThhJrCm52',b'-675'
b'15fy6d68EATWFXzwHsCnBjWrqieANEJ1u1',b'6'
b'1337U83UQ4tErbzMWMB8VyS7yVovxBtrUm',b'1'
b'17nFxZjbJ2SXhP8mxEt4xWGnHSjoWDmh11',b'-7'
b'174NNPdyVULTXvSGNWdFEruyh6xJRTHmuC',b'9'
b'17s1paurZUVJd5SJFd66jZyL5exHGcKDDj',b'2'
b'1Kv2QMe8Psq8973fUgyuRhpHoHErzjSS3J',b'1'
b'1LooZQ3cdYxxYfSb5RoYfHNM1Td67prCr3',b'5'
b'1PFgdxNV5pBYCR9zZMpkpjT41aULa34QtS',b'2'
b'1JdpfrPn5rzMEcGgbpPejsbKbCihpK66hB',b'13'
b'1yWWufvxRKBscgBVrZHaMggTmLGB8evrr',b'1'
b'1MKWte36KsikAy9qjLx13ehBR5oyteYAFj',b'1'
b'195uMcZimXKcpN4zTNRtqKWfJ9doWSjQ4U',b'1'
b'196o93CeZZgb8KxsqdSCLE6EMN5V4nycqa',b'1'
b'1EetBZrwQPPgDT5wm3HXqS4ZFStqKvSEez',b'1'
b'1CVo5cmVeYdUcMKjLtbAT3pfVj7yHZErpY',b'1'
b'15S3P9FfFnfW6DKj6Uu6VmVs6jWx9zaFNF',b'1'
b'1MvrakGRPkDQhHKxVnziTf29v1Y7WVxYpb',b'1'
b'1GRomdeSDtKudakr5jFUP4DLQSoeSzvYp5',b'15'
b'1PgQ7mLoYdWGK3YAdFVYz7HBL3JYWZdNun',b'1'
b'1GD4zvjPCiwBPuNWp1sfuzmktKtGespBFY',b'1'
b'1Dt8P1pPsXRG7G8qPaUPdzammP8w1BgVF1',b'1'
b'1EtbEcYJ7M9LAoqh96WU99knT5B5gMTsgt',b'3'
b'1MSU7BvEJDJTaxv6aMN4pBzy8etq9zbYtk',b'2'
b'16193nPH2mS3Q5U2Ui9HMLPxmxR9r4wxu3',b'1'
b'16fWKdnws1KdaCJijufmXK2TCbwVGjSeUK',b'1'
b'1KpENNpCpTmFZCCzJazGHhxjaky7bYzepg',b'2'
b'1McKayQNGaKdkoJnhSLWHEtWW8t9hDpan4',b'2'
b'18PSugL8MLGR5bHgEWh2GxFshLqRWJ4MnD',b'11'
b'1GfhjK6kYnPjVPhSP3bS1xuYu7cpEYxU1c',b'3'
b'1FnCPWSPjPWRRb1p7wGaaxV7JgCxaBNgqW',b'2'
b'1DAyvyioTpN437DxfJuULp9FeWdo4AkaBv',b'2'
b'1FDjxawYBuuE3gpnV4yxFJRaYtVQFHsYF5',b'1'
b'17hjk2AVC5jWAjhsrZJZSWxe1RsraUPmB9',b'9'
b'1Ps3dwTmLGRdNnryMXtZJK1qWoo6WhLjJV',b'0'
b'1G5Mp3pu6L49L47P956mvUhCPpgPbx3tjj',b'3'
b'19cvkrSj7tEv6haVxkhNoSUwMqYA6PEm4t',b'1'
b'1D4LM66YwaoqcfHF1366pqvxvxHxvq66EZ',b'2'
b'1DuGhXB9Gbq2fPemdpmZHHjUuNs9aSvAtg',b'1'
b'122xcd6oVPWheckuXxFgUHg7TmbVoTKzPQ',b'2'
b'1E3tNTEccFeECBLQ3W5mxaGVY6X3tpxZju',b'-10'
b'15AJBpx5TimreXVmSn2gNnKwherBEVy2Ch',b'1'
b'1L9mwPouZk9oRn3hLwnUiGTTynv1s1PeAo',b'2'
b'1KW8QrP6TvyhPqxqWHLXsbB3Muau5as7Ct',b'5'
b'16JyfAfvuamK4B71D4ykYC47iv7e4aUFRQ',b'1'
b'1MAP12avqETjAamCPYxbkEUioVuyX1QuNe',b'13'
b'16AXNu4W2BfsDSYTpfqe8bEqkkNpv6z3ho',b'9'
b'1AVuWC7b6L2WGTz4LserUZA7xkyRyLyeEK',b'7'
b'1BTctaLKe2mBVmkGmoRASiAFxzwE13rC6C',b'6'
b'1JDMMLiNWhy65yKRpPdqQi8ihzaEQ8tzwK',b'3'
b'1GUWHTaQHd6BfQyWK9tSiP6Gtemjdos2z7',b'1'
b'1CN7FFXWun26LTZJuZCFvm41YmnZEXUzLj',b'3'
b'15r5JSPTcCx2T7zWiS9SegBqaJMtk2kfn3',b'-10'
b'15DEmhUJUGeDtqgyzE4DU6yWFCPFvpW5aT',b'1'
b'14mcB6jiqQSgT3XGRSPNSaj4FfXFT1cHUr',b'1'
b'12yUFL6Mv5cpbeFntEPyiG7Xi7BeUTJ6ue',b'1'
b'1PNpfGesNR7mZGBhoDTQVTnZaaxneta1Ed',b'1'
b'1LW9qz7jpaxx2hKx9DBYj54RXBS2Pnp7DK',b'5'
b'1LfLJiCpmNh1VkxSGpaLc5ZqzpN641PeWe',b'-2'
b'17CPNC71V7UBd5F1nTkvHxC7JVvqrvCbio',b'16'
b'1AtREqZNz1j5dwHVMefu2et7CcCUk1CVVD',b'5'
b'1Fzypu2ygtEspVYYQyTQYDMwojuRCHefLr',b'14'
b'1ADjW8CiyFsGVxVPFE5gCWa2fKXgPt7BxZ',b'3'
b'1CB8ETnXWVVnAQ7sjWbiHvLxRatgH61KjZ',b'-4'
b'1He1KKiN6xREvQEoF4x9Cua4kaqriwmuWh',b'3'
b'1orbixxBSAyHq1tTbTV5vWm9eKspw1Fpm',b'9'
b'17dtNcB5EVkeox8Th2hwfKhEzd5FRnY37N',b'2'
b'1NUqbQ1QisSUTkhaKX1ArZXwm3gvR4PNq1',b'-1'
b'1B5SFgPBSXv1YTjTvjX564g2ecBPzKNWFm',b'5'
b'1GoTV6xGpxd8jdEosaQeHuCThxa3weiHrc',b'1'
b'1HCVRytjVBWzyd32ukXhDXvGLvu2nLgAek',b'18'
b'1GufbMruQSu9ZM5FipGxLv3CSpXdvjtkhG',b'1'
b'1KJGxHkUHp2oxik7R21X1jmSYu7MPqHhAD',b'1'
b'1FNsyH6KpRShd1YEgdhK55oqpcN9jdsPS2',b'2'
b'1F88tjiiveRCrd9dxv9As9v1AgL6WSbpmp',b'1'
b'1KjPcHJ8JBSQEJyh6NpujHUMEu711srwRG',b'9'
b'1KYdA6WYywVRsQLpQngErtUZH8GQx8aBGb',b'1'
b'15e7Lw58XggBYumYtszstt2dGZAeUs4CPS',b'10'
b'1A3teK4g2yCnU6yRNyGtLTvRL4yDbeaQLN',b'1'
b'1Jyf1GQ4mczdG3RtPNRH4MdpVEd3ouq4N1',b'1'
b'1BroCKTiCeVvvRnkkp9p6FEyCATMjWQgTo',b'25'
b'1ApCQU2uaVe8kF8wWMbN48keSMdpMTN5gq',b'5'
b'1CkdBL2jGZEv7QdvBcmvhZ6jk9rMrxjSEu',b'13'
b'1D53H3ZPUHyoFZ5GM3NeccPKzEvaj1avBM',b'1'
b'13AFkA65ecAUGiPrTFAcqbuHk7J3GJrprX',b'1'
b'18EgW8SXBDWKCEEkfWJz8N5i4N4XT1LdcZ',b'1'
b'142ujZikc23m2NWvACDznBa29hBYhHFtum',b'2'
b'16r2dFZRtm8TXctvjcvGeNW2MfiTNPL9up',b'-10'
b'1MCRLTT9Gd1TFuoc7CfVwzmD7PYu6tjSzt',b'3'
b'1Ppz22GqwFEArPUQwZPvAMEGg2PKJ6PWDp',b'1'
b'1HwhAvND2CY6WuRxmT3MX1434vxitLGXCv',b'0'
b'18jjipBzKnM83Bj1F6vXMNh7e2MgLYwghU',b'-19'
b'19bCowZX4kTpE3dirPY1kTDDRvZ1px3ZR9',b'-2'
b'1Hv3CQKxnssGMwbEj34wtpkGBvdQmRmY48',b'1'
b'1H4t9PuDMn9tZVKDdD2ngU79UUS69nMPbz',b'3'
b'18CH5AymYE1e4uX2Z3R3KFfbuRJABGLn2X',b'3'
b'1H246JhfCdGaieGZbixGPH482RBEtShzZ2',b'1'
b'1GHzNUV5FW8M1ab8UuwjaDX7eDo1XMXujw',b'9'
b'1M2bxw19j4TtbaTbxXo5ZnV4JjQvREejfZ',b'5'
b'1Lb59Erci9DZLELD3WXQTDSC9pnUW7dteV',b'-30'
b'1BFvfrquePqcQ4aa7MrSChU6p4un67iYvY',b'1'
b'1ESa1wnXtD92CnVPMjFXvggMfRjY3PTxor',b'3'
b'18oBi9jdLXrRXzmcxVitdJkKH2QFNrRwSK',b'-1'
b'1D24CVnjGNXzWqmHPij9J7JNciKMQWknbt',b'0'
b'16XGe1ScuQYtmXvppyaLc6kwQxmWSmrWHx',b'3'
b'155yKkx3SZYpgC2XsVPzDYtLcjAWFob2pf',b'44'
b'1Q5sEiZ7e1ZnNR5JNhgwxLdxbTQGUtAFc6',b'5'
b'1LAqoSLsAYfX2qEaWmdPCjPbTYDWyWNag7',b'-10'
b'13LqbefNKids124gD5axLBujB8HVdpc7HQ',b'1'
b'1CicfFpMQHcDQBo67Et4sRXRGyYFSpeX3q',b'1'
b'12CtJLCcFpVjFh34NfZSyP2Pum2sptDkws',b'26'
b'1PNBJDSfU9RY9cdhEncApxsPRYM57b66U9',b'1'
b'14KVzbro7CnzJzBhpXGpHGpPtvT2vWHfSg',b'3'
b'1J3bBV7cgw8zG4Do2d8p3F4ujfnvcC4hYL',b'29'
b'1BmucWRA1Uvn3AeLGpj5q1n6weGHe3PTMu',b'3'
b'19aWSENoLjMibCuc6zkG9j7L5sbBkxfHay',b'3'
b'1FsSvcbux4fkwWd3oY4hbY5QXkpFiKPGaX',b'-5'
b'1BmGy2psjnR3fXtvUL8Nix2285wNM7j6J6',b'4'
b'17Ypt5vu6pYiQMcQYjtWrTtoL47YqnGTRj',b'1'
b'13Qb5XbjoKRiJyZtKz2KdgUYpCVB7NoCwz',b'1'
b'1FQXWzhYNAHqBWpM3mFqA698ve3LgUBzVJ',b'7'
b'1APuGk36J1bynFbRs4dGKannxBXQ7FcQmr',b'2'
b'1ErtW2MhTk8WgRd7BURAA2eyfBpxvdWJ5x',b'3'
b'126fqtqyoNNBriuCmquknbSzZxJJjYers3',b'1'
b'16M96KzQ7DJvZ8KJcV9pFCAfrEEoQ5K4w9',b'2'
b'14pu3bQTF8eXsnz92buEHxQ1t3BFtCsyHL',b'5'
b'17YWBJUHaiLjZWaCyPwcV8CJDpfoFzc8Gi',b'9'
b'1E8nsDMB8QrPC62GgxLFy1BGS9pg2mFNym',b'-9'
b'1G3SvUoJr8rt7oxxM4DqY6kYxmnyQu34QT',b'-1'
b'1GEo6X9cPYsKDSs9C1Zc9CrVT159HzRDnY',b'4'
b'18FtmfsGjJAtybxhCtm1PU8vugP3KK1qKt',b'1'
b'1QHq2StWzsbuk17kW33D7xMkatLAYxmdsh',b'1'
b'16hv7vBvBHsqjUzYt7UXWb77MNXwpTHP9V',b'2'
b'1EtfSJf1uhK3xrgwJd752xQLFNajKywXHV',b'1'
b'1JwQZNtcJXzH1BGWZYqCh7GboLGJkD1znu',b'1'
b'14EqujHq4AaLaxXNksja7dhw3XM839RHSx',b'-20'
b'1DhcvrQTBZ2fo9WTon6roQDJSNkNhFpuQM',b'6'
b'1B8MN682e6Tb1FSE5VpcxNVJU8gB58mQPL',b'-10'
b'1BADbiTm5tYusZu9yKzYBTt4SQAN7gmez6',b'2'
b'1Cv8Z6r6sXAn2bLBpU3orQjtcWkhJ9Y23A',b'-22'
b'18giU6jkUWCtcFkZEU2JAdgiWQRgayaZ13',b'6'
b'1JBGy7XCKpBgJiAk74V36Vwa1TnDpW4cVs',b'-11'
b'1C2yT3AtG9TpYvSKNKraqfFKAkFtUD7aAS',b'1'
b'1Dguwr6aWmhxAGQ4NwshCJm25Ro8bBRRs9',b'1'
b'1AraNVAzuCJy3pFC3H1WjU5MidncqZpKWs',b'1'
b'1GRUfGwrJyC7Vye2VeHpExgMS6A2xiT2ak',b'3'
b'1HyJ5CdRNjPDf46D2BYkjNpbeKNQcvtmK3',b'3'
b'1B5hb2QSvDT1rWjVja57DE52ZswnRAqUuM',b'2'
b'1FWwEbSf2x3vqjRKRbv1k4m6AMVR3QCB8S',b'-1'
b'1AbCrqMVoWR8uv6H8gfJc9DY5jjZ2wTreT',b'1'
b'152coQw2cYazLKtBFSH75iE1SdsR2H7qpW',b'1'
b'14QpJiVnt4EWdVA2szEQBc24Zq9VfcZ7cB',b'-10'
b'17EUaavuFADoQwf1cC2GH3ifs1tmzkK6ue',b'3'
b'19DcvZcB97Q2ZinM1UNcD3wBp92AVkFR8o',b'1'
b'1J79quRVESu9jyonB2X9nCv91CivvfnLiZ',b'2'
b'18wYg5F1hScTDG3oDodQsrFyqT869hCCwC',b'-10'
b'18TTx6qBr2LTiyRu6SuLDX1SFwDCQyeJRC',b'1'
b'1778wFM1PwcDqPXfff4mr7m4htQ7JAEAuc',b'1'
b'1P8BTNNXBP3avpGvwWi5gReLJmr6YEXb4f',b'-220'
b'12kJEkMgGTGdqQ3HUebuQmz2LudVnPENqL',b'2'
b'1PiNWPcUVBf4QYujmzwLvAGnwWN8175abR',b'1'
b'1JgqajR1ubrKikkaDsoxXcuifLtx1nrmSj',b'2'
b'144nd1ehLqUhJ86Qi1KtUCWK8pabf6U4Nh',b'140'
b'1KdwVJNz91v5WJKaAV1gReeXYyLeaUqpXz',b'3'
b'1N2NHzATzPMTKAS5dSr8N1EwXudSZQibGu',b'1'
b'1HGmZa8rigNZundD6CrrTw8ddKD6TvDZEF',b'11'
b'19TK8iJ75qvJbqudvpNGf19GXCEvh76Drc',b'5'
b'1AA5gvaswNHDJknv5SLXUFN2zwcpU94kBv',b'1'
b'1NyAYmEwSyK8a2BzzZd47p7mya33KeNRzb',b'11'
b'17r2eE6gUD2KU1X8VAJMZpgQr5Fe6qEsXi',b'-13'
b'1LFLy9cVq86jxNfU27mkK6mSR1WK2WnXRV',b'-2'
b'14j7aHJkRNxxNgFPzV9Qx8PEc1MuaArytm',b'-20'
b'1Dui2uC7jCKAADUnMjXVRwTktCDVZ8ABGw',b'1'
b'1C5ArBZAZq4wzLHcdRyykxHxGPg56tmUgg',b'4'
b'136QJhqfawumiSPoeJMtiK3CqQbXZwMcjS',b'30'
b'1BWF66DuVqBCSFksUgkLtdYmHucpBgPmVm',b'10'
b'1MhaCK3Z1Ri1zBuSqdip5wGK3xdEPhyBBE',b'-9'
b'1BowRFFdcKk1Sy44xbZiqQfDJCwtvJgaN3',b'2'
b'18sMpqQM5MfwqviQVtumJqHSWXpdWeksv9',b'5'
b'1HwnWsMy7UW5BooJcDNLHSyCidT6zxnhT7',b'1'
b'1CZXjPTAGU5yqD9yX9aKZJxViMrPnViwev',b'1'
b'15oPGvQid1nydmBKRV3eDwzT3cdXHgVnzm',b'2'
b'1125tNHvjqRhJXugufppgZhgAB967jpssp',b'4'
b'1D9LFc6sJcQswHtwMMKiRZXfzRX97XNQVX',b'2'
b'1Hf5qWZzd2WsrDwLhkykNc4uXPAkykg9PM',b'1'
b'1LHSGrCU6fveqSfY2Q6Q8Cvaj1T8uvBreu',b'-10'
b'16RyiWtAcYYj8QpLmtJtmDE6vTwQ1uAF7N',b'-4'
b'1EGqPBF2nZdvD724uTCbXWKiQNFqkvDcLN',b'-10'
b'1BxzA3KCoynGMAmxobcFcUH7GGnqz1Eewe',b'1'
b'18mbcCrf6LSRBgTXEFCrFoh9PgXvP9mw73',b'7'
b'1E5KqgbeHuUCnZgdKnzJUzrYDoxM5D6McZ',b'29'
b'144LmVdmgLy2rc9dGMhJfqb4fUmGWMMk9M',b'9'
b'1Np3YJrvWZr4s1rMHC4aAF1bDbqah5zRWS',b'37'
b'1CSkTi7z5dtpHnqTx4Kpx665BYk4WE8fC5',b'5'
b'13b81PCoCyT8y2nd3KwuA325AsF8fmvcUL',b'1'
b'1GzEUhNVZPwhQpTbBvDEQe4BkdYDpw7akM',b'6'
b'16ZnBgCgkdgzGBKq9BfK4qtuvqveCLU6zg',b'-1'
b'1MagedVeZqDtU4Jh5BdgvHpcWk9dXFzZY8',b'4'
b'126HEXFs52tQh1nGKKLys2bR93Wp6d7ZGs',b'14'
b'1HjopE9BpqVK6AiNPzjN9neyZQgoeukFro',b'1'
b'154RdQTUSuQmnAEkeV3jQvuyeUG8gTXYqm',b'-156'
b'13wQn6qS3hPGabZ1G13pWnjdAfFavTgfGB',b'1'
b'1Ch2shUcZDXrU3YskYDqY7CQCpsaeZU9Wa',b'-10'
b'18mEVbDDkP7Sr8pgaot161u9HqpY2VDBQ6',b'1'
b'15bNLyPFQqiTKN2VvPhyiX8q22xcMAwfRP',b'-2'
b'1FW5fasXYgz5vZpbLHr4srAZA8UcMpmrXL',b'2'
b'1D5PkHaJdJg8huYFenV6xjvirUfr7TUKDA',b'2'
b'1EWhvHvVXzxz9RAxHgjZ8fErLrHmsxnPbs',b'9'
b'1JeSkALYWVPeGQhFvqwBXfnV8nE6TXSbrj',b'1'
b'1BcGLYvtLT5RQhsnPcpfMmjDpenfMuHB1h',b'1'
b'1F2HV7SZ8Qri9kpavKCPJ3fyW5zpzDtHar',b'2'
b'1JK5NKpTvoBQhtp9SyMqkPUggt8hDDB53Y',b'2'
b'184QZgYk2xeJGmEQLW3cRFTPCHEEedzvVD',b'41'
b'1PzjnmQ4QcoRJLBCNSkxYyPh9zeVGnquKE',b'1'
b'17jmoCeq5UZZRcqm4FZ1CjYWoa8zvH1qvn',b'1'
b'135t8rCwzy8QK9BWhMMB8S9m2MAzUpBnyN',b'21'
b'1DjrdvxdW58FbM7D3CdqFkXfHSanFcroTk',b'9'
b'1FLWLCAFWzDauX3dxj9bYeV8wf85ZWHa9D',b'1'
b'1KeFrBoTS1a5xNPeU8Qb2YQP8kChVHd2b8',b'1'
b'17fFP7pChAfM8ySChEh9PvPm9JwuZGWoDK',b'20'
b'1SqbmEm2feETy81Vci3G8BUMunfBC69Ln',b'9'
b'153vMdXEQVwYbpYBG3cRsQTyAd26eXvq5v',b'6'
b'1TPwv4VbicapkzFWoVyJqCXontDzi272q',b'3'
b'1N7Ut6ksqHJvkJ1Qa3n425683ua3aXaQuC',b'5'
b'15fTBJihCgCHtEcYmzbDWBGZQiCvoGzJ4s',b'-1'
b'12QqvBQsPWMxy1RZezu3N9LmBBXSjFpgZa',b'-4'
b'1QG1NrGFJ7rxKLqfwxA9u9qwd1xXH8fzdw',b'0'
b'1Dw9AUUp3K2TbLRphXivixDwwBS4cFyuiz',b'-9'
b'16DT6WHoVYbLAyQdkfjF69s8V4PY4wAP1q',b'1'
b'157f1z8ECEg1ccU2zisRuLndRkqXdUNDZd',b'2'
b'1MV9aqpMaXLwSrpkSuy8HALHCrmjHBYL2U',b'3'
b'1Cr8yNSWpg8pDxuJz5cUPBh7xBJjMU6aax',b'1'
b'1HB8gp82PZDWrohjCWhB11aYy4VdTUTj5p',b'10'
b'1FZthZgTgVgdrhMMA6NXkocXWpWaPgDLXu',b'4'
b'1C4FHXLJNzH5j5zhG6tF7cJ3pvPpkSAGWe',b'1'
b'175jGZ3C7p2nvkRu8iV12mBsmF5LgxoebV',b'1'
b'1Cromio9Y79ZcMhe5RHWFwZEKjbJ2fiy4b',b'4'
b'1N6kRmam5DSCJRUtx6xXjdAfLimCHXJvpm',b'-8'
b'1KwbU3BZuPrCkn6iYn48RrTBSxbwH9JGeZ',b'1'
b'1P756zbL97KPQnXMoTf53uD2Fk7F4h1DyS',b'2'
b'13XsfBNpNFFqBwkaPnP2955xKPGt4rwDs4',b'1'
b'1CxPbWfThW9BJBpUX8Z8sDHLzfak6VjML',b'2'
b'1EcysP9UmvyW1zdD75noVdb8BVaRA7ZC8h',b'2'
b'1LFSEkheSbmX6ZFcx9KK23xiAx1GGuDQ5S',b'23'
b'1GzmH9mepyj8cjCWTVBHzZgJCynBnDuCr6',b'1'
b'1N4hMoDUDD15KpR7Q26p7nDhMDoh29ZPQU',b'1'
b'1CnXju3K3fUKtY3XTUBJftYkZxayhijcbc',b'2'
b'15yF72Moej8jWcFcFMn9BdCtNzss6WxVEh',b'15'
b'15eAT69rN99PL3d3t2iPL27AqvknL1zYb7',b'2'
b'15kwZ613CL3XBWUdwD8i7qzWpE6jmdMQEw',b'41'
b'1C4zMBfw1gYCN1HWhRV8sfjpJksgWtPS1b',b'1'
b'17Ldq8yKuTSqGadGJsqWuTFSm7v2va4sgx',b'-18'
b'1MohDmfFn4QV6mvE7DoqLUGMMBPGUzucoq',b'0'
b'15mvwSipB7DQypPujdASxHmVVtDZ61AaNG',b'1'
b'19e3fcoLTu8YVFAU1NywJ88YnHH5kF8ScP',b'1'
b'1KSoXHQFEiBujfbg8xXzyFLHm25ScfafYo',b'1'
b'195SvkGp3WNqqqEp1pqw8PGPegpbrMcu84',b'3'
b'13ZU7vokuRPvVuyyPqB5R6bH2peB48wKoR',b'1'
b'1DiBL862tsJhBur3G5rSBdFDPaPqC5xjsA',b'9'
b'1Cb2tfMtYTqwKNtSshSkv3uoJpF9U2bV3j',b'13'
b'1CbPZfJQcbUaeKUrfnMNeZXJaoANrNNPHi',b'1'
b'15CtecS7EGUqB4jQAm2fhGSyfqTjJ4Ym84',b'-1'
b'1P2mQxFAEbaCRQB1ARc1wXNjUmjHQWmzyW',b'1'
b'1BJk7piruuUFyLAAJJFF9Pr8AmV1vTxncd',b'-14'
b'1MGw5KrWBpjLepdPRwNm3Joj7F2mvfBVGe',b'1'
b'1L6mydTVz3kZLLcGy3b6fXYXWwocRKSnD6',b'71'
b'1GVnwPF1ErTukWDoC5Phh9dMcBspgoiT2f',b'1'
b'1AYssPD6trbwk8brnY1ot1TEmKpKscreZd',b'6'
b'19csAKNMoEU4wvQtdEY7oJ8oXz4MP1yreT',b'1'
b'1BrJdyQgiuhgShSAFoDoiHVFxLhys3V4oS',b'-20'
b'1B8SHFK2w6Akgq3nQQaSe3p8bcrXvighdP',b'2'
b'1CDsLLaEw3GkKt3eWwGGe57X6n5nJLqR9m',b'-128'
b'1CzQ2uDkb2CYCckemCkYQ3AqjGEtPsAgwZ',b'1'
b'1DUongN1W2RLLcrHFwgFYfk8PmWe2AkuwQ',b'1'
b'162tq4T5YQ8q9JZrunnBDhGetYyLuwVGi5',b'0'
b'1PXwoDMmLqfqpezJ6SiA1kVk6KqitzNKvo',b'-8'
b'15Ke9kmuPanFjvLMrHJYvCVpuBG4MmT5rv',b'1'
b'1AwxdgLaQSGpqbzf7vKjQoFyUfhP2Zq5xR',b'1'
b'14J2LqbUGq272qcW6F3YeRbn6zGDwVPC7u',b'-138'
b'1GWQzpuTaSn2s6GBchdNTZ4xo4VGceF6D4',b'2'
b'1K4ftuixBQqg9zsBiqJxJZPBs9nArN3Esh',b'3'
b'1CEZinUXk8BP4VC1y1oNBedkisVAjhz9S4',b'1'
b'1HQ6ivzVyYMWXKjBSufUkj1WfFEMjymovd',b'39'
b'15nctYywHaQvUnKrCrX5qRQEri2RxwJ4sx',b'2'
b'1CUtzR57bjrccBCHAWd4XGHRKhAoVEu9FN',b'-9'
b'17MDpjL8kwgVUYC9nu8EJLVAofevuAQgpJ',b'1'
b'15zaza5MRaN5jfsLLe3ML4NiLKytSHif4y',b'1'
b'17CxJTyLckH1szeFhhECShpJ4ZR2hHAJKc',b'2'
b'1J32FuJ9GD9mcCazUaVcPdpSiAK45BQkyY',b'-8'
b'1N9Hte7iNSXfKR5FSCzJ3Xdt8yXahmQfJk',b'1'
b'18CcKvTYJtWnFRfB1VgVdTmPK6CKUQaTrd',b'7'
b'1KRmBK9T4EqP5hRHR3q9B4W3w15z5hBxSS',b'3'
b'14VzPVgXgEKH8NgBSSZUfZwYKFKsG7JycC',b'1'
b'1688CPg38WHKB8njuhii3caccZqdJWFWTn',b'1'
b'1MvFMmAT3uByMAFjHSKu4JvSykMSmrcFkT',b'-10'
b'1Bc4DhmXRvUyeuwpVDxh8v6ZL2aT97TUb4',b'1'
b'1ApXyJ15dCDbH8rWieGc9tdAJFaz63fFcF',b'1'
b'13PLvXHAah7DxfNzBWU7q7RgFLF19g9bxh',b'1'
b'1HW7PeUcyCYT4U71t4kZ3UK8gf41zL7wXC',b'1'
b'18t6wyfmRJBNSFLrna5PAA6dZhE2VEvuiT',b'33'
b'18QVtu1dpvmVyygzCnKJDxvs34K8EqbqoF',b'2'
b'16BG6DT2p2SMtKJGGzDARbtvjPFJikzhXQ',b'1'
b'15T16bVM8iFKgrk3x9ACB9X4adGUUxEeXK',b'7'
b'1MYUmZMPUCKiasiPQGPnGNH8JXeKNaGWkk',b'37'
b'1Q2RBLMgsGrUBAwYTa3zT7RHaoGagFoGqU',b'1'
b'1DirtycatzdoC8u8DaMsVjWFfYvyzawCGe',b'3'
b'1Ew7fpw24VG3qhE8xAPk9TMJ5ocYSJXGdB',b'2'
b'1NP9mUnwXSEzujQhw1tW6nrWiVazxw9Jto',b'0'
b'1PiRAtagLRozJkCtkHEbMgbWYeRNq6MPEV',b'1'
b'1F5MUtGZ7rPVQgTBFceACyxp3HJZDYRTiw',b'1'
b'1JoR7sWosNxoKg2C3CDouFkmNxqVkPNnzs',b'1'
b'1CM5hB8JLbPjxgNtkcjS1DYhNx8GAASKdg',b'-7'
b'13jwTHdqaEFhwWqoTAehvNGBsVHM5wdqfy',b'4'
b'1HoCcSohghhccRcXboy4kHBbCHswtf5JFv',b'3'
b'1LGTVaEyFSC716iAoYFRmNnU1uYtpdgzip',b'6'
b'1Piz9JsEvN3aWKg5PNg5svn8RtcEW5hHsq',b'1'
b'1B4FyQDrXGP9iahnR4isTn7MW7RURAtk1v',b'1'
b'1DFfX7dfpHokaP5pzNm9ue4w17nCrw1FV7',b'4'
b'19wpwd38VxVbXs8urVkyoNhFuqu5opA3E5',b'1'
b'1AmvFM8D4FzzV1MZjrquLdfaaSPr7KHtTg',b'2'
b'1GPR85jKxcfNGmk5xbsGbrs387Xzc7CGvV',b'2'
b'12QqeGk4eHNgc6oQVuJ3gFMa8WoRjNb7Ww',b'10'
b'17fWZT5Z2TUCsJzLSKjn1JXHMqCEjgNHFj',b'5'
b'17LcSZrT2FFBgMvrneXKNReiLhC6HmVu9',b'1'
b'1DZEmARh7JuhAEZogpGCfYvEaLUNhSihLw',b'5'
b'1PwPBsu3DBQjFPRUxrZGAfmraTh7d897Bn',b'2'
b'14iJSF4wdA3u7prWobk4GEbREP2HmDBYGp',b'1'
b'16enLNABs6BRVv2HFVknSx7NaWFwGofHLU',b'-1'
b'1Lq7LNwkxvGRCTDLH8eJNkRJdUwW4YW2wF',b'7'
b'1P8kLAdJSU48WuVTwx9tGKEv7iAGF6ZosZ',b'1'
b'1GRfeAwtXv1TiB3pHHYSskFys5s48WVTrM',b'10'
b'11AFuNXUAS3woDroUtXLv5qLkQ2wUkvdV',b'1'
b'1LPT8fcnA1UNrnguxHYRc2Hmfue7NrF1kr',b'7'
b'1drdootuXTRbJeyjYKT7tjQMAc3atWMPU',b'3'
b'1CMZyTdFrtPevj3mKQksKtro4SbJ1Fo1UA',b'1'
b'1DKiEFDg5xC381p971iSbKsiUzX6f7iMfx',b'-10'
b'1Ky6RdNesUo88xAAtz6yXLmubuGixZQugU',b'1'
b'1Ku6EeRJybXi7qsqLMrYBh6u6o2HF3i1Le',b'-36'
b'1BMjWqNkLAQHExAJFuJJJCuMfYcyQ88LU4',b'3'
b'1CC1czStqXhohnXyGVJdjs46noNW96cPVy',b'9'
b'18ot3p4159YgdbAWCjeL9CJhLUR5CiQKXq',b'2'
b'1LhvHnHWJbW7fZHw18PNZNjKJy7CYXigrJ',b'35'
b'18ggZ5pD9wkKxxDd1eeiscSiY4MSXH2WFA',b'5'
b'18Ur8K34WLHJJZD6eh262oe8x4PkWSySDb',b'-2'
b'1A2EQNg4LHwf7txjZujYyjYojNThaLuvLX',b'5'
b'1MYRkuLv4XPBa6bGnYAronz55grPAGcxja',b'4'
b'1DakB5b3kDNUcvxfs4VBnqgMgJM9XTb23r',b'1'
b'1HnUbSbeQ9JR5j3NYLZFrCwwKwDPE56GXC',b'5'
b'1FkoK62tXJjujm2KCxqRTMaeY1HSQp9qfu',b'-2'
b'1JoecooLw8qohGrFrmhCcPN6Gw355FjxBc',b'79'
b'1PYip7nfFruB2DpBtUi3u65LMZqNyctx4k',b'1'
b'1B877v9NgcpLnZwPDthEonCR39Jxnp5LPk',b'2'
b'1J7vAzgzef7iD2eCZvCQ6Xk3myFUGwr8Nb',b'1'
b'14pvwx8BD35wcfwQTzbaMPH3qenBhWzaoy',b'10'
b'1FreenodeMrq7gKn91wR4meJKEbi9RNa8M',b'3'
b'168Zn1Wziu4uZzwjNKD31thGQ74E5dZxHw',b'1'
b'1Fgd6dQB2Nc1CSYr3XictTHjLGYc6HU5GM',b'1'
b'1B82QHpLbZDgjkur3k2mQ2pTfZqua4WQQe',b'5'
b'12y2xSB8dqxi39wNNJMSEnqSMAjyntBcRF',b'-2'
b'14FmJYsJTyqqaPnQH57YCUyQwYxzQGD6Zx',b'2'
b'18GnbJ2wgXme3L4HKz1JpRZB1gLYejv54',b'100'
b'1A3wniEyU6ZoV3cPvaBsQMDRSgnbxmB1rN',b'1'
b'1Vmtw97c9TvJmERqtSE327UgtnbAScKBM',b'3'
b'1GqzziGuzQ8D74RpQFUJDEbc1dyqfjkb7b',b'2'
b'18QdyjkTKwx3iGYsH5jXCz1kQqNiTdzqJU',b'1'
b'1D7ZD5ExukZCVMA6Df947wVNe5Yecxsvkf',b'33'
b'16Z3odH67KT9kuzWHPakhHMQBqGH5DU1y7',b'10'
b'1EtU8vTtqfVFBpkRzxnoRU1ELCQsvo5YnF',b'-4'
b'14n31ZBbiyN5rMMCSFjENFv9SqeqJG8UAJ',b'10'
b'1EbdqJA97AgHm1DJuTS2DsuRwNNzPCiUnF',b'9'
b'1LAi1AKhs9RmUNuRzQbSFp63cAt1RFiSf8',b'1'
b'18r18952M5TTF2zRpe8yXGmvGuVjmxyTdi',b'5'
b'1LGgCQnBBvjQWF9TfDMh8R96xChYuh1ARH',b'-16'
b'1LYgjWpBukjrUdqxbFX6YZ42yvUWFpTB6S',b'2'
b'1HbHJ9b3X5xcSV2fYxDPVv8nG6jqiwB9WP',b'1'
b'1G716zvM23UxngKZJvFtAZUnetcXJNufjn',b'1'
b'1CqyNQbHvYpuNJBgjU9VUwvGsGyYTkUmx1',b'-19'
b'1EKh6x4uzCdvU4viqyVQJkoiSTQGw6AJtE',b'37'
b'1EponqCpZf7xUfxzUENHHbowYpZmMm2qef',b'4'
b'18yx1R35iD1m1u3242eG2iWoem5ypHZMuh',b'14'
b'1AGriCoCBRbgca61ZJrqgVt78HJ94QXNcg',b'19'
b'12BNMZiCMhfk85e4SR1FaFJrN8YDLiQ6w9',b'22'
b'1DLqi9ZifvwipBqY3G2gfgd1WYwHSpLbjE',b'2'
b'12sPB6TfGZnErt1Z3EhVj5Xv7oQf1Qni7Y',b'295'
b'13PdhkdrETidvUwP2SU5qJJcxFRURLwR8V',b'5'
b'1NrJViyszD8NDmKyUfiSfiGUUCZ6jUU7jr',b'1'
b'1A7uzjMQPg1TZ14cBuJHgkjbm4zZAftefY',b'11'
b'13sxfwMjt7uCpJxEuAPK8Do26iPCBi3iRG',b'1'
b'1GhftWasUQKcdYzrmsh3B73MqSxNqVXuwh',b'1'
b'1Ka9WLMQuRJDBZAERv7zZqvWFUMiTNnkak',b'118'
b'1ShermUB5LrqiYyQwU2J4N8e93hr16Naz',b'-2'
b'12uaoXUfXLQzXe2jVTGBmQbTuCktmWn3tP',b'1'
b'1Habp1NZJS8ufsGM1i1w3rXXSHnZACSGbe',b'-20'
b'1CfNRpLRvmDH8v9ocQdSHAyNBvn2hTks53',b'-20'
b'15EHLRCGYGmz8AVu5tYKXaRBQfkNR2qLDm',b'1'
b'19bnTbh6pURgvKt3sNNp4ztTszcBNPKMWK',b'3'
b'1G6oPnyi6ry1m8fjK5Fo7HaN8s9X6v4HkY',b'-1'
b'12JXrgoDkyyEKDKvfMKLx8w52Jd9Q87h8P',b'36'
b'1As9MB3WtcPfmvFELdQEtFLRJWsftxN6jb',b'2'
b'14736gAy78wwLhe7kK7jS4uRvDZFQSFp4K',b'3'
b'18oBYkLnv7LcXae6NLk8R7RdYiE8USJe3f',b'2'
b'115utpyQqVQo6mxN6o6jksLMjGqJiJ9wjk',b'1'
b'1EB4Y5gnUUCvX8aKYeTuMYsT9LxXisWu52',b'1'
b'1PS68jRAnNV3tpysrqCJw4sCRDkeGAbh8g',b'1'
b'12CRprTFdCvApc6sLM9xVDzQzZDDiySdLg',b'1'
b'1BJPL577fX4j7TWXp1pPaYYEnFbDtoyDeu',b'1'
b'17Vxwf3YiZJYnDp2GW8pjsN8MB9oyqB8Ea',b'1'
b'1Cy31nmLTM9jiovAm5rR4sdAezhsEgQQPR',b'42'
b'1MRQKZVzFGYQPZj3hsrWrQMbrUYXyQSNYZ',b'2'
b'1F8kZAuJtjTRBwnbqDbYssT7KVWQNCNoea',b'3'
b'15BoD5q76c6gm4wFrd27GUcZRMDdyQaFUz',b'1'
b'1MXuU19re7H92Emv4yt6EsL6yjF32Dp9yf',b'-7'
b'1BpTfrZfApGQaLe6GAdoAr9Ah5XZc95gYD',b'1'
b'1EwGVdHnzkM4MF1CNvtHgEBMC5ja6vHC2X',b'1'
b'13fmzfVFQSuZ2vcW9dJGHKSkFYdLpFVSeo',b'1'
b'13AxPeQ7bHu1mXCYBWGPUpRGKvzgQykSvq',b'17'
b'1Z5hR22yV3FDnm9ruzofS4D1aV6KEQ5GD',b'1'
b'1C7TTsf33oLHtvnZsT8EnnoGVKNwB9p7NV',b'1'
b'1PRiKDQ7T3usX2EAJwZ2N3zWawb2VfMYj5',b'18'
b'1KYfoXJEzaVXwP8qeYYrJgR6wVbiGkKzhz',b'2'
b'11576SdwzXzY3YTCtFDiu1iAgz69iBemou',b'2'
b'1Dc4Y3QvaqJ1SVNDGmKYTRRYvA1gdkBcYK',b'-3'
b'168WXhArv7Fasqvi2xm5MQMfLhG18jifMe',b'-10'
b'16AfgPuiTdJ1bA9cBRvtjpiGxgqo4TFppM',b'2'
b'143uRaUTzCohA496d3xH6uEFTjz6oJBmcS',b'-87'
b'152YRALPub4TESDoXgVu4Y5rs5DRywZxso',b'-89'
b'1a1duryzehLWvgmUtn3nVr7dY9231BrhR',b'1'
b'1NHMv4VxQUBQByiYWhwB2WXoyfrG7t9Qgy',b'1'
b'16im1LcHYDykdiqVyHL5wisnsmqfangyCB',b'1'
b'1PziRQq1BfusEzXZpvsygx1Xr3JPpKen6u',b'8'
b'1NBXNNNdJKyXF71PVimLYkDFXqnGhuT7k4',b'1'
b'19KTtB5s27aqXv91GKWw8hvTH97zAXGHc4',b'3'
b'18nAftZTnH4LjY9fPPow1aF5tGD1JiF7ZH',b'2'
b'1LVZ8M7M6o8xq3jdGdXM6SVZvy4uRqw5d',b'1'
b'1JVhoyaUsKVeZ4eKYyonGo8qEfDdTai8wY',b'1'
b'15EKpcuKRM4C4jbiqKwEKYTY1197bqhjod',b'-8'
b'182cE4iZRxHV4XMJpRibw1Kmw2gd8gSUHE',b'84'
b'1GzNAv1PsKK6kgAFbBAS1W1ZnktDhd5b3R',b'-9'
b'1DxD4VPvXKZhHUAzbhd6R8oCCBnKYAbTwC',b'-2'
b'1LueUfk12XYhqW73r2JKGoPHszB646Teac',b'1'
b'1LWCyCLVVtzKAYRSX2P8QAm7DmzMMEVfxD',b'-17'
b'1Tuva5A8QUm9qo4e5KXh5fSHwkBDz86qD',b'2'
b'1NhuiZDAtFU3RPUb4TRaNbfwpunvVeu3cv',b'9'
b'1Ppuj2kBfbc8dPpB6grVppVCzMDYgJ9uTy',b'1'
b'1PMt4WdWi4qKfYigT5c4gomYpU8aasNifk',b'10'
b'179iXdpVGjpNxWz66u4viqGk78qh9nPMy8',b'1'
b'1HASs5gHU4EjXRT73kLVnwXsYsHZjnLsqT',b'-8'
b'18ACUZdDojjoP5LFC6MggRJonJsGR5tSNM',b'3'
b'143VTEi8hCCw9wzBXJqZYifMLtjGF71HBN',b'-11'
b'1BGUAeSWJkZGLigQWiHeeU7XCktg1oWZYC',b'106'
b'186CG6crDhxWYGVYeAGQHrdKXzEATywWzp',b'3'
b'1Z8gVcdjVTXSfZJuMKEZYFTFKaK8i5FfA',b'-5'
b'1BMrDBYPtEEmYybPk1bj9BcPHk67rfetNU',b'23'
b'1Ln3bv2PT32SpZJPvbhZ2dpKjNJ9iDdYsL',b'1'
b'1DmG1CCojUfYEMuxuNnAhjRkCFnUCxW4r3',b'31'
b'1Gu2KULbvH5gB5Z6jdAHkzEf5DCXUhrr2z',b'1'
b'1Ew6pTerezayhQNkVZKqVgvt2jWNoKKaEd',b'6'
b'1PPkZiUp6N7NtnRPr3Q4Xbh9ZoomzeApYt',b'1'
b'133A4LCCUGsWBbBe3gqSeDWDaNJRRi9ver',b'1'
b'1E9oU7v48HJe1qr2KwJZvQSVndd8WQUc76',b'-10'
b'12Ap5QazS6s746raVkXFPzgrJpx95Xp7LN',b'1'
b'14pZemAQXg26r49pqQdWupF6rV3QAwc9py',b'1'
b'1EKY9yvMGmfqTtCtZ7FaNrHcrLjSEXcHHB',b'1'
b'12khdF67aSLeh42znWgvE1KgSsPAoAuNr4',b'4'
b'1HXoPxHPbmmZXUTqyn7riEDhPU6iDcv9g9',b'1'
b'1FVCWYp9XpHqgjURnynSFXraHZL5wh3Dip',b'1'
b'1Nwvx2oK7QNdPtG3G7mjgCmkp2S3H1vVDv',b'1'
b'1BHYPyMVhqu8VCSTxeZcftfLxLASjSif28',b'16'
b'1MG9qstmr6UjrN6brx4uDVXRNHSr9Mjy7a',b'1'
b'1J1cx7A43kLKWnQiX4WRiMk5CCMYf63jDm',b'-48'
b'1PJKWHHvGXTMeHpbuLK11KpvueW2c4PteQ',b'1'
b'1Pv3sV1N3KmzJzGFUz7zuvLJP3XruL4Dxd',b'2'
b'1FWzpqXomYxunGCSCdUW8QpXR3iD9t7xQJ',b'1'
b'1KY9mf7EEMngqaZsVJdL32PGRa1muhepA8',b'-16'
b'1Lkw4FrFB78vEbv6CdArzmYGi4PQi5w4M7',b'1'
b'1CuYondJX1gv7j2VEt5oDmNRzkFcdinHdz',b'-10'
b'17shqXtXVK47rax4fEXRTVq9tjfzRbXEHf',b'1'
b'1G1D4CDXmuSYeEytHCaEurBGRg8XTmmpgx',b'1'
b'16AQ4RSEyyKqZ9sfWzBUHi8SyyoDC7TRP4',b'7'
b'18S788QknpfsQMNjhW7HvBQkKwDmMsCHEQ',b'8'
b'1GHEAcUyYgkHMD5mJeZPj6bTPKJkFBqhzH',b'2'
b'1E5nDD2WvWSpEP1kH8mRdZJGXh17qMeW3z',b'1'
b'17qH715QdpeKLopoKpEXKTCCJdfT2AaRT2',b'4'
b'1JYHAT8rdvjttsdAo6J29hThrvmueLHtVD',b'-19'
b'1HXvSP6M9frSCcRXy1PPiyvRV9KC8vhVpY',b'6'
b'1MdZetHwDt8SJjVZSkG9GrRdJWrXizu9RE',b'-18'
b'1MmmhhhF3jVmbf7EZEbMGYuJxgeYzfyF5L',b'24'
b'1MY8MQTVCa41kzfvSz7N3TJtCnv9bMk8Yv',b'1'
b'1HeJxA5oTd2tPkofQTqjxN77VmVxQB9bZW',b'1'
b'1LrNJcyhpt5WYFDNHoYXgMKo71a4yfZvHb',b'1'
b'1Fd24SCvdhmePEeGaaBUfztGBDW2AEZEhj',b'4'
b'16MvZGV5bjT2Sc8G7AQh45bFxSVfXEEWTo',b'3'
b'14FJcW6cCJsrbEtxkPjcVjBu4GCkrNMDse',b'-20'
b'1Dc4ZCXAoDU7rdSNfukaCQY32PEcESWam3',b'1'
b'185vnx5rrVy6hD8mm5EkStPwjRUxysdCAU',b'2'
b'17SBByzgtjP12BvNvU4t2VANYiutrsQpEh',b'2'
b'1B5v9XzuE8BeNfnKuQAcbYNB2BKgos1ojU',b'25'
b'14v5rsMkN3EKNLVaUAPyVXB5m7qZRGuynT',b'1'
b'16sJ7mZm2EzMKEtD3iGavx6vWndpT2AdNq',b'-1'
b'1BrASUAbyxpieNdKYpHCPaoSHVeoYjF6TR',b'1'
b'1Er2fQhE2nBpCVrMJm6VNxZZAMdWevu8T7',b'-29'
b'16zBaxtrv1dA5oBsBughQH4AdUkVncmhWd',b'1'
b'1JiRBSpkhFdeoEemHvVsw42x7B7yLmDc9E',b'2'
b'1Ey3TySmVczxGqHxmrn74LBu9ABEEvpnsw',b'1'
b'1JJ1grXMKKmV48FoGraxU5S9mxscLLkTgz',b'2'
b'13xmwPLrENHCfcEHoQs69HVTitRuCJCWic',b'1'
b'1F4eQ1ewthWRFFXTsQQpSq9znBAmEXv2zS',b'1'
b'17XUTxh1yjQqr28bgiu9Y6epePPtHc9gG',b'-159'
b'1JA2WCzXuNg6YpAhu1dQxg99gxUxE8Xwot',b'4'
b'19pk3Ph2iidH1XAbFugpUn4CmcA2FxiLks',b'2'
b'1Gb89tyJq3P5K5M3GcpFvPrMsw33cik9wX',b'-38'
b'14mKLTFM1RVusZVUkAaeeEhZEPdNFLw5KD',b'-8'
b'1EZRntn1AHzpSyQyEFw7j1adr6vUYU7WVu',b'1'
b'13JREfjCiLMmsgGQN8NuutbZYjd84xtj6f',b'2'
b'1FEEx7Qd7jgNuuWAaNqjCck7tYyLEchJ7y',b'6'
b'16EaLn7AKjw6QEVg767mSpgzw7uEj6yd1e',b'1'
b'136N8zVhmwT23gruvUxA6x5NU41gVmad3Z',b'2'
b'1QJEi7huMZDM1QxgWUvJ2D8LTWGsFkdcwq',b'1'
b'1SoLtySab29J2tAdF2x3PosjnwWF37wEY',b'2'
b'17mDAmveV5wBwxajBsY7g1trbMW1DVWcgL',b'1'
b'13WCR4o4kd1e14ZRcGxZw5ESZwjLkNY7iS',b'1'
b'17XRm68vDigUaqzRS8oPknUADjCvwLmavr',b'1'
b'1LsQXsiFMkN1e8qMVc2X6zPzD4idcA6AVy',b'1'
b'1NimdaiY9RGwM8cSvus55Hko2NiTaxFCNX',b'12'
b'1PMQbixmH2Z8jTbeyFcpV3EmWGaaaobmKA',b'21'
b'1KRzgGVsVy6T6oMEQMF7ZrTLVV5qR69rf7',b'13'
b'1BeirdoV8gaD3o6GaSW5MqAHHiMcsZkpPi',b'3'
b'1BfB4ZM622LajLo95Eo543QvkmvA8xiX7k',b'1'
b'1GBqJ6VUpK3sbhswA5WpHJVmoo7zyyYdmn',b'3'
b'17YMf4xLp5JvAHn6M7bJZ5MiSN6mKGxnKV',b'2'
b'1Mh3qverBLuBW8gRgkqHKLCFAHikqvPNaZ',b'159'
b'19KjbH8xkoxYMzYRx4wobsRFanagaAwiVm',b'2'
b'1ZiGGhCnLmhj3kj4gYRSVdYC1Qs5UysdS',b'1'
b'12HCuxZjJ2ndXLM5P32s7D2XT7N1bGz2PB',b'1'
b'1robankZegTNW2RptQ56q594QMKZYfvG5',b'1'
b'1CUKzfRarQBUZ5BhUDExGzHDDQ2wERrMHH',b'29'
b'19GnS8n4uiKhhLsHJUtk8GR7pPZ6y4dyjZ',b'-2'
b'1CU8KRSTcrYKyjfeGRTjpJ1S57jViwqrnh',b'1'
b'1NprzwunoPBTHnuHvsdJ1tX5qPpPWoQfmY',b'-7'
b'1B2VJkfVHESxncVn14NYKXZNqJsjJmMHj6',b'1'
b'188PuWuZ6Aa6LZEycFy7t8mu6aMAGcLv1u',b'1'
b'1GKDhSQ5PinMq9uArQwGhcvvHdNBSX5WuQ',b'2'
b'162zHjTdm9pJxG3VBJbaYCyafS18Av94gK',b'2'
b'16WJXxC1kBnVNYdkeF3yyAniCK66ppkhcW',b'1'
b'1GBMbx6chhAG6reZt62K289RdphaAJx3hB',b'2'
b'15H1RikXhRYMwNmY9hVAswdTkRYUSankDG',b'5'
b'1JkGdDueHLNTkUCtGNEHPBdxuKxC7jixBR',b'1'
b'153MZbMVJcyT1Usc1K5BEroe7zGj4rShy1',b'1'
b'17YFEVcnVctSBNMkM3pUG7SN62HYnYsan3',b'25'
b'1Gz2VT5yK8afhR2WNrTkCwJcEAxddgHJ2t',b'1'
b'1H3ktPNRFfTesESHwvKXcvRZRUcyoAb4Xv',b'6'
b'1drekkfqPKcasx719JPscH2Je51vPYxL6',b'5'
b'1C6DSD4DiPXdjV2NLMwL9vYZpyUSvKCnQn',b'1'
b'138poFEWdRRa8L7Fpb5oQnxRGu5cSVRR8T',b'1'
b'13oJHQ4Mja5b9pmkMKHp13PskGfb7yS7DL',b'10'
b'17tdmnED9orHzM1n4bfckGc7mP6SxAc7FF',b'-9'
b'1ALgEHeJ3fCtBfLpcsxfqjLqa61HrmPBYP',b'-13'
b'19pxhsZgHLkorfd2pKCTFBDeLrwAhe8Jw8',b'-9'
b'1H1AvLEmFwVXvvTqYfXwjbp5hBqvJQKfMZ',b'-35'
b'14hTyrZcLDwcGjbFXpNhF4r9QypLnTK64d',b'-130'
b'13MsepbQftqJ62t5Ljvo9CbWmEpPgogetM',b'24'
b'1Cbn224UpGy8NfHfK7yAmAVt9hSndLkYBe',b'1'
b'15MSQ3YYvPwJzxqBcfSHGWMsgkAgyEna9M',b'1'
b'1GwVjFpKnGmgoaTNLDwmFkLnBuwnrfRhTD',b'1'
b'1MX1Q7nxLAgYmSKf4x7x8jy8jp8jLYiXzE',b'4'
b'1Gcbv1CWjbYXHqLT3AEmjds5hSdG91c2zS',b'25'
b'1MetaBANKUZ794Lg2YEcp8mYSZQLk5KBAM',b'3'
b'13ipnudX9vBDyJMDmTMu4Xd8mvugzaBBss',b'4'
b'19vux1w3MLG3DwbMgyDB4cMgPhwB5JqRhB',b'1'
b'18qYgfJWRiYLLnmqGvKoqiCQMPRPsoZ6F7',b'3'
