1HfXSbQDfygMCHUr1oqTvTB5QwLM2n9NXX,2
1BnXhekkFKF13utCyB5cy4DeK5K8b86mAh,1
1NwpceSdSGbKmLmJN4ZLeiBBoT2bpUaKDZ,3
1DdQqHWZnz6mBYw6dRVVTkQGybuB3GkjtE,5
18wKkhK6gFM27MvPtqPCVjksPnPfzDV4cy,3
18DyRaRCJdRL3hAiJSYXPzZjG3cgLvgRw7,-157
1Fh55vjPnHuynCaYr3vWV9JxEYhJvm74MP,-20
1HPJPMUrfgFwJPnbWrWrU3exg1kmi5oeYQ,-44
12ywr3p72pPArKAzqVGsJFM34Z6bbMdhYv,-2
164Rb4TARunbmtcCCJBsd7VgicyYDi6wDZ,-10
1K7fJcaGKopzn8yu6mQPybK9ykHbJWRjPE,1
1jtjY1t5QyEa7rnAWXWwVydcZqYs1nAa3,7
1GLzPPEJxFa6J52a287StaSds3pUuf1QSU,1
1J5GEjCRSvmf9v2bC5zryXU6pHrVRvuEqd,1
1Jqz89jjrD9sXjg4mUZaXXByViLEMsLyu,1
1NdZbhNTU9ojCW65ToV6x52EAz9PJEBucv,-11
126sk7iyVPjyVQGgdbNpWvDFc67YxJgKjL,2
16cv6gTgN2U8DfKxAg7m4pDhChxQPvqJoK,1
1LRpsUKw2QYH4smouzz4dih7dtv1e9b7zY,-10
1KP9brmuSk4SbaPFxfipRJfewc1zvGo1gj,0
17kAbXus5hP6hR6snY6r52W9PNiBu6HLZo,8
1JZMeBdsRXJQdH7hwksstCJLww2Qs4JhDD,-14
1JFNNEtSiU9GnAA9A1DMJnTsL9yBt7kpPZ,6
19hLaU4hmd3kTWLscB7PtiP9aEhiMsnjEN,-4
1E9Jp2Ez5nTwLudLs7a1ZnCBKiESqThZtd,3
16vya1in7ZXUksxLpRnatSewxGJ9LGzeME,46
12NaJKDbXyBbe6mAosGVtXqsjNwdHFJF6B,3
1G7PkJ8jHgjNBZWNxU8bdrJqjHvrfzW8uW,1
1E8ydXZKFLG6zHdcZoRjRT4m4AYgYYjyAi,1
13xZ93HKkiJsRUAWqusHRLpE6dGsnEWzrn,3
1DLmEnM2UL9Ji1zsWwGmcBoeywnfF1Ar8E,2
1FeZXDcxSzdfCN1Svz8CSX5PbJDh2neaNT,10
13ujpBcrJKaDPGVqXYF6uHx1P91LaYQMVz,1
1BitsG13wubXrXA1mmUGC4PN5MsUD8ULVZ,-1
12higDjoCCNXSA95xZMWUdPvXNmkAduhWv,2
1KfucF1r3HQcrFgE1HsWTyr2NoNfW5Zh2t,1
12Fv4kw4jqUGtvi3ZTDBYfvPsPZ1BCe5i,2
1EzXL7SiLPSTnhsv2C8s118DMceFadjoxk,-2
1MyWssMFfXRRjVrMBZ4VZcuWPFTYNhnGjx,3
1K6rcPwyTi4qXjbM63zQs81h35yfs4mFxk,5
1Mht7sLBh3t1XbMP3aZzYQCynJumABuCPT,7
1D161r3DGRePQy97sGQaN6mtbWEjz5KG42,27
1Hcgxcsdu6gPUJzmpNeVdt8d7NxdbMQUz6,-10
1NeWArjoPgAXeZxXo9U699mqgqQ6sLdYFB,1
1F6japiupoWYdaf3CFbHQggX5C1gaTgjoT,7
1KqgnKNWKSHJLg6ncvS7PC58c1pBGVUxDn,19
1sharpSrMinBN9bdp6StxNqh3ggEyRbYh,30
16LyYPyPn8FtoetQk9RnzUQM4AEuE5KNZ8,4
1LzWUfYAspmxMhSvYpM14TvihF25Mniyw3,4
1AniHcBGniKv5exXybwnMmanSGNyVYesiu,13
1Grqcp4cnaeZxcsVGaHfBDuso5SwnCKdgX,1
1At82WWbtqpSjCNro2KQDmTW7JtrBbWpz8,-8
14huaiQ42SX6LCqRZCY8t1YVWDrnDctuS2,1
1Lay2HKvXM6MtLab2GvwmDs9KfoshkP4A6,1
17Xsz7GNzq2cxqvyTXWJ1svmbyTJqQAZUD,4
1AQBG2A8qyu5fisZa5cHqBKYZTEvfHVD9Z,13
19muEP8JrPRSVbF1gzCtznttyASB9BxN4G,1
1BoQ4jiMLR2JFQb3EYvpqtp63vSqD6xXkh,1
1DrL3o6ZMAGttc96SPxqTo2yooq52P62kf,50
1M75XfLuQRHnYqcnxXHhMBG6z673tSeCH1,1
1KuC9Ep7SYgJCBUhd5B67bwWiUeqAXw3SP,14
1GoodBTCiGyd1J1LkDhCThfTHG8n9WJnNn,-60
13496tTyjR7m2qpM7fFydvV273UxWJzbii,1
1NAVDzSYPLDGsU6BzstDeYQbeuUGuB3URT,2
17JwR3RJf544DpAE5neHFFs14cTadXBg82,2
1CDAWwBQhs7BeWEkcaL9cnuUzTaqMsUZm5,17
17c3LLoNy7z36PjhYkuX399pemJwGi8PhX,1
1HbfBBE16zj7KQoyEAQi7tniCTPdHL6CgP,7
1NUa2hqZUiEErBR3r2xATYiiWFnJh2RZ7k,-130
13N4WGTfLa2VS4C6Zt9M7z1VbPpVtu2xYY,1
1P1wACdKASqhLNJW7dyXyu4V3i6QkrCHAh,-166
1F9vgUY7eDHrasJszGAKEMSrWjDsTdHCbP,-3
1E9ZytovECwDvsECEdrLwgtbeLtY2NUchx,20
1J3uL9QQFZoXGqPSc3JKuho7xuSGhEJ1bJ,1
1FhTfHZ9Jm1fsjySM2pAVNvUWisYdsCraz,3
1CUW4NNZXN2W9DwYp4t2Ft4RTU2CTxD23N,1
16vxqFzQqkzGvAFbGYttXdDsSDEe5uQfaA,7
1PKyq6aMKcCwn8cmb9Jc5SkNydLsQb5n7K,1
125hZgEw6MuuyyeMVgRJRVcpiog1NiSruq,13
1K337nGVbauy929uwU9PLAtUTinqanrm7S,61
12SCFBKVPMLQ1uXfki2AFizqgzR7QhKNPi,-9
1assBEfKxpuhv3HdYfQwf9h2TR43DwVke,-27
1ACHmR5iXNQsTVrCMGFg8ChQLDYCR9PAFw,1
1KxvRz354fvvS5eezr6Cv9t98P652rha56,1
14wJzuS9xTZUCLWLQs5kpHsKqZtoyGdnPE,5
1985vAULpn9X6gUrUavUePGhLohUeSwmiF,1
1L96Q8YGJdAyrZbKvyXTuJ5PCQW7avRNmq,-10
183kqfGCFmUwNyV3UuTye62NbuKyLB5EWp,1
1CzyTCWqku4RNdvKbnWpQJBZBRttvbWyuS,2
1LathanphzzE6v3nrWf8DMt4nCdKosPcbA,1
15Nw383QHazR8TtSj2wFvLTLFiCMBpqWXE,-9
1LqFwYokgzFQAKUTQBsLsHU4fLaWWNy67T,15
1GwtXfc2QkhM56wSVRGUEjieKENemt8CxN,-3
18V6KLq8JWpJfXN4uLG78vmsQvp6am8AQK,-9
1MJqy1QipXAvEXKXwDhKcPdfjWZ3KZL3RT,-10
1LRAWfDAa1sCckz5AhvyABVHJpMuuBddez,1
18Em4kWyuVYdsMoG1wyadWG3Ud65eTKb31,2
1FK2uWj9Jusr1vKgPbmd7AHtP5d71zkCV2,2
1LPM2wHBVpUjmfRKgobD74nAPNH7yihFNo,3
1Lw8cCwcoiJfwZczA2oXC4crm9fA5e7cXq,2
13YfjysKC2qp2TcYhpQjhkaChxNWVBTAFc,15
1EpAGK3DXD57b8JbPpnenusKHzh32RZ282,2
1BQdsBr8uPhJA2y7EkNjSBMmffjcf1RHcW,1
13wVooBUHBEofj74TQ5EaeoESoREG6cxPQ,10
19FWJJMsqpzzWibnDurNsd6rAcE5qMULFL,-46
1E7BNJSV5gvgn7tay2GZ6FeHF8poo5dhPK,-9
1PDgYpsH6Ga4QSwvtkuAQNUAN5vxAHsp4t,1
1LWq2zrDPUsRcwrMibED2tYfBg3TvRkech,8
1BBQQM1HAW2Vo9t8gtRSQk6hen6zqC79FL,-10
19B9djCXosH62AhC73x7GpyJjTbY79tVG6,-4
1Dy9MEhH71RqATQMckAhMonk2c5vFu13Bo,3
1J4sUHjzDJv544SEFVWq17hmGM2E4B2EiX,26
1NCvn94TMUGye5cyBKHr9EDp4wu3H5VueF,1
1QDGgFS7qHk7WVrNqTiqwZDx5d4j629fv7,7
1AjhijUdBVVvWBhzdLt2CV65rxjxj1y6Jq,1
15RK6UXmqqptqSD9rX1e4NkJymYRgXCna4,1
1C2wcWxmj885PoNfeHz14ibfBGXyZjrbvw,19
12q9WS1pznE5URBGuvkHUCRQD1HFz4V3d2,4
16NnAWR1pwZki1yHKzSadttppuD9RG82E3,1
14Aw9nqjJxaWyojmViwgKzuBbjumPL6wXY,6
1BeHXTSeSa6X4azSfV6Pjbt9MMaUGT1Rai,12
1FtJ7iF9zYCks6WJiguoCTvF9HzPavUvgc,-124
129KVVJBZwJkXUgWE4DKbiEPq9Nq8yPzYF,-10
12EJJ3oku6tr1MeqGRYFpyHDH1hdia59uX,5
14JqL6tYzSGYWhtc1W9CzckpC3wBnkiSQA,1
1MfJpyFiBM4T7wPhvNJRr6cGqRoXnf66KT,5
1NBukVMXoiFsCVKv9nSvNqh4G6orwAn8iu,1
1HaUPkxS1FAgVQq3bB4tkoLJgN31mSMo2r,1
1NyLHRWRkCDZWAytEWG5ACQXqWZZrVXGYa,3
1D4JceYPrrDeHA9gZQP4DZY5FbKxiankkp,2
16GBjoZgpnJQxS1B6WHVc9sctr1jFo3xJP,-33
1KTygkYKcoqxJSc3QYSbYyfovg79BQXBxq,-2
1DE7oRjMUkUobt1uw5GCs2CwznySz9gFEt,7
1AcwL9XFvMXJ6QQN6FYwTn4ZbqcEuGr3v5,1
1GUruvanCg4gS62XCeD9VbCzJhT1cyn2a3,1
1EvLWwTQUs7ncDd28xw2h6WGotyajcBLGp,-12
1LfPwdDVccupB8VJquXn3BZaKMMUYiNBvV,1
1Bkkffo5wkWrT8yWJrXZW3zNnhbtM1onwi,8
1GrbF2abzHBVhAa8KCpSR5syuqQ2b1J8dS,3
1HGZrTEdSadoBzbHxM2BfGf4XghKye6ysd,-1
1KUqcQkesGsoWPCPHvUTYFPKMC4CFKW79T,1
14gf6PiXB4MzHrDaHVRMDJJ8mcnAdVsdS9,32
15Qie8kvJ65z1Np8ZRHj6qLRWEHxhQrXtP,4
1NzTB5kHqrqK5QB4z6HvWQiBz57kphdYp4,1
19De1td1DdzMBju2LmcjVefWPGke2cbis6,2
1KujLGj8XhsEShYEx1mLcC8HuEQX4vzR4N,3
1MiaKvvzhuCrbWJ2iXA9RceZfRpNDjwJTk,1
1Doog7asLrYah3yeUppBVj8nUYnFkmXm2N,1
1PsWmYy3M6aTtqAi4b2WbhK162EN5XJiAu,1
1AgeisUFv9NJ3AGGq7VPJWymGfFpCHDhCw,4
1FMbUJ3pHEMMtyPsquQA29BTVkzHAML9jL,3
15WmQsD3dKtEkzj1umQq3apUXoQgjzRxwR,1
1Ak7NiDGbeQbFHzx6LDuQzUb26imR8eTy8,2
1JTAYdbQnYVabWuTA9d9qLjo1jYMDjhEUo,3
1QJ7o42zoXgDXkkFXpyvynfmAyg3mvQjyB,1
17LJBc9696hjbF29BFXS4wRDzaMecYnZUR,2
16CreYwnUyTDbWtCEkboAJKmLkY3YopMWs,2
1DBYLNcXFGLdQPu4z5tDaxWAe6KASf5Qwc,2
1smrshWw3VELiPYAcebWfLGHp3vPWQm7N,1
1D9CMtvVAyrCXiJacse5P72AzFnvipCzjr,2
1JpPJMGTqwf2xYAJGcauernXP66BkAitzN,2
1Lh68DT8tzvk2Pq3yTgEPRCg82XijAm6GV,-2
12hJxhv54xM51FxRySy1x9r7cxwyGW2RpW,2
1Q4hwHEePamcHzYCtWG7MgDfXL8hxf8Fw5,4
1CMDDhAgpmwXKB8RcgJHfeUPtHdGbQE4iA,3
1PSXHHPq61x5tiyxruJrpf9axcMHJCfT6d,9
1Nx2j8yg41SDZYFVR7Co6QtBhXrCFLrK4h,10
1GtDTHXTgd296gku8aE4Loo59UtQXZmibk,-28
1J96JXdfY3CYKeqiDASgnaKjLqumfqfSdG,1
14yt5LHQEgNxAN1aFrf7UVvX8fuK1gcSJZ,100
1DfZB32qiXqmTpGC25psyFQcf3d5auQFpA,8
1CBNDEiSyTyQZRxvdeYZ5Dpnb6Xm2CXpM,1
18nWH5Lc4k7mXCwsofYXtHFowzWpL985wp,1
12BmMohGkvpNT2kbEAxiDkwBBzWCMfUxoR,3
1JwSrMEbbYmaMumoKH5qSeSReDLsgcN1qi,1
1BkkBzuPZGDwt7CTHtzWeB7CpPHbdCawKc,0
1GZNa9qVhT3R9L6AcZqWMwAC6RJ3kXUfRE,-9
1Lu4TrTCNaUgnhb8vgvspNZXZDR1wAZDpZ,3
1HKtg82sWE8CGVCGGQzMudTLxy4WRcW2PE,5
1KTZ2DJYXhgNN7axSHMDWXtouxswRJBXeF,1
18JP8n2bzJhNXqiQvrS5h28mgEuGDaTn51,2
1Ki3Q5XEBRe3KSAxpAGYBKYmQpJoZ6tXfK,5
1KxMFK1kPqp1U4FjW4joBtucmKCuV3kHDR,3
1CaLuMoNWDiJeXg9zwBNJify7mLvQfaQC7,10
1BRvLPciPyRoHarstGR5YhJVjdT8MJ8Gmv,1
1srymhKCekT4jJZJavenBfooRYWPmv15X,2
1FwQNDb1xUUxKG73fpRqq4HY1o9BmeCuhq,1
14iayJSqd8h7F38y2feGwvFuYkbBkypJGt,3
1PE9BKoFykyoKv2wstEXKKxNcC1Dguev38,1
1EjuJ8DxGC6t1M1bq98WVL9PQi72XYoT1,-3
1UmPYfRaEBTQuYwVgc3h5oiDLBnYiAr3L,1
1DYRGVPgCvsTZFYvkFLuBnpxTsxrtzmNHj,-50
1GvjspiMWHwTsv2Rk2xUdK7iPH7Kyz68k7,10
14muaXxTk13xHuT7m6BgCX6xpnab8nNteF,2
12J4MuVGefQdncUy3LkxcpXaTwQEAwQskc,1
1EPiSKiNG139bzcwTm8rxMFNfFFdanLW5K,4
1CBphSdoP2gixtjNs39VypY32LZnEW3BpF,1
1BLNR2Q2Jfc6cgFcgpdyqeA3APkTvMXV5,39
1ZnortsoStC1zSTXbW6CUtkvqew8czMMG,-7
12mbFFeQGFbZdJHTMVgiMFN78nuzNTZUgT,-146
1F2aN4PnXQnTzf6C24TVeipAP3mE32jBNV,1
1FFF41TiEtELnYjWXGU35tEDfDrSKC6ZC2,2
1CyfThu1GkAJdJfAhUhvfKbLa5y6fZf36i,2
14s3JgnnqPDAJrBVSbXco1ZeEJwHmsG4Cf,8
1KxtFTWq8w7x7wDanYYCTFyww83ok5UYiL,3
1p5BaeB99WEvZvNVf4zs7PXWzBWPoP9wL,1
1PJn4Syv6AMPhjyM1wVAbP82UHphAZ3S7U,2
1BfPurMtZoeCKAV8rSC2zQvxqz9dn7KhrC,2
1KsDx7bXRJ892dL5XYdWXiPdwYgKcbjBsq,1
18yotw4qdEUscELgrypFqcoSFi9Ek8jbG4,1
1AZrX24kjtDhmnTTGSwa58dj4Fbzph8zg4,-4
1D2MgbWrLFqKY76Qd7J5tChbYYfEswwJ36,1
18QttKpw6pZJoRaXsMxyf9SxPM8HcAEiDe,9
1LBqAw2ubGKxBrYeqeLoaxqpF5ktX1ccN9,4
16Y6opxPajy29ARrdTAY1MqYAkMnyvbHF6,1
1Bitotco4xoVA8aYL1Y97V1QE94nf9FsTZ,11
1AaJ9YkhQurewajQHPnfZMbAwTqgsDqbRh,1
14jn7UtiQDC6GXu75sWh7HLhijRmCZV36A,10
1A6E7wK7GWmowK5cSzxoc3bWwjtyfuAPFQ,20
1Ub6NSk9Vop9nfBtc6QiiVrGAzm8orKqo,-15
1MNRcLHW7sgPMLJMkcY5YHLMyFPRG7zkx4,25
1QALc4preeWNzQkgWMZdzUhMbhjXNGC51K,2
15zyu6SQnZVGc6Rtf4Tgn9udR6A75CDyZM,1
1Ce9PkhNjSn61WsfMQo7BzKNoAnEKz6Xrs,1
1y6Vbou7EEyJcLuoDiqpSVeWx5nQ372Ss,1
1DVmqiahSWYjx1cHfWwEYsQbRAJXSgqMzL,1
13v8hur858wjwsd2Z9cGxpsGyx3ynQf7S8,4
1P4MyV8u9ZQCG6ggccgcrnr4BVCTgeKRs,1
12345Vypv2QSmuRXcciT5oEB27mPbWGeva,-10
1EXru3goYrQMi8UsvuBvzyjH3VqyNCuPUQ,1
1TwmzX1wBxNF2qtAJRhdKmi2WyLZ5VHRs,3
13hsvWsnVicc3rH15AYz5VVfND9KqGFmUq,-156
1DvPqBtvGpUuBZcczQxojtk3TKpiAPuRNa,12
1CFJjde6kE621xeXMoCUBRUapgpbNVRmbR,1
1EbTDgN4ENcwTUiqkyy1Dvxh3cgG7ZiWLc,-169
1FofjmdQAwm1HMmZPakZgDVEnygNkg2iE1,2
1HHrnHnVTKpNrw4eRX2a3Vc5JA9DMiUh2w,8
1BESccbMmepeB1frDjk62fzMzYffCVDshL,4
1LWBBdnZt8rywX1HDjLJGc1uioB9ZNazJC,64
1EW5Uc1h1nCVPqq7Y887foRVLDBREyjEh3,-9
1JsESpmHiTsFLwZ672UT7CTvDmXo42dzpD,6
1CcRyyKviMxntN3E3QQ9sdBgAJDvGsvDoW,1
1H5H6R9NtMwthf83j8CXcBPKt7obeNqFzr,1
1Hmn1kiccbWHQwiQiK2Z31jDoKVhMFuYEs,30
1MBFSDoKT8cTCWpcp1C1f9MdSNEz8caZJV,-10
184PSpnS5uEwGWwLrz3m953r6C15VMm9Xh,2
1DiThiTXZpNmmoGF2dTfSku3EWGsWHCjwt,1
1GY2Mb82KrzaqZYV7QwgJRbExqEA9iFqMw,2
1HU5ZLVxGoe76x7bL7QV1zEcpJrKMuekoT,-2
17G4FEccujiwUdid1FGwyXkhagqx9Z23vN,1
1HXX8VW7bnzLjcaGUj5w2oSVFKnTCY89pE,1
1NeBN92jzwa4eCoNtrdg3XMYUZVn83Mwmu,1
1MisakifjKcG2KWKgY4XES1bkAxdU4ozSE,3
16TupbPvWiLbSX1YJk2QVBpzv3haN5ekLm,3
1JDggfs9FnQk3DC8hdNDmM52m5DfzaNAcr,1
14LGRUGfyjx835bKrvnw69D2WfEYmp4VMo,1
16XGUW6gR2aTmLYkkhrKkyyp598kyB3bQ,-9
14yr6utPZr62uvxDnZ3bPnLw3rPhsLEFic,-10
15S1kN7uAdszEi2oyabTyZKoB4fXDfPxdn,1
1E8RhgieX7tTPMvrGo4QcMygMVeBpyFFNm,5
1GuGVhGGANEdAhuMhuw9Uzxh99NHo6ZTVn,6
13K4Xw6e3epQAXH1E3p2UczAHz9psRY92f,-10
1JSw1X2xwH3oycho9aJJHSGjbrp78YkdmE,-10
12py6bDdUtHkZqGaRgYpF6KUZmUSxkesA8,8
1EwCbtZfkkZQV5RRQJ54iP5hnqWYCJ4bA3,-16
1usagi8WQJvnCoyV21XSZyUHhC6MzfksW,1
1P9CKCVjaV6DJnKnMc1Qs4u8kFSv2Vw3L5,181
19vf5mL45DJWfMcweeHfdaSXYwCWUCmhrK,2
1NB1KFnFqnP3WSDZQrWV3pfmph5fWRyadz,1
1BftiYXMcX1imbDHWzoR3BCai4C27Kfs4,-4
1nbTFZTFy8Wtbti3LhnLFZgd5YTBrXjaU,1
1B3aUq1ShdqjSsiUsjf56XUCKPtFq3iip3,-19
1rbUcm2DbvNvvJB6NS2RVv1yNC6tYA5FV,1
12es7DXVDZxU1AAMRJSYLN9eHLpL7iqkgU,36
1GVL6sPB9JnbPK8yxYz5F9s2uUN946xXwH,1
1PdMgqTNQz31YpedQ1QF4d19USLAbPYT1W,1
1M4FwbA9nN5seAfBYGwCRCSe2oYqkMs2Nq,1
1DBqwcMaeVsACBFHrxDNWZFcJzJCjjSs5,1
1La9nfkNPhsWPbaXghL29xY2HiTmhRitvC,1
12pEHJd12Lf7KAiqcT35XLgadmJN3zHQu9,2
1MaRr8uhTqshmaCHpRBZQkeytQynwJwztg,1
1MdHv4Gx2mSnfTQ7JGCVsZnqVodwrWZiL9,-2
16G7q2zB4K1FszREKYCxuKUkhiK7YYhT1P,-10
1HPgw3QKtyfLLtqsYZEY8uNFGDwzGg42Ji,1
1CzMV8bNrjRss3tan7fDBV23YwJamJcs4r,-9
164Lwehp7rEcmSyJoD2wGqvfdyVbFz9MnM,-10
19oe7GAZcARBtSdACv2Fp79PbArEvGqBhj,24
1NphAE4QMnRxnX7Rt1xFY1PJ5KSqXThvum,21
1N2CS7CCEpp7srB6vJJMkhRjesX4JGh9ix,13
16mmrVbVPV4tqf1gcSmdroQ7t5whSdYUEU,1
1DrruSSxApL59QvRAk6jHUKgw4QWyhZ2u6,18
1FjyKqbZfrfa9E6UhyPW2jLiZnjF5uJEJe,3
1CDersDEvL4D4nx58K1ZHY5VwSV2vzDcoF,-10
1BDNTD8db6HwwZEJJRWhFUae2ET6qsTn1p,1
129XgsftkFDXeE2W9P3GoYbUrj29Fb6K6w,-20
1JoricCBkW8C5m7QUZMwoRz9rBCM6ZSy96,55
1PJwoBnH8XvSVNqSQJNYtMyk2bmgi2SM5f,1
1EMmPAVDcXHq2PHNTT3edK6YPzVQf9899N,4
1F6nWYKH4rRTcKw48GL55cBFKQjteChxVi,7
1Ps2kMiemYtT1ZVAPV2dq21pQ8nJyjfrvm,1
14gadEMVrLvaSPrgReNxcXKLeZt8oLy7NW,-20
1JeQnyr5hPZbqmRXjnbGG5uvqQcNdwso34,1
18GERP5Wq7NFbKWsSF9ykNGUqqD69nZbC,9
19Cx4dymnxRS9NFpgEbywNvUeFKGoJpbgD,3
18igvwgCNE2agrotB9DjbZxn2rrGUX19xi,-18
1LiLkci2MeR9ZF3LYJTxfCNGK7eERqG3yZ,15
1AWqt3e8nAea5g8iL3oMcj3zoGsQnKh4pD,2
18PKV2mKU6Knk971sxnZnmKDEJALT7jGej,6
12wpbXDdhgid5ZCuBDr7Mpnqoi1MbffbNY,2
1EZ7rq8hUr6DSEtWSJTYdSoE7cYPwZnVQv,10
1AQmTT9tw4dgsQ6o3N7UbMcVye6fS5KSZQ,2
1G2spDYyEd1e4tnLdQ5SNB8WQibCSawg6G,12
1AVii6EGpW8vGxk4xLjaLr9RdU7CGbpoKw,1
1rhjSfszc8ynqar2h35QD3RyjjvCwr2Vn,2
1KPw5ooPVrYCBQEAqJoD73pdkTqFw6VTAG,3
1JZCdPnogidG1P43afRvybewS2z9ov4owJ,1
1EyZAr4smrQ5ni4opVgk1EVpVVb94HiCHr,8
1GvS5Kb4cfDvndvTztTiQmFJfR6gAgfqec,1
18ymi8kemURJ1oShL5zpJb78bmZjNWiS8L,-11
1Rassahgt3XSxKVJ62oSrQJxtH3wk4MKX,3
1HWXSGVQZ8DWsyrtmKNEVFMUFYwFecHXnu,1
1BsyG1JpamCcRZPBiUhRWuqfDeXU5Ky8zV,-14
173J3LhVUwTqo8GNdhWytQUheYGE9jaYEn,1
1HupEfLoLbGAycpKyofdo2c7PLzTtxATe7,-18
1M2LG88aCJrv9GKCrWKHqxKnJPRH9dgcWd,1
1NYRQtCXYvECxLdShTHU6dB8jJgbsM6JNk,-6
1ErikgLXAmxuTk76tdCrRW3iLnX1GS8mFd,-9
18Wnjc1fcWDboZDHNsn48URtwGaqRjPnAt,1
17ckCPdGYr3oYQV6huz8f5orHczNgZvosH,52
1DkCZxXgRBrZeMk2NkjGFG5nmFtDCvB9bs,-6
1E7s6QmozN2bWdqeU3TeYCtx6EojV6ruaM,2
162APzXDkHEuYMwWuB1xKDtJDLJDkzK7Ai,1
13gLyJfcdJmLfsGUgg4sXRAcjppq8GwDud,-10
174bSGB12r2hGZfQ2jCTwBHHDmzj1tPY7G,-26
1Ca3CeQrrMQP9wLZtKBmsRnpATd47cTT91,-2
1D3XV6RSp7toN1c57SU9DRdf89xT2WpuCg,2
1HWC4QB9Lghts8Lw5hq2opaYNTQQZDKCm5,1
1GrQtDEL5TxE85jvNdyF8gVdYXag85ncvt,5
1J31qWLvZMjdfNCgJ9HmhPDPJnbf1bxE4P,3
17rg4iw7NYBKwhymdgJXtkmMUn1MW2TUea,1
1HEnTVUZFYoasKxcuY3hRagwVpEABnpm45,3
1F1LrYeRbEz25HJiJosZ7v3k6cPsnkFTyi,12
1BFNcfPC3RNefzZwHEP2aJij4AN2y2pqM7,1
1893cMDYdRZvvD8doQaCPr6cGRq4oyM8yw,-10
1Cryo4K3vKxuz7NC5tiUHpCufYsLdvEJCp,1
13DBLw5XHiDkD5nKu9ozeUXgJejW72yEcB,-43
1pjz1PLVPohgESKWQrJhQp1TGUKHJmTzV,1
16mHAiNofqZdVBzGofsF1fqPk8QXrFzv4H,3
13HWyycMcYjX3zg7uQvq8n4F8aeqEXBsfH,140
1D8AMdg7WanBUUegrzjdmWgU74mmPKTWMF,3
1APn6NLaUUHR2w1iXYEMzeTcx3DpP4C3V6,1
1DfWQxADhoYis5fsZj8vWdbhMe3MHv7cn6,3
1MpGEnMea1SnG75XgNfqFdwud6w2kfUt7g,0
1PNLrqwnDFno1fNitmYTzWoeXagii9Z2k8,3
1PigCmSicVQjeAijwmiGf5TsAQsubLmAth,1
1HgvowkPg1TXF7a8GwyR12eQc6CA1AYnBF,5
1Fw5EtNFsLBhyQsYi8EUcGo5hGtGhfnR8f,3
1HNppSTDswfmfHj5hqTQMKW4x76K2njCag,75
1D651kzszthXXK7RdhwMYZ56a3qWeHGRWC,11
1ACSP3vc2S5NHRFcoteGFDDS32rsFyByg4,1
16m9KfmciiH2Mfco24iWW5zesKy4oN8UHM,1
1DBYNDxfwwboWoYQAB7AiCt7WBpxZedpLt,-1
1NCLP5cCrYMXEwPKwQwUArkqTWrdZSyxLG,1
15rqWE4mYsUAHHvVewKdcJrgoSAtwrjKr2,1
1MyazGXpfzKmyKPYdHT5Cw7JQr6rz5kynq,54
1CXZjtiH1eSs5mtddhGhK7wQUAivXut4mt,1
1KEtqA6qDQdoKCRoikMx18vznqtVs9uTYG,-9
18r9Emgv1Nz71Ftqmn4UzmBBiZWyTb8RZa,6
1CmmvQwp4hVMM4ra1JbK6wjtJdqkYNXyxB,1
1PWQxAxBzXo9frHrLD2nmohxn8kPN2PShM,1
1LZnhCCep576bZnbogm8JBjgeS3PSTTWTP,7
1GKUtLdjJXwTXbRKBRMDAfKoBREk1LgbpT,2
1HLTEau7gwitTVEbxeJmUtPUcQJrgc4Ep1,1
18WzfajWwE1pRfGRHHtwNz8bqdcPsD5zYR,1
1FiXx5t3tYokh28WfPNgTQxKgnH96wiQba,3
1927oaHjd6QKyFUWGRnx3sMWSmktrDdzto,61
1LoLogND8pKyu9hiJXKX57jbfpunVa8EyL,1
159yiMsjNPdQEhZptjgFnJTLxkuWBHCo11,11
194cvghyXhBTD9D7aRzk7XxxNCtWxtoaDj,6
1EpKQkzgFZba82VjnzT2cgoPSQPutyEXaX,-21
1HNCFDRgNozwodgt23D4WPP6h83XR3QFJv,3
1ARh1bJtHHwFT8ztz9ZtsqvDX5xPktKzjw,-9
1JTfqri5BddnEFhvPzDaiJiw78bkYvtM3c,2
1KKr95f52FiDZY655J3dQAgNazsyRa3uyK,4
199tjskvmsbPQskvZb6tFSMnayPT191TZh,31
1BHiGJa2W6TgyAiqJnjtb6eKevqqbgqsTN,11
1VESCU4YLvNYhmTsJRgFKKn3bLFeeWtJm,-10
12MgSHA8nhEews5Z9nK3R2NbqY7VtR2cBR,4
18eyLJkQHdai4G2mLfmZV528YKVYPruJ5o,2
1FMoi892mZKFXd88jYJFhRDGe2gvGUXDfy,51
1AuS36j4s5Mb3frNjx5TawQ23JtgWfZ2EF,2
1ByQxD4cBgBgox7cCJmKqJ2dKd4S3CTL6,-10
18LJd1mis6J7UhgBnudgc7tbAMXPs3uKDF,2
1EwKvvRsUzHcPoLidxcZ611hGwYFTJVWUj,1
1A9gMp48yJQqHEFXoDBsFDE5Q18TrTa7qP,1
1Grape3vHQNUR2iPQX2SyGurfsF2HKvRF9,8
14hnHBKDNH46QjnDamm3JQfQR1t6EsDity,-29
1JfcLpNTmzQBYTUzAyo5z75T7use3vaKpU,1
1HrFLU95ovfHAtggPWELXdiahakYaDH4hy,34
1PFQsEYJV6KGrG7ohZnH1xAegwf6d2DXA5,-7
1Ha2VqeiSTL7q542PsejaumBkYPz1dBuS5,-130
1MYnzGvaCDci9Lb8sBmL3FecHTbbvgLHhF,15
1Co8xTsJxTpV5cMMEEm87baKyhNmMtpj5y,16
13uiruddAni6Mk7hRb9KFFSLs8dEzmmxCd,18
1EkRbE33yCDAiT2AeH97sxVofKDVsZN5fc,6
15zALsvd3pofmaETib8toWix6P8e5Gc131,-10
14pRfYRoJdW1Pa72S1vhvf1pthQZqxSveJ,-15
16PHrFaaNGWiPE6uHpaRAmCRBE8cBpvSTF,1
1KgdhzEzFybHqkLrC5euvEwYJQGcbHk7A4,2
1bonks8fbcN5iyt1o42HqAFiPDCgRKVMw,1
1KYnfGVk73gPFa5rgTzReKMTNd7FnGN8jL,1
1CRmE1xhexUPqauk7CZnTakYNeyfy4weBM,2
12VkRRrXJ5w5sY38vqa6eeAFZtRUDpGjz,1
1Mbqkq2MhkyfNpJARY7oV8rLcxJGBBT2Po,3
18c6P5PX2KFzNRVD68hp469NhQmRM1WUTH,1
173G3S7DkzcHsawq2FKVGSNvJypBX8fmWs,3
1JTR2PRQNYGPmrCM3sxxZZwgsoftc7j6kF,1
13zXRskjtyN15L8GpYX96pJBxdEjY7vuyA,1
1LcoM77jgj932wx5oEjLyK3enUMehJ9zDV,1
13rZGrGAMu7cjQZrUGcLYJUmaYfJ4MBpQo,1
1zb9gcvg64X4WoDeKiCJfgc2uPxdEAFmV,3
1ChSyACfPE9XjKwiVFFG5nzpch4AcAUJV,1
1EmZUQGxaXfQoTa3Y4qGW3VhMsbFwRkH3E,6
1WckBkTRe9kHrY4EwEpQ2shTqJNDdz3yz,-15
12YMeH317K2Qjon77mhe9topnSDWCebh7y,-144
1C4sBU57PmWR1ftY5G84VDK6tyXLcX7MuL,-1
1NW53xKYnJYMvPaQzL8FUbU7B92x7sHSbc,1
18YizHAtiPxjwyoMC1xyLy4HH2Twqobaph,1
19UR9zp35cBupBxvXjQnmS9SM3HqSLjaDo,-17
156vWCq9HdEFNK1xuGKSNsPkMDfAx89Xym,-2
1A6dNCZuZj9UzJXUmmt7J2TL8xp2KapJJ9,-147
1DfNj5XL8QpX4hPzbadkaV4Z28oBvSa3Dq,4
1BC8TtPNu52H7yq1X4pex6KE2iqZjALJ7v,3
1B59CsPkGyqy1nRUSpxGf45uRPkW6Ht7io,1
1Nv9PM3HyUVrHyaViAMzxkUrkuDAKnfcEa,-5
1MGDnzNGPe6yxwcgXyWuhn6QKWT9WYA3JY,-30
17Z2iGUz2Yj7iRmfmQ1cNw99ftjCZw45y1,1
1gburgdu9DB2AekAvP7PaDZU7fcWbBsxM,1
19jh4CbMPfsiXzEEUdvEYPoXcTshSBXPr9,2
1KHZKkjGh3zEAtSX8cr6jVN4D72KAKqTGu,-2
1Eq9kyE4YzWK6LNWCcN3yKK94LKwY7L5SQ,38
1BDwTXrrmCgHzcevmkWV4VaZRuDsHcdMQC,1
1E7FYiUFvTchbqdPqkaefr6BwUSojcp81f,5
15CfNK5nBr8DEWrNywApaZJkC4yD1mzaB9,20
1Gre17Tyv7RLuF4LugzDcCb4nBRTaSGJPQ,1
163RPZLYjFaoFNjvYE9YTe2U3rNBeAA6kt,-4
13iq97hbByqZtrX5kUmS9uUFr817MugfTJ,7
19hJcuZUDBYHg8gXpyLFHjj4SGG9ZyBDhg,-11
1GeB8nwdHu5ykF8CZf8xQ7gQiUQrycyq4S,4
1P23cT2BGL7Bv6RtpXcgsYRL2y6ko3wu8a,3
1AYjdSmPMb8vzfzwGrZFACiKRG7LFr4uFz,2
15SRXttn6M4Tvvha1vyUu6XHKujpaHbXN7,1
1JiRH2Y9sTBk5CrnX2GCWK6vgCUbNk8jNz,4
1LLhqc2bGvUkKuNsCfprVaiaoghua6YZS2,6
1DMhjnsfRLxhddHTqViaLrPRicrEeEoEr5,11
162MynnwMesTVxfSShMipvxv1EyL9yVzhw,1
15AQmdCnUgNLSGahpob3E73pViSqkcRubp,2
18D5TqmFSVT5eeEqMYWpishCsPbYWAB1SX,1
19CrjtuHzBB69tD8iQWoG5knSfdvdTXAY8,4
1KcbLDWwgVHWF3FGTZzgxjrLXoctoKNwd8,-19
17e3W4wkEh2svtHxW66jhoTRCanRqXXf41,17
1G1uWDQSExTQXib153kpfiMtixtY4quAxV,-10
1otcfAMt9iLVqTMYtJZedEppMVkdiQEWK,2
1PDaeP54stGD9uW1diy2VSq2uv9GNU22YZ,1
1BaMCeuL4RB8kjZWenThB374vYQW5TbJMj,-10
14guXiyDaE4MGe5KHqdJczGWys5UELX2JQ,2
1EHg59SMBp6w2MPws9TSv7ZJbzeK1yTa57,1
1w2nyrpvpQo3UnroZudnAUXnjpWcU4fmV,4
1C7Y1vopeDLoKoTERkFtEp942zfDf9xK2w,16
1PC5F2DRMBSnM2qWui7Kzv5MYenRWSechH,16
1deckerPa2mnrGNhgZTPy6MnbKcQSsYMB,2
14xzNn71VVfrohawvTG7cyUBYEWxfqKibD,1
1B8wDAY1VpYarG4KEf9kVCj3anBTawHjRq,8
13gyDqfYhrBE2EArKQcPQt7qtUcd12fV2t,2
1AbD8WQ2F3MJBmsjudmj7Hot2cbmoTdLEq,1
12PCR3BTHavfx5N8XSHkKt96ssk894N8gG,39
14vMS7rXi7ygBnSyxDYE4jMfZ5AKF8r1KX,14
1MW8wWpW2hTEnP2MVGY91DQbvH3rK5pNXC,1
1LkdNKsnV5xYxm1AGDfDiytGkoLpNcPu1z,8
13qBuF7JEALzWuiepY7ZdeavuQTXuyHxiC,5
1ECQFtUYHHxFq9ocMinZ8iJxoXhX8wePpg,1
16qXkHJTMHCz1d7YKAn9nGw7PRFY8aVuRA,7
1DDBUFxU1nZsBmnQXNN9x7wkuhhEvvpRzv,4
14fBdGAiHEgFXYWu3Qhx89Eg6o5DMrDUG4,-10
14QvTg7cTfbh8Sa8PYVqgGoxwWBhQhb1aa,1
1G3R6eo4PYM3ZHRyKJofqo9ZJwRswzk3PR,1
1GHVzynnmNgGeK25AicohBNYk1v9pfzhDS,6
1BCYYYqaeKWfybcJHq7tZ3NwpGsZNFEoJB,1
1BgUt5hjFRyjA3wFjMprTjDgMcLePBzqSt,1
1HYVaz2zhH9zWjRhF1RHkv7yihe12G4jJ3,1
1EEU6SgfjdmNLtptnMdALgbfCeW7XSTarM,14
1JALLENn5SAy4F6kgFUnCjP3DNE8NPS1B6,2
1CDLB5cL5gDRoENoo7QwzPjWbPrnbTxyNx,-11
12H9YTTS2cxtTphVromSJtPkM2h3sra1wP,3
129drXczN6yYewywrjpq5qxBf68MTXzVsa,1
1Juv65wuxxkg8LmvfbctJctNWaqBznLrfc,-10
1HdW8G8fEThUZ423yxesHeg4GZiQ2jbtoR,2
1MrMxJGtLYDpNbSgNmVmLCbYQqA2iQ8VDJ,1
176sFYRGoRGqgsdZ6RUpWnbyuG65Y8ZCnz,3
13j42VpqkGB1Qc3BQbx9tv3E7KgpENj3QR,-1
1DFWzk5FuhCHLdFaBnfhApL1r6fQkMRNvC,1
1FgrXmiZiKwP15kWpeac3oCSs6sxkqN3FJ,1
17W8PxZ9eW9cp7jXdBJ4tcVwFB9rSoz6mf,7
1BjEp7xdP5ZvXeNM8UfWZpc97LLdVxMYcM,1
1DMbnfxtx23vyMMq2BPZ9bjQfa5ub93am1,1
1FJMwpeLLJju9nKBxwttzgo7PHMUa8b33D,4
1GCCRub5GskJecCHVdd3wjA7uYRgo34Yfr,3
155syuhxDe8MHB8jpD5G6bjcmN7ESd2ACt,4
12UMVpptiPfnhR5Apsg3JRHZHGXNs2srTB,1
1KMs47mFMHPDHwYADnm1LKyANK7o84H76S,12
15RdbWJ4rTT9bLGmxqx1j1bcnCuH1f9nZz,1
1H9SCjfmUn5z1hmK4VotdGtDPGjUN5uzZH,-28
1MXYKeZp5wZmd1KCuKVt5yKmRDaX5caxBn,9
1CVxjdL9UqVg1H5bDrCZHUCKeeFzSPX4Kc,5
1Nej2R8uSTDAGsVkFGukpKMusG679fQ44,2
1GryprQv9CS76rZsARFE1WDsmDD4kj8Ptv,-138
15Shvpsv3vD1T2opWAFX3fmQHEZapVcwrS,-9
12Wr31BZQ9BMh9obVb7C6LYmDuYxwChdAN,1
1EUd721EHmKPWrpXe2ypoYbbZfBzmUpKJ5,-143
1MCoC7727MpPRC8Hc82uVyR2XQfWBzo9pW,1
1LC2RCN4mVJpFZU16KhvDpAVsAu9keAf9T,1
1Ao1cjsnbA3ogSHSoL5hkSNbuCAJNaHDdv,1
15TncZKz358pha6L8v2v8NnoqKvhq6QZEf,3
14CredJ1qdULWEmPbbPgibdpALFA58gkAG,-2
198NoEPmezjjc4SRm2UzAQxdNHRahYjxCn,1
1AzrAKwUjRuDef9zq2LjQm3juCrfzAxjuC,13
1Khpsj7ysRwihgs7EpPjt8D8ZZDGab8iXU,6
161jX4iton21PfZFykZBL2wNsuyPqCqSqo,1
1HaNMjan4creRNUTezeWQGwGipkuGktyPh,6
1GbQ8sc4GocEobSL6j2gdHMLPn5fzSuMdR,3
16hmG4wr5icVKF89cqYojbQXRb41izpPSh,1
1HjQdVanAwaGfw8PMn3yqoW2SkSfi8WSLL,4
1C8BK8KjTAUZmyfupNTcYNN9U6LWwwYXSE,1
1Aw9rgppqPA6JA7yMmAKKiqEtjgEfd6AyQ,5
1FHmvJee6GRJqfWUAg7Gib9aypBPkZmer6,4
1G9gZokKjYfG8saeMutcyDDnjSfkm1xaE9,1
17Lze2bMMgN86Yf7r6aqcvTfbrUUty6yJP,2
1Dof8C8dfhKsLtmtRenVphoH1qhLsMM1hZ,1
173saP4ouJyz3vaGaLHuzvzritKYBDS3LN,-5
1NKS7bgru9ETYozTR3zoRymFzNruhtVib8,12
1PPGVewtgGCfah4AJKHAAuHLLb9ozuJkBi,-5
1ABrRekzsVHuBfhUKfRpGvQFxqtVaNUTHL,16
1N3pphJSzQpQr5cBg1p3zTs2KQUJj1Pux3,1
1JCQ5jsF3d9Jyo8yn4ZawKkv8H55byfGqU,1
1JWqZTzWRvrb9VXqw2QLCG4eRGRzPL5L9F,2
1A7eBvEjx4kncHWcMQPzvtcipg9kFk7mSw,1
1BhQYKbu7ZvpKkpS8YCfqKcnsdQuHHuz6h,1
1FjD6krC9sXhr9vCnFeFZUdUwUuYVN1mur,-9
131CKqgqS3wfmrtsYpEiNRdeRbPR3cvQHU,2
1CiBiYKDw2frdMSq1ZmN13SmmTb91h3H3P,39
13wvJyWu2mn2r2BbXrXoaC8UBQ7wi96UZz,-1
1Le3LXQPc9nbKvDTDm1JBeP5inhaUAN66j,1
1PGSruNAPdBFXAWxWb6koceQyf81uz3avE,1
1Hq3fsF2n8fpYb1wFVCgPYfVrSBschuR5Q,-1
19KeZhZVGczH34jJKAo5YT8ADBinXwZ7yN,-40
1GidXJdCVwctyiMfvBtSForUftF9C8urQr,-35
1HmBpvupZrmufoVaXb5bZX9yFjhN73AkH3,1
1LXUkHjwCsyaEHEvYBnsJQJ9V78sSm7Xie,1
14HetqXjiKqwggUYFHT7UMwgdNJSQ2CoW4,10
1HauPsHckiHWikBw59QoSxNV5xAy9a4xwi,1
1FG9rff1vFqJJYVdFzdB1bSQTW1NScvN7y,51
1Cqu4KESBcxDi1Nfue2w9Qbm3vZSYybpRK,6
1JdQr6HwJxJEhpCyYug4WrmUhFhiSDzrVq,5
13uXUxWfzk3g2tMgFdqSM45Sg312kMnt6K,22
1MhGwBk6EDiA8sFvRMMqgCfU8QjxRDWsfP,1
1B45cg6ZhdmnBUzTrME6oaDeB35eHLGRd1,-19
1FZ8QFZhXf3ALb1RGmhmXLwg9ExrPtfCEs,-1
1w1nH4VNcjdXDoTemPGfatC9ED8UcGvRB,1
16HGrW5JByFiPRsnev9AW4fxpPJiv9ankN,1
18NnN9gmk6UZ44QpXNBCJaPBjGNhHKfBou,-13
1KZhkVFuSxS4JYxLfztPZpYifoqciZ9Z6g,9
1PcuhrYd4qETkh4Cz5CLnE6JBFxMdzTjSt,-3
14MQvsfyrfAAfWBkarREitnGfogJjRWPyy,1
1J4X7VFxUsDPDKLefyfJJFXyvCzdLrRPXy,1
1J7dgEMVHRUxgShF4xfeSFQBtv2SiUWVFa,1
16zTzaXYNpEJDKFpKMnap8PH6BUcR9Qj2P,1
15a4dTQZGKD13pcKmgRnFpiv1mP5NuDzhW,6
1GrUvfokJXNcE8D3cjoMrExuVpBhceve4J,1
1B6TsgvwB1rXW3AxYrbs4CmdcoAweDYEKW,2
1Q251RXTMwWf9zLG4nyG49YSmRapQCqgas,1
14Ckwh8ETEeXTgxbZJPPjJZZpWac6MgHP5,2
13ETJ54aJ7DrvduXg8EapaC7N9PdxEX2sx,1
1JiTF7c1wCzmV75WwNvjT3jHCN7RJx4Syd,1
1Gxvb4ZkjJuHWcWf4BkDFLT9QCcL3nc8Ji,12
1Ma9b9vNiNvXiRc6DYfPMmWTYvovrXSZNS,17
1MC35TFfVkEFvw91Cj7yeJAKs4UB5jhRT7,5
1HA8ouwksgnS8g74KazHfDPfE6ocjG9Zru,2
1M8uQ1F8uuQ7ETWyuNoU2ghVbXaK7mttSu,3
167ZSRpLhbfxpsgpa4cWMYTSkwa9eEhoX2,-2
1LxxCu1bKvcyjrnxuNtdzQGYFhbMmJ962r,-2
18yNJxeNth5Ty7RnNzwbBD7qrwvAfHiVjh,1
1CZhX5LXALuGeYS5jxH79maza3KGkyfk1x,1
1Namjies9JeJ4ugCzjkAj6dbaWrtjAFKCk,1
19tn9xjmuKqCSqLTmgEHVHywyhbEMBMs4J,1
1LJFFEsyFtkMWyVkcqkTQdc2CTKMu2zQj5,4
17qofYH87QEqAEgiX6e3dpzrpeZe53825Y,1
15itJQHx6XSsruc3sNkLyDExXVErTGb2n1,2
1HioXA62GRtvvxFcjiDx7iTkGgMbMjHR1i,1
1Fmkt6CYms78KRfYdss7jFqdf2D9b3MvAY,2
164E9gVwoSELqB7Nbft6QkUe3nPURBXZ9f,3
1MZ7ZkBy9xHygUg9nwT3ERxywhmrUJUHxN,-12
1JVH958kJEhRBVMYGYffh3ekc6g3Quogd8,1
1MtAf9Rrf1T4QFkKYPBNrJkNGt9a9LC7RZ,-9
1A3Ma6DwbTZYR914PdfgpCUVP5bWdEp8te,2
17cNikb1mzPtf5FA1WxmuVu6E91MvxUTEz,2
1H6KktngKM82XC3r5DFfFD7kREGYYsivUd,1
12caDGEnVhPwPheYW2FhVynmdaXj4xC9iw,5
1F55fuhTkpFqwmpbmjwDNbJFXC2gnuK5AX,11
1KuhzTR9JnHFZyNPavc2AbcwCoGPKikw2,4
1BW91k1m1y2FEtiFpmw6TUSQgBpatfw7B3,1
1Q8WcWTskjn1zMXPw7i77KTuWGvw34pSxJ,3
16Hk1LZMfMBNXzRBAiWxrtc2kGomq4YPf1,11
1H5QptPENgaTPegXUDvyKKfmagxdJ6E9wh,3
1KGWwacbGSwpcqiuEWMzNym56cpMULM3mt,-10
1DMRJ4enHXU6xTXJMFuq9MhPUPiVTmzHT7,5
1N3caxpG4GvLm7x5yyTqWKv3qjHaah9TmE,0
1Exodeusuan8ye2HBvhUvC1hHLgY3EFXLB,1
14Asrg7roXxxCYD45Z78Y1LxhWoYVwHtcf,3
1G2f7igNqsrNn4J1CGwzykbULFphcmLg2,1
1MjDZAWjUfcJFeEbrFJeZwASHrFML5JPF6,7
18UYwzwBo6X8TFhHEgqvCko8fr9kLTcgiY,-3
1KeHZTtAqbRg3fUYRTCjvbWGTLtScdUNr,-10
1A1swMXP1YV4uSeKRb7BPPmy27U7xgMzoh,4
1vXhpZpeDWLmp7vN7k52x3WwRSZK3DT6X,1
1KNpBuZFMnxrzPY43LNHeMRJPHvAQUyxuP,26
1GRazCon4gDqTh1pMNyh1xHVWnbQEVPfW8,3
1HaRDD9eVVL27U5MKGEGe54GDsQN2Nwd8r,15
1thLDNSsEJaiU5SqxLf9rpLfSpDEwUgha,3
1D5FVB34bg1rn9WbLXzQgqBeckMKjKLWzF,-1
1LwzFpxufERqzGXPYMqx7nsxDDjEK1w5NH,-10
13EaMZhe1uGBhrwKVUNoEVWmqJnX6seyj6,1
1D2sUHV8XErRr5kzpiMXCRmti79LjvPMFL,2
16XcXGoca1DqrESAvozJjpUEenTxrHDxLH,6
1FhV5d4Az4MLD5sSyRQeGBCmtbhnyQTFd2,2
12n1Mrdg6B2ib26XM77zkGvFXLV846GgsA,3
1MVgtRDAScY1LqksK71VPFH3yixRwCca12,12
1KauSwJQ9whS6ujHxCkpWikNf4wSbVGQ8g,1
19nVY86e7BzkMa37VYnGuasiPa5gueQqLU,1
1HdzXs1XMsLLtgJwmHXZjN98WZCCzmthRc,1
17PoycjA9nuH4snLr5Bz7d1PdWwffKGTqZ,1
15x79md1PQJpVv95ye683NrbRJKzWyyYSV,3
14a7yiwt1V4B2YVdTrqmRMjaqJcY7oZM1h,2
14Z6Lp12jR6QP8L9T62Z5aB5VLvptzLeKs,3
185CcoR5MFGLryPPTcTNY7VftWfAfvsbPt,0
1FJeLc63YD91NZT9gFjC3dd99RVA2qW3yA,4
1AkTV1iJq6qbsoMECBmPARYPVsemPhW4mJ,1
1KLcP2MLKxx8CkqzDLMJGCiQ91BfCoUxxK,5
1xw6QFuj3jvQ1spfT9H5kqitaByeJjSRB,1
1he1osoeoQ9LHFh8ioF7gdWkPoyzfzMUy,50
1BPCQJdHt4RPgZZxo5fnbU8UctKdgXN3ip,-9
1JustinZDuhp6TETyLraq6XHopfrdPUe9j,1
19WeeWbTqpN973c8pf5Buha5GxCH29zMuT,3
1Qf2fXXnJgFRKemQs119ZRyP9p7FHQFW1,2
1NbTRHr3DfABsLm9oZJdaQtCTpcaiRjJJs,1
1CgzVgFe8o5nSAHZgDB8UDjc2ZM1Ff8QiV,2
1JP26TTW6QXnG9Hx6aPEXUbVbzS5nmc6wQ,-15
1SomguYYsdeBFYv9ujGt1V64PwssXco5z,7
1J5hg7oPToC6wvLUTu2zhrM8iTm1LL2fnV,1
1CDXkTvasZGKtouJcLFBVSQ4t1LygyLD5q,6
12J1AvNDEtao1iQQaUPJRRF3gymraExn4,32
1NoB36vZVCHHZ5Xreg39vcLK3cFbgSxRUP,8
1HfXNce5qpFhJo5PNZYsBo6gM2Rot1N7QQ,20
13gJh2mgymsdKbLurMgDn4s6MmuypBnk4S,1
19iNahtjdaW95UttczKQcVAr9PvGsnbof,-43
1HUipyXd2ifj3NbRSXtyvhMTCFvAHhakHn,0
1Fio5JoE6JVdZ1XUsns5Yqe5L2FjoLj4xg,3
1NjdpiCgipBYcTJRoMnc5pLnkHbQx9mbGp,-10
1F7JGJkJfZH67wYcDuBaHkYeEH6Eu9Dghw,9
14pbntHTA6nPFULrMvB15bHX95xdfTWLxk,2
1NvHcjd6sq7CqXCWviRJrVVHyBHygazyui,1
18zFpLKVNqmyLNTQE1mURG45miagBAYZXe,1
197yCsTLZyzWRtNU6ePtM88Vdnu2pTAwTf,1
1LEo4e5BbkFauNZNjPHFDgcyUNsYsvtKD,1
18QhmVPoLrRnAPf4eoB4pCkvRzRMYhbCC4,10
1HLGBMizXfUdbeKQPGjDbTBL1WkvUcKGHK,-12
1KgQYutjJH68EVxxY3FoCPJjm2xRRES9hN,15
1Q5YDmVKWvAz4rdixSdERwWQQu6h8GpABu,-8
1FAaiuyKqXPHUvmHUahjtjnicXj759sUFK,2
1Dhbx8kqUoPQn8FcFBWhqD2nzwjtkhwSXu,-10
13dmz1Csw5uDpCsfTguGqLS6Y52uFQMLvd,-1
1PhPCWeYtCa79G8RpLPHX8bLQ7fYTuNmdH,9
1MtpTGMt46TAKg4AjAjmbA4EHPRvDcyFvT,1
184f7HMYbjjv1oM6q4JQjdmETK6np3AQPU,-1
1HCiNRXftAvUtqjoMWyJy2n6hwkYVQy9qG,11
1trrYz1qgoQFvwUMRTfgzENTtZmMvjM1K,3
1KdBgbMQSMjRtWDmzZdagccaoRKiffSMd5,1
1Anduck6bsXBXH7fPHzePJSXdC9AEsRmt4,3
1LVMNwaz75UYtwoYqh2YddbeSf5X4geq5H,48
1NEz8BKoVjojTPMG27JWLVWorHdd4uaXGY,-10
1ALjxNGbwDcF12Jq5AeKsfgqfQNZmwEgTj,2
1q1xfY8mS3xsgUeMxcCyMMsQRvFfwj3VS,1
17mAa2HNXp7uUuAzSrzxtMaeEF1S3z2NQJ,2
12JiBKxhijrSLwCSuvajDdqE9b9GwiU58U,3
1o1BcShERS9B7nqfc9aGb7C3ns7gcicBn,2
13dkw1PtojBW74FN7ERbHqoEvgsTmtARuj,-10
146nLZBf5GmaZBWD1ivYSxAnxdWDqqqrL6,16
18veEwm4HDGNYk63TMKyf3s6GG2AysFQnQ,7
12S1XZBgEtpL6neKMKSp6NiUtEL3ArwNRY,9
1K4wMVmnz8rCcGMUCGKPAULnboJUzEngu7,1
17QAPwXnqXX771j2CB7y2ahuoX76X4aipv,1
17Cnr2GQZBuKB9npdnShvWEkcsHyb7p7Mp,15
1dXPeSoCZyeGQ8BoEQ1Knzo4dudBRsy1j,1
1CXJFLTUc1Z1DuvhuSce6P1VtjcXursbzq,4
1MsuDxViz4EgJq9n4W74gWU8HG3c4cEwWU,1
19KnhCLSBn5JoP6ZmWTVjcS1RxPVnL4UyR,5
1LpEV4eWh4EXSxMRnN6aievXCzjtNA1PLJ,-9
16VxhbRNPyfREricKW6gmbeK1LTmCCiqEn,1
14ZgmnQvyVkjRUXYVzJSTW2oGX74PWHv7o,-2
18qtzqNvYtfho1n3Fxm9dSmzkbUrVicMcn,1
1P6yWCjPttNX1HsUnUyPqnb8dBUmpyvCu,-27
1NHBFU2gjrWCEgiEXvCW1LkqrDfE6vCp91,3
17CS73Sdmm21vqgYuTa7Stszi4ZXRA7wGM,-8
187uvUTVBcXtvW5ZwLMBqzcDaDW8snrUBf,-10
1JZasFk1axXCcFdeq2ZcCiDXiGraiauDsU,2
1JohnLuzn7hMsByqE8vU7dyyEp3MhxawPz,1
1Had5bBLe8pZ45mL7N5xgVpZiNpC2Z9dB,6
1P4Egbzqbke9GcCKfLYtLAGQbrFhFSBPWe,1
1BxyDaRpVEMn9CFpEMbvHvfnxsD51ykYHi,1
1DV3Cr122uC4eK1aEpr72CQBhpSqKmfbk3,10
1LtsfoqtxgCqEDcMS8hKeGDckP3UYoMXHi,2
13T9g3r1gakHyACfYNQ4xpLZLbf9k4oPUh,1
1Q9FavHENPK7sATGm8ebthxG9EhQmaamw2,2
1MtxqppSqWYuaW4iGWBrAy8BzyazWt5nCh,-9
13DpQjSBpabB51RY6gKDddkUBUKYseGsHF,1
17F4grt9HoxVzYdQRt74mp5t1dRyB1nA6T,8
14jbS3Z6VXbXyxYSNETM4zSMLGCfJLvF5R,-17
19MfMT8yGN4AHS112SPsqyrUyFxPgH1GSN,-10
1GT92vd2HnYePWSN2mgbgi9pmfBxeUkdTH,4
1DannyEt9d9uzC6wH8SmFoqL2NPBf5kqYA,-9
1Gavinar8cppmcRuhMdUXe8s76nS53Y6ND,17
13vkDD6EkSdQiwySSZ9onBEaHM42t7z5EM,1
1JazbKyPhw1p8Vjjhv4RgD1jqYmeZHRKbk,3
1KmHCEeMF64vaYzo74K3KXLPMiC5T92uzB,1
159dvNw7eYv3t5yBeBh1ajKJ4x8TfeaJpR,4
1B36jbPnDktm5if2G4dfmnpdmoAXHWmFLS,1
1K9HP9xCDwLMRvP4Yo8RMTzAWseso8bgtg,5
1Ajx9sbnZFqqMMi7RwK7TcV6AJqx63WxkP,1
12iDPPepCBB7i62D559faUY32CsFAgixCo,1
1Wyerg99LmsPqxxU7miB6o9YGitHhbwA2,1
1JCMUQHyXpetJaEmXiXG8TphrBnGS5fCiM,3
1KckX4PkW6CMxTLcQce1Tn8RD9xqaoRGTc,3
19Uk8zVhdgfrRo5Z6wH9yghWxZUtdiNtX9,102
1H31uizp7GMFqD4aWCmZhjqEidEAuLtsT7,1
189ovedivX7beuMgkF9KppE3J187gdzZ9Y,-1
19EiWtEVGfr5kscS4An9o4hQ9Nb5TeaPkJ,4
19Taz3JDQJYYJLAHajR8bEqJjLDr7d7b8k,2
16hvaUVDPnrJDP9ovvW9pEPvJreau66hiV,1
1LTuHsWzSa7LovoWt8yBAQv2CSpB4PEao2,6
1PnMqgqLe2PkQ1P8JzK96hBqGJ3d2oiL2d,5
1KwQv4owkcxDiMrFKzBf3aGHq5WGtwuRat,-10
1PMFkEn7tcy9eWiVBiBe7MMxXk3b6vnrf5,-9
1HnoFBfr3FurpFVnz55n6KMi9DvE6KjdaY,2
1J8TcveTztHpugJgFQLrPcgfp8t5SrbFbL,-4
16XcxqE1vqwpii3tLAnDo4BSEjKTjEHN29,1
1Bnz8AgAc9rssjQTTYgyVGDFnvrYVpeUFs,2
16uvcvFhwdP2Gg3DusPHKf1NrRecbEiAQA,4
1D69dsuv5gwZGfPNFBEccpNjNXENHhsKn,-10
1MWZq7caE7HnbM7weFv8QLrWzYA5Pq1tdY,1
19bCbQ3NH77oxL73QLY3HV1pLhy7Cu7noP,1
13rYA9Vv8nLbLCXGLw5UT6ipR3d36Nhuhg,11
16zPBEYmMtCtmfVeDhyDGTS2YBo8PmvMTx,14
1BFTRLP2fr3JX6ViwnhFJekqmFhWeMqLBn,1
1FeX6AiadX6k3vqjsfQaQ9XrHFr468vmtZ,1
1G8ejJNWvwxD2vNx82K9vgKVegS1cGgKFs,4
1Gan81pvNGELzbAJ8DwNWzLoN3PG5qus7L,2
12ZgFNR4BgnYVxcUFZpKhTtxaNjoyY4SvL,1
1JArS6jzE3AJ9sZ3aFij1BmTcpFGgN86hA,1
17PQphzgUps2NuGLPcNT5c6hJLxyiBTobR,3
1E7F4VBjUnbJQeAYb4rPwSBBpUfjxcGmBU,21
1863fyvK724nGBgSmfuaszUhRuNGGVhZ1T,-5
1AXMtPmibcaiZ2nJcZsFt6XeyDDZQHBSV,1
1QLAtEHyixzEiD9GGd3yn75UiMAXRLhgh5,1
1otimm4Q7rWfRjq3yShfF7VJcGH3Bqtbj,-17
1NwzFDVrivQaJDvRdAjjELxZyUDjS5jSgQ,1
133G3SkvDoJwd9Vq7YQxfoZuhi491WkaTy,2
13NfPm3kECjif5DEv9TnYAPpmDtHP4dyX3,1
1C3BSWp5gszpK5vPN3CydRa9rWKHdudX5S,2
1Apnr86abBHVqo2uvXE3J6x4PBd4rxkcDr,14
14Pk6SCCSkYWsxB2NocB7hD9EdcTqXpPF8,-20
14QVpa4xANbZu2EKzU9Ti24i27Kn7DwrSX,-10
1KWLD8y5Z8iyNzj7kPZFASpSwgiS92sWhx,-20
14vFoDA9VgdsXFK3ao6JqnBXPZuPzNgztn,1
1GGXQWMqgNtH5FSX3i58zpUfD8y46i8v9V,1
172TXjeqjRj3RqKYQbNYzB8MqnwLqzmoTS,9
13TJAte2tQYBSMuRJTQx1PAQd1fmGWHKGu,1
1B1TcoiNJA46zUj1VdgQ5vNVXzfz6xzPSW,26
1AwbR5HeqjtyiXMSNuxSN3tc2R6hEUzWyB,19
17BBKmTH5Ztg3mWuACmRfmAGZb9S2PwFem,-20
13o8y2kkvVdJCG8YJmecCxSodERUscn8F4,0
13pj2N65JD7wPfw4Wu5x6Xae66USge3Kw1,12
1Q7qC9YuxhuvQ8da3HKR1ucP4XhXkwPAh2,-9
1CRn5j8rJL3QNjXDCoF1ZWZop13YjUgPBp,-2
1GzDX7ZNWqxPqUqYdZynz2qpzDnRKjkyfe,10
1AdmDT6BzTBAU6MmDVRbErstDeu1Lp3DZM,11
1LaFpCKV8RH5kzikPAH5LB65rxTKxkih8x,4
1Mwc93DQfcdaa1NuRE5M9vihkVp5vKFWSG,1
12jmmskcZTqZrXcgMeqEBcMTepi5NZAkE9,2
1PppeYKZPgfgxBKuu8p4cVYH6uZhxS6Fqy,-10
13fEY5Tw9ms4bQNh3Dnr8JNSEdWvmJTHbq,-10
1EwWA2g65CQ4sVffY5NKgcTAJxVNSDrGkF,1
1CvG9678VhHjVzr4zzMcGHm7TLWRVfbuqs,4
17dMMAPu2EZ42MuJ3msTfm5ReWnu9kyLzB,1
1AevnUxC34yEtPQiZhTwsw1Qv6s4uoxjuQ,5
1KxEYmp7DF4agHXkYwMA9YQRrrLWCVXtvg,19
1GhTXoCtACy3kum2GzZketwdDHkhFXDfWR,1
16wNNkcrDzUpp3W8uLkJnTyZUKX5zwGMad,1
17y3NrWvzAZ48J4JwYRbw5744UrcXTE8U2,6
188dkS79d8mkJwqCCV6v83dAKc2wM1GvD,20
1DvWY6LaKJSYSptDoMfCn2Hb7inQ1D8Ld9,1
1PYujRp5nsDvQiBRHSoegTY7vikxxCSuVA,-10
1KXarmngRew1kr3tHj4RnBJNpcEtJxiBZL,1
15An2DqTKmDDGQWmXScrPC9XQKCkmc4mfN,1
1KhBmCx4oWAUwT9xX891ZuZUCpJNQXounm,-1
15zXKM5Bg5P5ErQyfK7vTG8ob3qz1qYT6U,1
1M2xtU5H4A3zseac7bXbKCyY7qWaPWm3i1,7
1FZTKgwjCGLbmFA8PbUTf4WR57P7JK2P6P,23
15h57WY3a4iGyr5X9woF3QEKgn6hSCc9sq,-10
12ZE6HmHzJYW5wxpcnyqWhL1Cpe86tt6aC,1
1J4yzUXMuhuF28M3VYpqtmride5tj5smbi,801
1AfR3LojXAftSECm1CZ5zD2HaJrgdeJDF6,1
12fGgbgMyqMkLf4muL6MM6CGGJqXzcCBF6,6
1djootp5LWFYgBBHnYkKG92vnzgLMt25R,29
1G2Adj476qsYGjxa5oePA8mz1odmj7dAPE,1
1JKKRnhaiUFG8axp4VPFDrQ5x7hZTLFt9T,-8
18uFYChiu2j3rGr3VE7avKjW5LatpwDUor,-2
1A6JqrAjw22L4SDqBcjxfv6V8yqo4aPWsg,-10
15rjcTNHHcyDC8ZupESF1LnySntzCPGnhJ,-10
1EKAqWnpHy46eAxcyVf4f9fSmKo3QYiupf,1
1nyRB5Ci87EGdK1ssycF9rNfMwAqHMhQ7,1
1C6Cxw7Zb5ZkyHorU9FiFFvpJ2E8K2XS2a,2
1AghVDwg9WdnFZH4etcBDGmUUV2fd4dca3,4
1CudsPL8VqypYeqx7beLsYGETZDiwMq3gj,1
1LAe4toPq2hByVbfzGaFiddYUVk9VLKKT3,-22
1phrogzVS6CQiXTqwYaHfgAci1Hdd8DFd,2
1B9Wxyi8QrBpwnr7AFJUapHMx6EnB9NkYp,1
1Lv8TbP77PufVKWG4zVsNrwpE5wLQWpwsZ,416
1Ao39REbekjxYoU3ZxsAm5iy4ZWA7LYZH,2
13av5JJoGRyUhvZdEHmxNLw8uq5Ahz9PVt,8
1HnqrNYtGqj6tSkp36BHyWT2hhcSugqfmx,-89
161PRmh2SJcGZW5d2FTsEMmT8xY8Z6vRae,1
1Kewq8CsRQUbZF18w71yWoUhpMETgf5nb7,-56
1BGZgAXjdqKkBJbERa8UxUXYuFKm4Jdvzw,3
1MVgSHZv4LJzGUqDjEJPKi7iDYKtqKhaPy,2
141KmBZy6AsH9ZPc6nSDiLsq9rG4FgzP1u,1
12KdNksw58F8Uj9iH8zqWtR1f6Vkzu4d9D,10
1HPWARAvy14LgS32TadjWouSLhj6xsi8eo,2
15SL2gUaqcDU5bFpXMViy3H31MRUQTMntt,1
17xRETnBaHuhc7a1nYxoUF4Jwr4CNmoien,3
16VXALSZ9XJBz4JW2xi9T8pDf8SHrKt9tE,1
1CxUEwBT9bDF3YC6sHz4DNbvsG2bmKNXGv,-6
1B7ttsWCQBtG76cZTQWid9tM9Fr5vEDKPs,-1
139WQDNyueG5jV2CNDsbqWz3mXfodbex5n,-10
16R3F2Gm8WLXeKcqrgLW7VqdNt3EPrxLwc,21
1DeCbjUejTzUHWorCw3Mh8eVj9HCnSrFLR,1
1EWEU6PQqDxFQgTmi8gTqeBfXasheZi3ve,1
1MhrUV8jM73m4mMw1h3LuL6VL4dFLy9y2S,2
13373CuvtwQGgDWYv28pm3mTxy2bGS5U4D,-10
1Dbk9RSMXLAvAga1V4NzJBx5GRAY6Dng1Q,-31
1Jdgj62LRWae4gXEt1p9DidA2k3y1EK9PM,2
15xPSj9hJUw1AYweed4imniPNnMbMPGN7G,-15
1LSykd2sCr9rS5jJqVe8FcQbVcJx5iBrVy,4
12ovgPQ2PAifM6eMj5QZvaMa9aVwUb5y8w,1
1DtkYNH3tQWD3mTke4RSrKAD8wMVGpBDa8,3
154LtvKFM4g5YNq1aScG9mSvRqSxF1bRw9,1
1GfjMEygDfuBbQ7vC1R8r5GwmTDjdhLty3,1
1E9U3BdxcqU5VRr68RqdPoJrnFhMFubcCw,1
1ErEEgxAcbqhbZpne7AMjj5nSwnMMDccQX,91
1CGuXzW1Rv1kxum4UmPHejfBWrSE8x1QM,1
1Ft62t8xdxZkf4FfTLFrMvvHfT5ErZfyYC,1
151UCnWWgQt4cMbCxZrtMFt3Cc3eEabhz7,1
1MWsj5QwNvcRv9mXoaxf6Uqj9qEug9gpL6,1
16skisUiZtLkYWRk7XgzoHhPtwbYiNcgmj,-2
12SARrpj2f5LxFw2xbrQT2xcxsrf16EBrR,2
138QpusWigaDrY9JfVrB8PCvtz8QH868xs,1
1JSQQ9eESgtSecf6wrGyzNTjwg7aZ3HnW5,2
1HHMG2mQaxPyi6AuWBcJqMc8TuX6xc8rrQ,1
1Cn6PU7UueawaJxTn9tg7sMirBGkCE9u7h,1
17k8vDrG57U7K1c3TUaZ6KXFCQGJmeF7me,1
1LvkuMSNYyp7qN6Q5DtpDrHbVDrySD3DMj,6
14hBrY3ZVdsC4ytoKaZBSfZgeJvA8K75m6,-10
1DTWPS131MYkXVA1icG2VfWR9MU9F6DMmg,12
16YpnATUVKw5SMCk1d5f18GhvsVTzsjhb7,1
1PVaepPu8mg2wit384272x1E22JTPovP4,1
1DLWGWQTsw4ZADeanynm8t3Pu4QS2Kv6jf,2
1JVCH2aM6RtpMKjrN6hAV7yRJ2BUyy64uf,1
1HJWP72eEfaZUp5jPPpTbfXvFg7F9M9gfD,1
1HVoJFqozUE9kjwE36udsxwtCNjgGbta5v,2
12Dgs69RMi95d1sX1vaTRVE1b6ZuGZkzFX,1
115EXwBfxpX33SKgL9ki915URzwB33oq8o,2
1BiEo9RRqpvojLGA3rWpud6W7VgW7GkUYL,13
1A2jKVPevejQ1Emde5wV1fb8sVkPb6PPAq,61
1L2RM4TLoo1XnYBm4Va42mLjKkayf2MKNN,2
1Lw4wCogbDMPNq3xSGLWfHGq3c1TcBcRDp,1
1DB7V8VyTzt53nQDAMFZ6CBH1Wwa2HDYiC,16
1MXrZNZ6hQGJAE2fSUnu63krcGzZsMPtaM,27
13MjP9JS1nwPSoY8WCuXms5NbgZD1gunqX,-10
17fZJ7UNTTxA2hrPLFvuNHbBnqpXJ31GB6,1
1NjLsDdG3pTx5RBbAL3BYB37iVzUVnZe6f,-6
1HeW1gui41g5HPvXhWt3GoVJ7CaHx5bXsy,65
1Du3251Bf3jdENPHJys6pBHecPUkdHZavF,1
1PCvSvmVRAh1nwRFSNVbvNsahFuwwqnBve,52
1GJ5B2YUZ8iRefbiT4urUmeJs6Q2457d9P,1
156ZGwAXWdLKz4WJbEb5c6g3K8LxVWoVHx,-11
1LSCg9zKwrtiy6yJxRytWr8VXDVN1obS9a,6
17vk2DasZvQJNb11ge9J3kNdA5sGs4T8Du,2
1Dy3Ds6vi1UC9Y5xxpy495xSXLb2zZk4nH,-149
1MichaiL1SZsctjm4gwoSZEueCWN38i4RW,6
12suSpJ4fudW7DNwzbxQsRSKVuNkwuP5RT,30
1KqAsTqWQdnwji7y63o4KvHNTWVtNkoirL,3
1N8niKS6hqvtXCo88wwZxtgmtbr7JgfUeA,1
19r4usQVGzyuuaQRedURnTb2BVDt6TZVkc,1
15fYHQFF83KRKJh3P84aSvMgJ4C8Mw1xt5,-8
1JSuUaHpKCWri42QvoZ8zjQkqqzPNYKSE,9
168beWkFwVvoF4iTYWNJJCKT38NvzkrD2K,1
1nj8668TXHLktXN5JJy57iMkyBUbZnxMF,11
1M2ykXxKaMwStGtn7N3zQTWixf3qLxYNGz,17
17xWMbBuUtaWmwd8mfJtZh5VjJHNQzrop1,-17
1QJXyEn2FcafsfySSXyMeKB3vbrCU9xk6q,3
1JwSSubhmg6iPtRjtyqhUYYH7bZg3Lfy1T,1
1B5CD4EVxyTTw3Vxmi7sRNjgWSNJjGdeHU,1
1PYZjeui4cxK2R7A7q1HhbEXPXfqS9NEe8,16
1EHhkQ64WmCTPrhKxXv2fwGXRprsgpAmuh,1
136KDx575D7RxzbHwU1eR9ooyh59cmGzC8,2
1HxWRfDgcCezsMzuDHDRWpM2dKuyesfHGC,18
1FRsUy8AbuvkQjEiMWXSrs3v41JtFecS8z,5
18t1552pwwFNEWKFb6J1KsYbmJABCJvXU,24
12KfWiw2aBiG4ynTnHJmZH3cTMHV5wNEvw,-30
17Kx7LWZCpA3yvnStnrVZ3EbEiaMet1Eao,-10
1MSkWiktsQqaA8DVaHZt9B4b3Sza6TDVvz,36
1Ce3pmT1FEHbSJqcTnigEbZej9DV1rfTKA,-20
1Mz3B5yjxeV8L1aCxihSYQr7hdLFsn58qV,3
174fdhbLqCN6o4YK1Ec66u1ccUTUL7Brhj,10
1NiePhXbSj4pEuS7eGcx6ycHRnhmvK56Ei,1
13gthFUM2xdBrpgc4fpY5gd2oYyY68mbT7,10
1MHP1b6wCXbEhBYxre4Q5f4sA4Hgvj64ZB,-2
18yrW4nF21u8VDFh2YC7W85N41SWqhmfUw,2
1D52h5FkAmkzA1sVybxMsjXRh4VqqLb6YN,-28
15vuNkFKGt8ZvspW4mBNKnbU7zaYKEhK5Q,2
1GMBRXgLZTL7Xvi9AyRBTtDKYZaDW3DFGx,-10
1AMGw2CAAX5SU8GVgVuUe46mPFMcHi63di,6
1novusxwhCh11QyXp1Jj3e6hdhk6qZZ3E,6
14ngsQuDknY4JiBLvZMJSyCGT58m2Vhtxa,-42
1CDuyDcCF7nJPNDeDZniF5KCyz2vHFm2mz,-2
1LYzNTtgMBBV9MYfAoxSkxHn54mVohbiRr,1
1N54SGnZFqukNwKL8yPq9Pne6TGqMGbWW2,15
1CP93Toyv7jJaJ2s9MyWmV5Nm7g3iverwA,1
1QAuGAypWAxwNaV3ucQzuUrPQmFX2KC3j7,-10
1NQZT6jh3igPBME7T4ujejZGxdbjMub9DE,18
1NsfeUoN8Cu1fc7X1rC5MHb8LHoKAg8Dyk,-1
1GEEKdUfN1VRbnErFRUWu7xJ6pyFZ9M1FQ,1
1Jf42AEt37Yizk21pVuJRyGMnsg4W5Qnsz,1
1BHC9y4re2o2VhZBNUQXJwWGWf3JELrEBy,1
1KE7MAoW9bHUiDsXx5TgCtG87rSmARXNKY,6
17U9g76oE5ioSVGNqdeYnczwLVwn6SGJbK,-2
1c9r2BzVeawUG9qSwm52fLMFet4SdZPjL,-1
1Jw6bG2h2Ni1aCTYcKJgzfjDi1Q1oSf3Uh,3
14jbi69refYcF7MqA4JXgeweWjLAz5y9RS,1
1GweedoZJYb5CNLfSaBgBBYS2y7BMVb2Wo,-2
18bWjYBd82sUEDwE1QRcFFn1oyEqm3Qk4J,1
15vNYvG7nKRsZPWPRsjhrw6ttC9oBUSHQQ,3
1ECfresuzTczj1ffbSvWvdW5ErwbHuqJQv,5
13vhnpMRu2f27mgVx51wd29vAp2QcEF9h,-9
1F1TtVbN37VFujiaxoeks3XdgtH2XdWLyd,11
12dfNKw6SfFuGpvy4CmMsVnGbYMmdV6P9Q,5
1ENfWxDSpwatCsXVqunWJivP6PoRGL2tf9,1
13EEoLG91Lq8sRsqvLuLcfu1NxviHPDEL3,2
1LpesvstMmW5deb5BSzjfwTpDQD1kES9hj,1
1GrWzdR6WpC8i9dDMdPC1zRjpn8hgNRHxa,-10
16AJfQ9LSQgcFqVv93xZPXFor8GQEiC1wL,1
1KCZroMEb7jQM1MwzhgFg4MAqGUuo6E1N2,3
1B7S3g8L6uLcsjjvciu6BArmHohqE83xCV,-10
15aTVoGF7JW6ACGjUbmRwa1FddLb2B1J54,6
19LDhWVn7QWyRMwkpy7CZR81z9LEvkeQSg,6
1nushorGKTLvARu8QLirNwFrThhJrCm52,-675
15fy6d68EATWFXzwHsCnBjWrqieANEJ1u1,6
1337U83UQ4tErbzMWMB8VyS7yVovxBtrUm,1
17nFxZjbJ2SXhP8mxEt4xWGnHSjoWDmh11,-7
174NNPdyVULTXvSGNWdFEruyh6xJRTHmuC,9
17s1paurZUVJd5SJFd66jZyL5exHGcKDDj,2
1Kv2QMe8Psq8973fUgyuRhpHoHErzjSS3J,1
1LooZQ3cdYxxYfSb5RoYfHNM1Td67prCr3,5
1PFgdxNV5pBYCR9zZMpkpjT41aULa34QtS,2
1JdpfrPn5rzMEcGgbpPejsbKbCihpK66hB,13
1yWWufvxRKBscgBVrZHaMggTmLGB8evrr,1
1MKWte36KsikAy9qjLx13ehBR5oyteYAFj,1
195uMcZimXKcpN4zTNRtqKWfJ9doWSjQ4U,1
196o93CeZZgb8KxsqdSCLE6EMN5V4nycqa,1
1EetBZrwQPPgDT5wm3HXqS4ZFStqKvSEez,1
1CVo5cmVeYdUcMKjLtbAT3pfVj7yHZErpY,1
15S3P9FfFnfW6DKj6Uu6VmVs6jWx9zaFNF,1
1MvrakGRPkDQhHKxVnziTf29v1Y7WVxYp,1
1GRomdeSDtKudakr5jFUP4DLQSoeSzvYp5,15
1PgQ7mLoYdWGK3YAdFVYz7HBL3JYWZdNun,1
1GD4zvjPCiwBPuNWp1sfuzmktKtGespBFY,1
1Dt8P1pPsXRG7G8qPaUPdzammP8w1BgVF1,1
1EtbEcYJ7M9LAoqh96WU99knT5B5gMTsgt,3
1MSU7BvEJDJTaxv6aMN4pBzy8etq9zbYtk,2
16193nPH2mS3Q5U2Ui9HMLPxmxR9r4wxu3,1
16fWKdnws1KdaCJijufmXK2TCbwVGjSeUK,1
1KpENNpCpTmFZCCzJazGHhxjaky7bYzepg,2
1McKayQNGaKdkoJnhSLWHEtWW8t9hDpan4,2
18PSugL8MLGR5bHgEWh2GxFshLqRWJ4MnD,11
1GfhjK6kYnPjVPhSP3bS1xuYu7cpEYxU1c,3
1FnCPWSPjPWRRb1p7wGaaxV7JgCxaBNgqW,2
1DAyvyioTpN437DxfJuULp9FeWdo4AkaBv,2
1FDjxawYBuuE3gpnV4yxFJRaYtVQFHsYF5,1
17hjk2AVC5jWAjhsrZJZSWxe1RsraUPmB9,9
1Ps3dwTmLGRdNnryMXtZJK1qWoo6WhLjJV,0
1G5Mp3pu6L49L47P956mvUhCPpgPbx3tjj,3
19cvkrSj7tEv6haVxkhNoSUwMqYA6PEm4t,1
1D4LM66YwaoqcfHF1366pqvxvxHxvq66EZ,2
1DuGhXB9Gbq2fPemdpmZHHjUuNs9aSvAtg,1
122xcd6oVPWheckuXxFgUHg7TmbVoTKzPQ,2
1E3tNTEccFeECBLQ3W5mxaGVY6X3tpxZju,-10
15AJBpx5TimreXVmSn2gNnKwherBEVy2Ch,1
1L9mwPouZk9oRn3hLwnUiGTTynv1s1PeAo,2
1KW8QrP6TvyhPqxqWHLXsbB3Muau5as7Ct,5
16JyfAfvuamK4B71D4ykYC47iv7e4aUFRQ,1
1MAP12avqETjAamCPYxbkEUioVuyX1QuNe,13
16AXNu4W2BfsDSYTpfqe8bEqkkNpv6z3ho,9
1AVuWC7b6L2WGTz4LserUZA7xkyRyLyeEK,7
1BTctaLKe2mBVmkGmoRASiAFxzwE13rC6C,6
1JDMMLiNWhy65yKRpPdqQi8ihzaEQ8tzwK,3
1GUWHTaQHd6BfQyWK9tSiP6Gtemjdos2z7,1
1CN7FFXWun26LTZJuZCFvm41YmnZEXUzLj,3
15r5JSPTcCx2T7zWiS9SegBqaJMtk2kfn3,-10
15DEmhUJUGeDtqgyzE4DU6yWFCPFvpW5aT,1
14mcB6jiqQSgT3XGRSPNSaj4FfXFT1cHUr,1
12yUFL6Mv5cpbeFntEPyiG7Xi7BeUTJ6ue,1
1PNpfGesNR7mZGBhoDTQVTnZaaxneta1Ed,1
1LW9qz7jpaxx2hKx9DBYj54RXBS2Pnp7DK,5
1LfLJiCpmNh1VkxSGpaLc5ZqzpN641PeWe,-2
17CPNC71V7UBd5F1nTkvHxC7JVvqrvCbio,16
1AtREqZNz1j5dwHVMefu2et7CcCUk1CVVD,5
1Fzypu2ygtEspVYYQyTQYDMwojuRCHefLr,14
1ADjW8CiyFsGVxVPFE5gCWa2fKXgPt7BxZ,3
1CB8ETnXWVVnAQ7sjWbiHvLxRatgH61KjZ,-4
1He1KKiN6xREvQEoF4x9Cua4kaqriwmuWh,3
1orbixxBSAyHq1tTbTV5vWm9eKspw1Fpm,9
17dtNcB5EVkeox8Th2hwfKhEzd5FRnY37N,2
1NUqbQ1QisSUTkhaKX1ArZXwm3gvR4PNq1,-1
1B5SFgPBSXv1YTjTvjX564g2ecBPzKNWFm,5
1GoTV6xGpxd8jdEosaQeHuCThxa3weiHrc,1
1HCVRytjVBWzyd32ukXhDXvGLvu2nLgAek,18
1GufbMruQSu9ZM5FipGxLv3CSpXdvjtkhG,1
1KJGxHkUHp2oxik7R21X1jmSYu7MPqHhAD,1
1FNsyH6KpRShd1YEgdhK55oqpcN9jdsPS2,2
1F88tjiiveRCrd9dxv9As9v1AgL6WSbpmp,1
1KjPcHJ8JBSQEJyh6NpujHUMEu711srwRG,9
1KYdA6WYywVRsQLpQngErtUZH8GQx8aBG,1
15e7Lw58XggBYumYtszstt2dGZAeUs4CPS,10
1A3teK4g2yCnU6yRNyGtLTvRL4yDbeaQLN,1
1Jyf1GQ4mczdG3RtPNRH4MdpVEd3ouq4N1,1
1BroCKTiCeVvvRnkkp9p6FEyCATMjWQgTo,25
1ApCQU2uaVe8kF8wWMbN48keSMdpMTN5gq,5
1CkdBL2jGZEv7QdvBcmvhZ6jk9rMrxjSEu,13
1D53H3ZPUHyoFZ5GM3NeccPKzEvaj1avBM,1
13AFkA65ecAUGiPrTFAcqbuHk7J3GJrprX,1
18EgW8SXBDWKCEEkfWJz8N5i4N4XT1LdcZ,1
142ujZikc23m2NWvACDznBa29hBYhHFtum,2
16r2dFZRtm8TXctvjcvGeNW2MfiTNPL9up,-10
1MCRLTT9Gd1TFuoc7CfVwzmD7PYu6tjSzt,3
1Ppz22GqwFEArPUQwZPvAMEGg2PKJ6PWDp,1
1HwhAvND2CY6WuRxmT3MX1434vxitLGXCv,0
18jjipBzKnM83Bj1F6vXMNh7e2MgLYwghU,-19
19bCowZX4kTpE3dirPY1kTDDRvZ1px3ZR9,-2
1Hv3CQKxnssGMwbEj34wtpkGBvdQmRmY48,1
1H4t9PuDMn9tZVKDdD2ngU79UUS69nMPbz,3
18CH5AymYE1e4uX2Z3R3KFfbuRJABGLn2X,3
1H246JhfCdGaieGZbixGPH482RBEtShzZ2,1
1GHzNUV5FW8M1ab8UuwjaDX7eDo1XMXujw,9
1M2bxw19j4TtbaTbxXo5ZnV4JjQvREejfZ,5
1Lb59Erci9DZLELD3WXQTDSC9pnUW7dteV,-30
1BFvfrquePqcQ4aa7MrSChU6p4un67iYvY,1
1ESa1wnXtD92CnVPMjFXvggMfRjY3PTxor,3
18oBi9jdLXrRXzmcxVitdJkKH2QFNrRwSK,-1
1D24CVnjGNXzWqmHPij9J7JNciKMQWknbt,0
16XGe1ScuQYtmXvppyaLc6kwQxmWSmrWHx,3
155yKkx3SZYpgC2XsVPzDYtLcjAWFob2pf,44
1Q5sEiZ7e1ZnNR5JNhgwxLdxbTQGUtAFc6,5
1LAqoSLsAYfX2qEaWmdPCjPbTYDWyWNag7,-10
13LqbefNKids124gD5axLBujB8HVdpc7HQ,1
1CicfFpMQHcDQBo67Et4sRXRGyYFSpeX3q,1
12CtJLCcFpVjFh34NfZSyP2Pum2sptDkws,26
1PNBJDSfU9RY9cdhEncApxsPRYM57b66U9,1
14KVzbro7CnzJzBhpXGpHGpPtvT2vWHfSg,3
1J3bBV7cgw8zG4Do2d8p3F4ujfnvcC4hYL,29
1BmucWRA1Uvn3AeLGpj5q1n6weGHe3PTMu,3
19aWSENoLjMibCuc6zkG9j7L5sbBkxfHay,3
1FsSvcbux4fkwWd3oY4hbY5QXkpFiKPGaX,-5
1BmGy2psjnR3fXtvUL8Nix2285wNM7j6J6,4
17Ypt5vu6pYiQMcQYjtWrTtoL47YqnGTRj,1
13Qb5XbjoKRiJyZtKz2KdgUYpCVB7NoCwz,1
1FQXWzhYNAHqBWpM3mFqA698ve3LgUBzVJ,7
1APuGk36J1bynFbRs4dGKannxBXQ7FcQmr,2
1ErtW2MhTk8WgRd7BURAA2eyfBpxvdWJ5x,3
126fqtqyoNNBriuCmquknbSzZxJJjYers3,1
16M96KzQ7DJvZ8KJcV9pFCAfrEEoQ5K4w9,2
14pu3bQTF8eXsnz92buEHxQ1t3BFtCsyHL,5
17YWBJUHaiLjZWaCyPwcV8CJDpfoFzc8Gi,9
1E8nsDMB8QrPC62GgxLFy1BGS9pg2mFNym,-9
1G3SvUoJr8rt7oxxM4DqY6kYxmnyQu34QT,-1
1GEo6X9cPYsKDSs9C1Zc9CrVT159HzRDnY,4
18FtmfsGjJAtybxhCtm1PU8vugP3KK1qKt,1
1QHq2StWzsbuk17kW33D7xMkatLAYxmdsh,1
16hv7vBvBHsqjUzYt7UXWb77MNXwpTHP9V,2
1EtfSJf1uhK3xrgwJd752xQLFNajKywXHV,1
1JwQZNtcJXzH1BGWZYqCh7GboLGJkD1znu,1
14EqujHq4AaLaxXNksja7dhw3XM839RHSx,-20
1DhcvrQTBZ2fo9WTon6roQDJSNkNhFpuQM,6
1B8MN682e6Tb1FSE5VpcxNVJU8gB58mQPL,-10
1BADbiTm5tYusZu9yKzYBTt4SQAN7gmez6,2
1Cv8Z6r6sXAn2bLBpU3orQjtcWkhJ9Y23A,-22
18giU6jkUWCtcFkZEU2JAdgiWQRgayaZ13,6
1JBGy7XCKpBgJiAk74V36Vwa1TnDpW4cVs,-11
1C2yT3AtG9TpYvSKNKraqfFKAkFtUD7aAS,1
1Dguwr6aWmhxAGQ4NwshCJm25Ro8bBRRs9,1
1AraNVAzuCJy3pFC3H1WjU5MidncqZpKWs,1
1GRUfGwrJyC7Vye2VeHpExgMS6A2xiT2ak,3
1HyJ5CdRNjPDf46D2BYkjNpbeKNQcvtmK3,3
1B5hb2QSvDT1rWjVja57DE52ZswnRAqUuM,2
1FWwEbSf2x3vqjRKRbv1k4m6AMVR3QCB8S,-1
1AbCrqMVoWR8uv6H8gfJc9DY5jjZ2wTreT,1
152coQw2cYazLKtBFSH75iE1SdsR2H7qpW,1
14QpJiVnt4EWdVA2szEQBc24Zq9VfcZ7cB,-10
17EUaavuFADoQwf1cC2GH3ifs1tmzkK6ue,3
19DcvZcB97Q2ZinM1UNcD3wBp92AVkFR8o,1
1J79quRVESu9jyonB2X9nCv91CivvfnLiZ,2
18wYg5F1hScTDG3oDodQsrFyqT869hCCwC,-10
18TTx6qBr2LTiyRu6SuLDX1SFwDCQyeJRC,1
1778wFM1PwcDqPXfff4mr7m4htQ7JAEAuc,1
1P8BTNNXBP3avpGvwWi5gReLJmr6YEXb4f,-220
12kJEkMgGTGdqQ3HUebuQmz2LudVnPENqL,2
1PiNWPcUVBf4QYujmzwLvAGnwWN8175abR,1
1JgqajR1ubrKikkaDsoxXcuifLtx1nrmSj,2
144nd1ehLqUhJ86Qi1KtUCWK8pabf6U4Nh,140
1KdwVJNz91v5WJKaAV1gReeXYyLeaUqpXz,3
1N2NHzATzPMTKAS5dSr8N1EwXudSZQibGu,1
1HGmZa8rigNZundD6CrrTw8ddKD6TvDZEF,11
19TK8iJ75qvJbqudvpNGf19GXCEvh76Drc,5
1AA5gvaswNHDJknv5SLXUFN2zwcpU94kBv,1
1NyAYmEwSyK8a2BzzZd47p7mya33KeNRz,11
17r2eE6gUD2KU1X8VAJMZpgQr5Fe6qEsXi,-13
1LFLy9cVq86jxNfU27mkK6mSR1WK2WnXRV,-2
14j7aHJkRNxxNgFPzV9Qx8PEc1MuaArytm,-20
1Dui2uC7jCKAADUnMjXVRwTktCDVZ8ABGw,1
1C5ArBZAZq4wzLHcdRyykxHxGPg56tmUgg,4
136QJhqfawumiSPoeJMtiK3CqQbXZwMcjS,30
1BWF66DuVqBCSFksUgkLtdYmHucpBgPmVm,10
1MhaCK3Z1Ri1zBuSqdip5wGK3xdEPhyBBE,-9
1BowRFFdcKk1Sy44xbZiqQfDJCwtvJgaN3,2
18sMpqQM5MfwqviQVtumJqHSWXpdWeksv9,5
1HwnWsMy7UW5BooJcDNLHSyCidT6zxnhT7,1
1CZXjPTAGU5yqD9yX9aKZJxViMrPnViwev,1
15oPGvQid1nydmBKRV3eDwzT3cdXHgVnzm,2
1125tNHvjqRhJXugufppgZhgAB967jpssp,4
1D9LFc6sJcQswHtwMMKiRZXfzRX97XNQVX,2
1Hf5qWZzd2WsrDwLhkykNc4uXPAkykg9PM,1
1LHSGrCU6fveqSfY2Q6Q8Cvaj1T8uvBreu,-10
16RyiWtAcYYj8QpLmtJtmDE6vTwQ1uAF7N,-4
1EGqPBF2nZdvD724uTCbXWKiQNFqkvDcLN,-10
1BxzA3KCoynGMAmxobcFcUH7GGnqz1Eewe,1
18mbcCrf6LSRBgTXEFCrFoh9PgXvP9mw73,7
1E5KqgbeHuUCnZgdKnzJUzrYDoxM5D6McZ,29
144LmVdmgLy2rc9dGMhJfqb4fUmGWMMk9M,9
1Np3YJrvWZr4s1rMHC4aAF1bDbqah5zRWS,37
1CSkTi7z5dtpHnqTx4Kpx665BYk4WE8fC5,5
13b81PCoCyT8y2nd3KwuA325AsF8fmvcUL,1
1GzEUhNVZPwhQpTbBvDEQe4BkdYDpw7akM,6
16ZnBgCgkdgzGBKq9BfK4qtuvqveCLU6zg,-1
1MagedVeZqDtU4Jh5BdgvHpcWk9dXFzZY8,4
126HEXFs52tQh1nGKKLys2bR93Wp6d7ZGs,14
1HjopE9BpqVK6AiNPzjN9neyZQgoeukFro,1
154RdQTUSuQmnAEkeV3jQvuyeUG8gTXYqm,-156
13wQn6qS3hPGabZ1G13pWnjdAfFavTgfGB,1
1Ch2shUcZDXrU3YskYDqY7CQCpsaeZU9Wa,-10
18mEVbDDkP7Sr8pgaot161u9HqpY2VDBQ6,1
15bNLyPFQqiTKN2VvPhyiX8q22xcMAwfRP,-2
1FW5fasXYgz5vZpbLHr4srAZA8UcMpmrXL,2
1D5PkHaJdJg8huYFenV6xjvirUfr7TUKDA,2
1EWhvHvVXzxz9RAxHgjZ8fErLrHmsxnPbs,9
1JeSkALYWVPeGQhFvqwBXfnV8nE6TXSbrj,1
1BcGLYvtLT5RQhsnPcpfMmjDpenfMuHB1h,1
1F2HV7SZ8Qri9kpavKCPJ3fyW5zpzDtHar,2
1JK5NKpTvoBQhtp9SyMqkPUggt8hDDB53Y,2
184QZgYk2xeJGmEQLW3cRFTPCHEEedzvVD,41
1PzjnmQ4QcoRJLBCNSkxYyPh9zeVGnquKE,1
17jmoCeq5UZZRcqm4FZ1CjYWoa8zvH1qvn,1
135t8rCwzy8QK9BWhMMB8S9m2MAzUpBnyN,21
1DjrdvxdW58FbM7D3CdqFkXfHSanFcroTk,9
1FLWLCAFWzDauX3dxj9bYeV8wf85ZWHa9D,1
1KeFrBoTS1a5xNPeU8Qb2YQP8kChVHd2b8,1
17fFP7pChAfM8ySChEh9PvPm9JwuZGWoDK,20
1SqbmEm2feETy81Vci3G8BUMunfBC69Ln,9
153vMdXEQVwYbpYBG3cRsQTyAd26eXvq5v,6
1TPwv4VbicapkzFWoVyJqCXontDzi272q,3
1N7Ut6ksqHJvkJ1Qa3n425683ua3aXaQuC,5
15fTBJihCgCHtEcYmzbDWBGZQiCvoGzJ4s,-1
12QqvBQsPWMxy1RZezu3N9LmBBXSjFpgZa,-4
1QG1NrGFJ7rxKLqfwxA9u9qwd1xXH8fzdw,0
1Dw9AUUp3K2TbLRphXivixDwwBS4cFyuiz,-9
16DT6WHoVYbLAyQdkfjF69s8V4PY4wAP1q,1
157f1z8ECEg1ccU2zisRuLndRkqXdUNDZd,2
1MV9aqpMaXLwSrpkSuy8HALHCrmjHBYL2U,3
1Cr8yNSWpg8pDxuJz5cUPBh7xBJjMU6aax,1
1HB8gp82PZDWrohjCWhB11aYy4VdTUTj5p,10
1FZthZgTgVgdrhMMA6NXkocXWpWaPgDLXu,4
1C4FHXLJNzH5j5zhG6tF7cJ3pvPpkSAGWe,1
175jGZ3C7p2nvkRu8iV12mBsmF5LgxoebV,1
1Cromio9Y79ZcMhe5RHWFwZEKjbJ2fiy4,4
1N6kRmam5DSCJRUtx6xXjdAfLimCHXJvpm,-8
1KwbU3BZuPrCkn6iYn48RrTBSxbwH9JGeZ,1
1P756zbL97KPQnXMoTf53uD2Fk7F4h1DyS,2
13XsfBNpNFFqBwkaPnP2955xKPGt4rwDs4,1
1CxPbWfThW9BJBpUX8Z8sDHLzfak6VjML,2
1EcysP9UmvyW1zdD75noVdb8BVaRA7ZC8h,2
1LFSEkheSbmX6ZFcx9KK23xiAx1GGuDQ5S,23
1GzmH9mepyj8cjCWTVBHzZgJCynBnDuCr6,1
1N4hMoDUDD15KpR7Q26p7nDhMDoh29ZPQU,1
1CnXju3K3fUKtY3XTUBJftYkZxayhijcbc,2
15yF72Moej8jWcFcFMn9BdCtNzss6WxVEh,15
15eAT69rN99PL3d3t2iPL27AqvknL1zYb7,2
15kwZ613CL3XBWUdwD8i7qzWpE6jmdMQEw,41
1C4zMBfw1gYCN1HWhRV8sfjpJksgWtPS1,1
17Ldq8yKuTSqGadGJsqWuTFSm7v2va4sgx,-18
1MohDmfFn4QV6mvE7DoqLUGMMBPGUzucoq,0
15mvwSipB7DQypPujdASxHmVVtDZ61AaNG,1
19e3fcoLTu8YVFAU1NywJ88YnHH5kF8ScP,1
1KSoXHQFEiBujfbg8xXzyFLHm25ScfafYo,1
195SvkGp3WNqqqEp1pqw8PGPegpbrMcu84,3
13ZU7vokuRPvVuyyPqB5R6bH2peB48wKoR,1
1DiBL862tsJhBur3G5rSBdFDPaPqC5xjsA,9
1Cb2tfMtYTqwKNtSshSkv3uoJpF9U2bV3j,13
1CbPZfJQcbUaeKUrfnMNeZXJaoANrNNPHi,1
15CtecS7EGUqB4jQAm2fhGSyfqTjJ4Ym84,-1
1P2mQxFAEbaCRQB1ARc1wXNjUmjHQWmzyW,1
1BJk7piruuUFyLAAJJFF9Pr8AmV1vTxncd,-14
1MGw5KrWBpjLepdPRwNm3Joj7F2mvfBVGe,1
1L6mydTVz3kZLLcGy3b6fXYXWwocRKSnD6,71
1GVnwPF1ErTukWDoC5Phh9dMcBspgoiT2f,1
1AYssPD6trbwk8brnY1ot1TEmKpKscreZd,6
19csAKNMoEU4wvQtdEY7oJ8oXz4MP1yreT,1
1BrJdyQgiuhgShSAFoDoiHVFxLhys3V4oS,-20
1B8SHFK2w6Akgq3nQQaSe3p8bcrXvighdP,2
1CDsLLaEw3GkKt3eWwGGe57X6n5nJLqR9m,-128
1CzQ2uDkb2CYCckemCkYQ3AqjGEtPsAgwZ,1
1DUongN1W2RLLcrHFwgFYfk8PmWe2AkuwQ,1
162tq4T5YQ8q9JZrunnBDhGetYyLuwVGi5,0
1PXwoDMmLqfqpezJ6SiA1kVk6KqitzNKvo,-8
15Ke9kmuPanFjvLMrHJYvCVpuBG4MmT5rv,1
1AwxdgLaQSGpqbzf7vKjQoFyUfhP2Zq5xR,1
14J2LqbUGq272qcW6F3YeRbn6zGDwVPC7u,-138
1GWQzpuTaSn2s6GBchdNTZ4xo4VGceF6D4,2
1K4ftuixBQqg9zsBiqJxJZPBs9nArN3Esh,3
1CEZinUXk8BP4VC1y1oNBedkisVAjhz9S4,1
1HQ6ivzVyYMWXKjBSufUkj1WfFEMjymovd,39
15nctYywHaQvUnKrCrX5qRQEri2RxwJ4sx,2
1CUtzR57bjrccBCHAWd4XGHRKhAoVEu9FN,-9
17MDpjL8kwgVUYC9nu8EJLVAofevuAQgpJ,1
15zaza5MRaN5jfsLLe3ML4NiLKytSHif4y,1
17CxJTyLckH1szeFhhECShpJ4ZR2hHAJKc,2
1J32FuJ9GD9mcCazUaVcPdpSiAK45BQkyY,-8
1N9Hte7iNSXfKR5FSCzJ3Xdt8yXahmQfJk,1
18CcKvTYJtWnFRfB1VgVdTmPK6CKUQaTrd,7
1KRmBK9T4EqP5hRHR3q9B4W3w15z5hBxSS,3
14VzPVgXgEKH8NgBSSZUfZwYKFKsG7JycC,1
1688CPg38WHKB8njuhii3caccZqdJWFWTn,1
1MvFMmAT3uByMAFjHSKu4JvSykMSmrcFkT,-10
1Bc4DhmXRvUyeuwpVDxh8v6ZL2aT97TUb4,1
1ApXyJ15dCDbH8rWieGc9tdAJFaz63fFcF,1
13PLvXHAah7DxfNzBWU7q7RgFLF19g9bxh,1
1HW7PeUcyCYT4U71t4kZ3UK8gf41zL7wXC,1
18t6wyfmRJBNSFLrna5PAA6dZhE2VEvuiT,33
18QVtu1dpvmVyygzCnKJDxvs34K8EqbqoF,2
16BG6DT2p2SMtKJGGzDARbtvjPFJikzhXQ,1
15T16bVM8iFKgrk3x9ACB9X4adGUUxEeXK,7
1MYUmZMPUCKiasiPQGPnGNH8JXeKNaGWkk,37
1Q2RBLMgsGrUBAwYTa3zT7RHaoGagFoGqU,1
1DirtycatzdoC8u8DaMsVjWFfYvyzawCGe,3
1Ew7fpw24VG3qhE8xAPk9TMJ5ocYSJXGdB,2
1NP9mUnwXSEzujQhw1tW6nrWiVazxw9Jto,0
1PiRAtagLRozJkCtkHEbMgbWYeRNq6MPEV,1
1F5MUtGZ7rPVQgTBFceACyxp3HJZDYRTiw,1
1JoR7sWosNxoKg2C3CDouFkmNxqVkPNnzs,1
1CM5hB8JLbPjxgNtkcjS1DYhNx8GAASKdg,-7
13jwTHdqaEFhwWqoTAehvNGBsVHM5wdqfy,4
1HoCcSohghhccRcXboy4kHBbCHswtf5JFv,3
1LGTVaEyFSC716iAoYFRmNnU1uYtpdgzip,6
1Piz9JsEvN3aWKg5PNg5svn8RtcEW5hHsq,1
1B4FyQDrXGP9iahnR4isTn7MW7RURAtk1v,1
1DFfX7dfpHokaP5pzNm9ue4w17nCrw1FV7,4
19wpwd38VxVbXs8urVkyoNhFuqu5opA3E5,1
1AmvFM8D4FzzV1MZjrquLdfaaSPr7KHtTg,2
1GPR85jKxcfNGmk5xbsGbrs387Xzc7CGvV,2
12QqeGk4eHNgc6oQVuJ3gFMa8WoRjNb7Ww,10
17fWZT5Z2TUCsJzLSKjn1JXHMqCEjgNHFj,5
17LcSZrT2FFBgMvrneXKNReiLhC6HmVu9,1
1DZEmARh7JuhAEZogpGCfYvEaLUNhSihLw,5
1PwPBsu3DBQjFPRUxrZGAfmraTh7d897Bn,2
14iJSF4wdA3u7prWobk4GEbREP2HmDBYGp,1
16enLNABs6BRVv2HFVknSx7NaWFwGofHLU,-1
1Lq7LNwkxvGRCTDLH8eJNkRJdUwW4YW2wF,7
1P8kLAdJSU48WuVTwx9tGKEv7iAGF6ZosZ,1
1GRfeAwtXv1TiB3pHHYSskFys5s48WVTrM,10
11AFuNXUAS3woDroUtXLv5qLkQ2wUkvdV,1
1LPT8fcnA1UNrnguxHYRc2Hmfue7NrF1kr,7
1drdootuXTRbJeyjYKT7tjQMAc3atWMPU,3
1CMZyTdFrtPevj3mKQksKtro4SbJ1Fo1UA,1
1DKiEFDg5xC381p971iSbKsiUzX6f7iMfx,-10
1Ky6RdNesUo88xAAtz6yXLmubuGixZQugU,1
1Ku6EeRJybXi7qsqLMrYBh6u6o2HF3i1Le,-36
1BMjWqNkLAQHExAJFuJJJCuMfYcyQ88LU4,3
1CC1czStqXhohnXyGVJdjs46noNW96cPVy,9
18ot3p4159YgdbAWCjeL9CJhLUR5CiQKXq,2
1LhvHnHWJbW7fZHw18PNZNjKJy7CYXigrJ,35
18ggZ5pD9wkKxxDd1eeiscSiY4MSXH2WFA,5
18Ur8K34WLHJJZD6eh262oe8x4PkWSySD,-2
1A2EQNg4LHwf7txjZujYyjYojNThaLuvLX,5
1MYRkuLv4XPBa6bGnYAronz55grPAGcxja,4
1DakB5b3kDNUcvxfs4VBnqgMgJM9XTb23r,1
1HnUbSbeQ9JR5j3NYLZFrCwwKwDPE56GXC,5
1FkoK62tXJjujm2KCxqRTMaeY1HSQp9qfu,-2
1JoecooLw8qohGrFrmhCcPN6Gw355FjxBc,79
1PYip7nfFruB2DpBtUi3u65LMZqNyctx4k,1
1B877v9NgcpLnZwPDthEonCR39Jxnp5LPk,2
1J7vAzgzef7iD2eCZvCQ6Xk3myFUGwr8N,1
14pvwx8BD35wcfwQTzbaMPH3qenBhWzaoy,10
1FreenodeMrq7gKn91wR4meJKEbi9RNa8M,3
168Zn1Wziu4uZzwjNKD31thGQ74E5dZxHw,1
1Fgd6dQB2Nc1CSYr3XictTHjLGYc6HU5GM,1
1B82QHpLbZDgjkur3k2mQ2pTfZqua4WQQe,5
12y2xSB8dqxi39wNNJMSEnqSMAjyntBcRF,-2
14FmJYsJTyqqaPnQH57YCUyQwYxzQGD6Zx,2
18GnbJ2wgXme3L4HKz1JpRZB1gLYejv54,100
1A3wniEyU6ZoV3cPvaBsQMDRSgnbxmB1rN,1
1Vmtw97c9TvJmERqtSE327UgtnbAScKBM,3
1GqzziGuzQ8D74RpQFUJDEbc1dyqfjkb7,2
18QdyjkTKwx3iGYsH5jXCz1kQqNiTdzqJU,1
1D7ZD5ExukZCVMA6Df947wVNe5Yecxsvkf,33
16Z3odH67KT9kuzWHPakhHMQBqGH5DU1y7,10
1EtU8vTtqfVFBpkRzxnoRU1ELCQsvo5YnF,-4
14n31ZBbiyN5rMMCSFjENFv9SqeqJG8UAJ,10
1EbdqJA97AgHm1DJuTS2DsuRwNNzPCiUnF,9
1LAi1AKhs9RmUNuRzQbSFp63cAt1RFiSf8,1
18r18952M5TTF2zRpe8yXGmvGuVjmxyTdi,5
1LGgCQnBBvjQWF9TfDMh8R96xChYuh1ARH,-16
1LYgjWpBukjrUdqxbFX6YZ42yvUWFpTB6S,2
1HbHJ9b3X5xcSV2fYxDPVv8nG6jqiwB9WP,1
1G716zvM23UxngKZJvFtAZUnetcXJNufjn,1
1CqyNQbHvYpuNJBgjU9VUwvGsGyYTkUmx1,-19
1EKh6x4uzCdvU4viqyVQJkoiSTQGw6AJtE,37
1EponqCpZf7xUfxzUENHHbowYpZmMm2qef,4
18yx1R35iD1m1u3242eG2iWoem5ypHZMuh,14
1AGriCoCBRbgca61ZJrqgVt78HJ94QXNcg,19
12BNMZiCMhfk85e4SR1FaFJrN8YDLiQ6w9,22
1DLqi9ZifvwipBqY3G2gfgd1WYwHSpLbjE,2
12sPB6TfGZnErt1Z3EhVj5Xv7oQf1Qni7Y,295
13PdhkdrETidvUwP2SU5qJJcxFRURLwR8V,5
1NrJViyszD8NDmKyUfiSfiGUUCZ6jUU7jr,1
1A7uzjMQPg1TZ14cBuJHgkjbm4zZAftefY,11
13sxfwMjt7uCpJxEuAPK8Do26iPCBi3iRG,1
1GhftWasUQKcdYzrmsh3B73MqSxNqVXuwh,1
1Ka9WLMQuRJDBZAERv7zZqvWFUMiTNnkak,118
1ShermUB5LrqiYyQwU2J4N8e93hr16Naz,-2
12uaoXUfXLQzXe2jVTGBmQbTuCktmWn3tP,1
1Habp1NZJS8ufsGM1i1w3rXXSHnZACSGbe,-20
1CfNRpLRvmDH8v9ocQdSHAyNBvn2hTks53,-20
15EHLRCGYGmz8AVu5tYKXaRBQfkNR2qLDm,1
19bnTbh6pURgvKt3sNNp4ztTszcBNPKMWK,3
1G6oPnyi6ry1m8fjK5Fo7HaN8s9X6v4HkY,-1
12JXrgoDkyyEKDKvfMKLx8w52Jd9Q87h8P,36
1As9MB3WtcPfmvFELdQEtFLRJWsftxN6j,2
14736gAy78wwLhe7kK7jS4uRvDZFQSFp4K,3
18oBYkLnv7LcXae6NLk8R7RdYiE8USJe3f,2
115utpyQqVQo6mxN6o6jksLMjGqJiJ9wjk,1
1EB4Y5gnUUCvX8aKYeTuMYsT9LxXisWu52,1
1PS68jRAnNV3tpysrqCJw4sCRDkeGAbh8g,1
12CRprTFdCvApc6sLM9xVDzQzZDDiySdLg,1
1BJPL577fX4j7TWXp1pPaYYEnFbDtoyDeu,1
17Vxwf3YiZJYnDp2GW8pjsN8MB9oyqB8Ea,1
1Cy31nmLTM9jiovAm5rR4sdAezhsEgQQPR,42
1MRQKZVzFGYQPZj3hsrWrQMbrUYXyQSNYZ,2
1F8kZAuJtjTRBwnbqDbYssT7KVWQNCNoea,3
15BoD5q76c6gm4wFrd27GUcZRMDdyQaFUz,1
1MXuU19re7H92Emv4yt6EsL6yjF32Dp9yf,-7
1BpTfrZfApGQaLe6GAdoAr9Ah5XZc95gYD,1
1EwGVdHnzkM4MF1CNvtHgEBMC5ja6vHC2X,1
13fmzfVFQSuZ2vcW9dJGHKSkFYdLpFVSeo,1
13AxPeQ7bHu1mXCYBWGPUpRGKvzgQykSvq,17
1Z5hR22yV3FDnm9ruzofS4D1aV6KEQ5GD,1
1C7TTsf33oLHtvnZsT8EnnoGVKNwB9p7NV,1
1PRiKDQ7T3usX2EAJwZ2N3zWawb2VfMYj5,18
1KYfoXJEzaVXwP8qeYYrJgR6wVbiGkKzhz,2
11576SdwzXzY3YTCtFDiu1iAgz69iBemou,2
1Dc4Y3QvaqJ1SVNDGmKYTRRYvA1gdkBcYK,-3
168WXhArv7Fasqvi2xm5MQMfLhG18jifMe,-10
16AfgPuiTdJ1bA9cBRvtjpiGxgqo4TFppM,2
143uRaUTzCohA496d3xH6uEFTjz6oJBmcS,-87
152YRALPub4TESDoXgVu4Y5rs5DRywZxso,-89
1a1duryzehLWvgmUtn3nVr7dY9231BrhR,1
1NHMv4VxQUBQByiYWhwB2WXoyfrG7t9Qgy,1
16im1LcHYDykdiqVyHL5wisnsmqfangyCB,1
1PziRQq1BfusEzXZpvsygx1Xr3JPpKen6u,8
1NBXNNNdJKyXF71PVimLYkDFXqnGhuT7k4,1
19KTtB5s27aqXv91GKWw8hvTH97zAXGHc4,3
18nAftZTnH4LjY9fPPow1aF5tGD1JiF7ZH,2
1LVZ8M7M6o8xq3jdGdXM6SVZvy4uRqw5d,1
1JVhoyaUsKVeZ4eKYyonGo8qEfDdTai8wY,1
15EKpcuKRM4C4jbiqKwEKYTY1197bqhjod,-8
182cE4iZRxHV4XMJpRibw1Kmw2gd8gSUHE,84
1GzNAv1PsKK6kgAFbBAS1W1ZnktDhd5b3R,-9
1DxD4VPvXKZhHUAzbhd6R8oCCBnKYAbTwC,-2
1LueUfk12XYhqW73r2JKGoPHszB646Teac,1
1LWCyCLVVtzKAYRSX2P8QAm7DmzMMEVfxD,-17
1Tuva5A8QUm9qo4e5KXh5fSHwkBDz86qD,2
1NhuiZDAtFU3RPUb4TRaNbfwpunvVeu3cv,9
1Ppuj2kBfbc8dPpB6grVppVCzMDYgJ9uTy,1
1PMt4WdWi4qKfYigT5c4gomYpU8aasNifk,10
179iXdpVGjpNxWz66u4viqGk78qh9nPMy8,1
1HASs5gHU4EjXRT73kLVnwXsYsHZjnLsqT,-8
18ACUZdDojjoP5LFC6MggRJonJsGR5tSNM,3
143VTEi8hCCw9wzBXJqZYifMLtjGF71HBN,-11
1BGUAeSWJkZGLigQWiHeeU7XCktg1oWZYC,106
186CG6crDhxWYGVYeAGQHrdKXzEATywWzp,3
1Z8gVcdjVTXSfZJuMKEZYFTFKaK8i5FfA,-5
1BMrDBYPtEEmYybPk1bj9BcPHk67rfetNU,23
1Ln3bv2PT32SpZJPvbhZ2dpKjNJ9iDdYsL,1
1DmG1CCojUfYEMuxuNnAhjRkCFnUCxW4r3,31
1Gu2KULbvH5gB5Z6jdAHkzEf5DCXUhrr2z,1
1Ew6pTerezayhQNkVZKqVgvt2jWNoKKaEd,6
1PPkZiUp6N7NtnRPr3Q4Xbh9ZoomzeApYt,1
133A4LCCUGsWBbBe3gqSeDWDaNJRRi9ver,1
1E9oU7v48HJe1qr2KwJZvQSVndd8WQUc76,-10
12Ap5QazS6s746raVkXFPzgrJpx95Xp7LN,1
14pZemAQXg26r49pqQdWupF6rV3QAwc9py,1
1EKY9yvMGmfqTtCtZ7FaNrHcrLjSEXcHHB,1
12khdF67aSLeh42znWgvE1KgSsPAoAuNr4,4
1HXoPxHPbmmZXUTqyn7riEDhPU6iDcv9g9,1
1FVCWYp9XpHqgjURnynSFXraHZL5wh3Dip,1
1Nwvx2oK7QNdPtG3G7mjgCmkp2S3H1vVDv,1
1BHYPyMVhqu8VCSTxeZcftfLxLASjSif28,16
1MG9qstmr6UjrN6brx4uDVXRNHSr9Mjy7a,1
1J1cx7A43kLKWnQiX4WRiMk5CCMYf63jDm,-48
1PJKWHHvGXTMeHpbuLK11KpvueW2c4PteQ,1
1Pv3sV1N3KmzJzGFUz7zuvLJP3XruL4Dxd,2
1FWzpqXomYxunGCSCdUW8QpXR3iD9t7xQJ,1
1KY9mf7EEMngqaZsVJdL32PGRa1muhepA8,-16
1Lkw4FrFB78vEbv6CdArzmYGi4PQi5w4M7,1
1CuYondJX1gv7j2VEt5oDmNRzkFcdinHdz,-10
17shqXtXVK47rax4fEXRTVq9tjfzRbXEHf,1
1G1D4CDXmuSYeEytHCaEurBGRg8XTmmpgx,1
16AQ4RSEyyKqZ9sfWzBUHi8SyyoDC7TRP4,7
18S788QknpfsQMNjhW7HvBQkKwDmMsCHEQ,8
1GHEAcUyYgkHMD5mJeZPj6bTPKJkFBqhzH,2
1E5nDD2WvWSpEP1kH8mRdZJGXh17qMeW3z,1
17qH715QdpeKLopoKpEXKTCCJdfT2AaRT2,4
1JYHAT8rdvjttsdAo6J29hThrvmueLHtVD,-19
1HXvSP6M9frSCcRXy1PPiyvRV9KC8vhVpY,6
1MdZetHwDt8SJjVZSkG9GrRdJWrXizu9RE,-18
1MmmhhhF3jVmbf7EZEbMGYuJxgeYzfyF5L,24
1MY8MQTVCa41kzfvSz7N3TJtCnv9bMk8Yv,1
1HeJxA5oTd2tPkofQTqjxN77VmVxQB9bZW,1
1LrNJcyhpt5WYFDNHoYXgMKo71a4yfZvH,1
1Fd24SCvdhmePEeGaaBUfztGBDW2AEZEhj,4
16MvZGV5bjT2Sc8G7AQh45bFxSVfXEEWTo,3
14FJcW6cCJsrbEtxkPjcVjBu4GCkrNMDse,-20
1Dc4ZCXAoDU7rdSNfukaCQY32PEcESWam3,1
185vnx5rrVy6hD8mm5EkStPwjRUxysdCAU,2
17SBByzgtjP12BvNvU4t2VANYiutrsQpEh,2
1B5v9XzuE8BeNfnKuQAcbYNB2BKgos1ojU,25
14v5rsMkN3EKNLVaUAPyVXB5m7qZRGuynT,1
16sJ7mZm2EzMKEtD3iGavx6vWndpT2AdNq,-1
1BrASUAbyxpieNdKYpHCPaoSHVeoYjF6TR,1
1Er2fQhE2nBpCVrMJm6VNxZZAMdWevu8T7,-29
16zBaxtrv1dA5oBsBughQH4AdUkVncmhWd,1
1JiRBSpkhFdeoEemHvVsw42x7B7yLmDc9E,2
1Ey3TySmVczxGqHxmrn74LBu9ABEEvpnsw,1
1JJ1grXMKKmV48FoGraxU5S9mxscLLkTgz,2
13xmwPLrENHCfcEHoQs69HVTitRuCJCWic,1
1F4eQ1ewthWRFFXTsQQpSq9znBAmEXv2zS,1
17XUTxh1yjQqr28bgiu9Y6epePPtHc9gG,-159
1JA2WCzXuNg6YpAhu1dQxg99gxUxE8Xwot,4
19pk3Ph2iidH1XAbFugpUn4CmcA2FxiLks,2
1Gb89tyJq3P5K5M3GcpFvPrMsw33cik9wX,-38
14mKLTFM1RVusZVUkAaeeEhZEPdNFLw5KD,-8
1EZRntn1AHzpSyQyEFw7j1adr6vUYU7WVu,1
13JREfjCiLMmsgGQN8NuutbZYjd84xtj6f,2
1FEEx7Qd7jgNuuWAaNqjCck7tYyLEchJ7y,6
16EaLn7AKjw6QEVg767mSpgzw7uEj6yd1e,1
136N8zVhmwT23gruvUxA6x5NU41gVmad3Z,2
1QJEi7huMZDM1QxgWUvJ2D8LTWGsFkdcwq,1
1SoLtySab29J2tAdF2x3PosjnwWF37wEY,2
17mDAmveV5wBwxajBsY7g1trbMW1DVWcgL,1
13WCR4o4kd1e14ZRcGxZw5ESZwjLkNY7iS,1
17XRm68vDigUaqzRS8oPknUADjCvwLmavr,1
1LsQXsiFMkN1e8qMVc2X6zPzD4idcA6AVy,1
1NimdaiY9RGwM8cSvus55Hko2NiTaxFCNX,12
1PMQbixmH2Z8jTbeyFcpV3EmWGaaaobmKA,21
1KRzgGVsVy6T6oMEQMF7ZrTLVV5qR69rf7,13
1BeirdoV8gaD3o6GaSW5MqAHHiMcsZkpPi,3
1BfB4ZM622LajLo95Eo543QvkmvA8xiX7k,1
1GBqJ6VUpK3sbhswA5WpHJVmoo7zyyYdmn,3
17YMf4xLp5JvAHn6M7bJZ5MiSN6mKGxnKV,2
1Mh3qverBLuBW8gRgkqHKLCFAHikqvPNaZ,159
19KjbH8xkoxYMzYRx4wobsRFanagaAwiVm,2
1ZiGGhCnLmhj3kj4gYRSVdYC1Qs5UysdS,1
12HCuxZjJ2ndXLM5P32s7D2XT7N1bGz2PB,1
1robankZegTNW2RptQ56q594QMKZYfvG5,1
1CUKzfRarQBUZ5BhUDExGzHDDQ2wERrMHH,29
19GnS8n4uiKhhLsHJUtk8GR7pPZ6y4dyjZ,-2
1CU8KRSTcrYKyjfeGRTjpJ1S57jViwqrnh,1
1NprzwunoPBTHnuHvsdJ1tX5qPpPWoQfmY,-7
1B2VJkfVHESxncVn14NYKXZNqJsjJmMHj6,1
188PuWuZ6Aa6LZEycFy7t8mu6aMAGcLv1u,1
1GKDhSQ5PinMq9uArQwGhcvvHdNBSX5WuQ,2
162zHjTdm9pJxG3VBJbaYCyafS18Av94gK,2
16WJXxC1kBnVNYdkeF3yyAniCK66ppkhcW,1
1GBMbx6chhAG6reZt62K289RdphaAJx3hB,2
15H1RikXhRYMwNmY9hVAswdTkRYUSankDG,5
1JkGdDueHLNTkUCtGNEHPBdxuKxC7jixBR,1
153MZbMVJcyT1Usc1K5BEroe7zGj4rShy1,1
17YFEVcnVctSBNMkM3pUG7SN62HYnYsan3,25
1Gz2VT5yK8afhR2WNrTkCwJcEAxddgHJ2t,1
1H3ktPNRFfTesESHwvKXcvRZRUcyoAb4Xv,6
1drekkfqPKcasx719JPscH2Je51vPYxL6,5
1C6DSD4DiPXdjV2NLMwL9vYZpyUSvKCnQn,1
138poFEWdRRa8L7Fpb5oQnxRGu5cSVRR8T,1
13oJHQ4Mja5b9pmkMKHp13PskGfb7yS7DL,10
17tdmnED9orHzM1n4bfckGc7mP6SxAc7FF,-9
1ALgEHeJ3fCtBfLpcsxfqjLqa61HrmPBYP,-13
19pxhsZgHLkorfd2pKCTFBDeLrwAhe8Jw8,-9
1H1AvLEmFwVXvvTqYfXwjbp5hBqvJQKfMZ,-35
14hTyrZcLDwcGjbFXpNhF4r9QypLnTK64d,-130
13MsepbQftqJ62t5Ljvo9CbWmEpPgogetM,24
1Cbn224UpGy8NfHfK7yAmAVt9hSndLkYBe,1
15MSQ3YYvPwJzxqBcfSHGWMsgkAgyEna9M,1
1GwVjFpKnGmgoaTNLDwmFkLnBuwnrfRhTD,1
1MX1Q7nxLAgYmSKf4x7x8jy8jp8jLYiXzE,4
1Gcbv1CWjbYXHqLT3AEmjds5hSdG91c2zS,25
1MetaBANKUZ794Lg2YEcp8mYSZQLk5KBAM,3
13ipnudX9vBDyJMDmTMu4Xd8mvugzaBBss,4
19vux1w3MLG3DwbMgyDB4cMgPhwB5JqRhB,1
18qYgfJWRiYLLnmqGvKoqiCQMPRPsoZ6F7,3
