cluster_size,cluster_id,address_id,address_type,address,address_num
701,446707,674511,pubkeyhash,1MiaKvvzhuCrbWJ2iXA9RceZfRpNDjwJTk,674511
1,1326060,4352261,pubkeyhash,1AaJ9YkhQurewajQHPnfZMbAwTqgsDqbRh,4352261
1,1472326,5488712,pubkeyhash,19Taz3JDQJYYJLAHajR8bEqJjLDr7d7b8k,5488712
2,1648136,6496651,pubkeyhash,1Gxvb4ZkjJuHWcWf4BkDFLT9QCcL3nc8Ji,6496651
1,1903945,7605128,pubkeyhash,19aWSENoLjMibCuc6zkG9j7L5sbBkxfHay,7605128
153642119,0,7918868,pubkeyhash,1BWF66DuVqBCSFksUgkLtdYmHucpBgPmVm,7918868
1,7462664,46258651,pubkeyhash,1KTygkYKcoqxJSc3QYSbYyfovg79BQXBxq,46258651
153642119,0,46259094,pubkeyhash,16XcXGoca1DqrESAvozJjpUEenTxrHDxLH,46259094
1,7464517,46266457,pubkeyhash,12fGgbgMyqMkLf4muL6MM6CGGJqXzcCBF6,46266457
1,7464591,46266568,pubkeyhash,14s3JgnnqPDAJrBVSbXco1ZeEJwHmsG4Cf,46266568
1,7467823,46278432,pubkeyhash,1H5QptPENgaTPegXUDvyKKfmagxdJ6E9wh,46278432
15,7102577,46278463,pubkeyhash,1PS68jRAnNV3tpysrqCJw4sCRDkeGAbh8g,46278463
1,7467859,46278469,pubkeyhash,1EwWA2g65CQ4sVffY5NKgcTAJxVNSDrGkF,46278469
73,1219694,3410373,pubkeyhash,164Lwehp7rEcmSyJoD2wGqvfdyVbFz9MnM,3410373
5,1271553,4465059,pubkeyhash,157f1z8ECEg1ccU2zisRuLndRkqXdUNDZd,4465059
153642119,0,6564260,pubkeyhash,14muaXxTk13xHuT7m6BgCX6xpnab8nNteF,6564260
2,1735685,6832988,pubkeyhash,1ErtW2MhTk8WgRd7BURAA2eyfBpxvdWJ5x,6832988
1,1821461,7193934,pubkeyhash,126fqtqyoNNBriuCmquknbSzZxJJjYers3,7193934
1,7462632,46258616,pubkeyhash,1AdmDT6BzTBAU6MmDVRbErstDeu1Lp3DZM,46258616
153642119,0,46258847,pubkeyhash,1LHSGrCU6fveqSfY2Q6Q8Cvaj1T8uvBreu,46258847
1,7463021,46259034,pubkeyhash,12khdF67aSLeh42znWgvE1KgSsPAoAuNr4,46259034
1,7463040,46259055,pubkeyhash,1JP26TTW6QXnG9Hx6aPEXUbVbzS5nmc6wQ,46259055
1,7463113,46259144,pubkeyhash,12BNMZiCMhfk85e4SR1FaFJrN8YDLiQ6w9,46259144
1,7467776,46278381,pubkeyhash,1K337nGVbauy929uwU9PLAtUTinqanrm7S,46278381
1,7467785,46278392,pubkeyhash,1CDXkTvasZGKtouJcLFBVSQ4t1LygyLD5q,46278392
1,7467838,46278447,pubkeyhash,1Dguwr6aWmhxAGQ4NwshCJm25Ro8bBRRs9,46278447
153642119,0,4006138,pubkeyhash,13373CuvtwQGgDWYv28pm3mTxy2bGS5U4D,4006138
2,1387472,4836251,pubkeyhash,138QpusWigaDrY9JfVrB8PCvtz8QH868xs,4836251
153642119,0,7526536,pubkeyhash,1DMbnfxtx23vyMMq2BPZ9bjQfa5ub93am1,7526536
1,1974709,7944223,pubkeyhash,15CtecS7EGUqB4jQAm2fhGSyfqTjJ4Ym84,7944223
2159,499438,8758307,pubkeyhash,1LRAWfDAa1sCckz5AhvyABVHJpMuuBddez,8758307
1,7462628,46258611,pubkeyhash,16EaLn7AKjw6QEVg767mSpgzw7uEj6yd1e,46258611
1,7462875,46258877,pubkeyhash,15Shvpsv3vD1T2opWAFX3fmQHEZapVcwrS,46258877
1,7462991,46259003,pubkeyhash,1MRQKZVzFGYQPZj3hsrWrQMbrUYXyQSNYZ,46259003
15,2221308,46259039,pubkeyhash,17jmoCeq5UZZRcqm4FZ1CjYWoa8zvH1qvn,46259039
153642119,0,46259077,pubkeyhash,1JohnLuzn7hMsByqE8vU7dyyEp3MhxawPz,46259077
278,448750,46266469,pubkeyhash,1B36jbPnDktm5if2G4dfmnpdmoAXHWmFLS,46266469
1,7464575,46266550,pubkeyhash,155syuhxDe8MHB8jpD5G6bjcmN7ESd2ACt,46266550
153642119,0,2802134,pubkeyhash,14gadEMVrLvaSPrgReNxcXKLeZt8oLy7NW,2802134
678,1041613,3710301,pubkeyhash,1DirtycatzdoC8u8DaMsVjWFfYvyzawCGe,3710301
10,1647579,6494582,pubkeyhash,1AGriCoCBRbgca61ZJrqgVt78HJ94QXNcg,6494582
1,2002202,8095431,pubkeyhash,1F2HV7SZ8Qri9kpavKCPJ3fyW5zpzDtHar,8095431
1,2179002,9141486,pubkeyhash,1Jw6bG2h2Ni1aCTYcKJgzfjDi1Q1oSf3Uh,9141486
153642119,0,12456590,pubkeyhash,1MvrakGRPkDQhHKxVnziTf29v1Y7WVxYpb,12456590
1,7462916,46258919,pubkeyhash,13uXUxWfzk3g2tMgFdqSM45Sg312kMnt6K,46258919
1,7463070,46259086,pubkeyhash,1HGmZa8rigNZundD6CrrTw8ddKD6TvDZEF,46259086
1,7464513,46266452,pubkeyhash,1FsSvcbux4fkwWd3oY4hbY5QXkpFiKPGaX,46266452
1,7464552,46266526,pubkeyhash,1J7dgEMVHRUxgShF4xfeSFQBtv2SiUWVFa,46266526
1,7467831,46278440,pubkeyhash,1LfPwdDVccupB8VJquXn3BZaKMMUYiNBvV,46278440
153642119,0,58965867,pubkeyhash,1He1KKiN6xREvQEoF4x9Cua4kaqriwmuWh,58965867
82,535932,987636,pubkeyhash,12345Vypv2QSmuRXcciT5oEB27mPbWGeva,987636
153642119,0,4586378,pubkeyhash,1LtsfoqtxgCqEDcMS8hKeGDckP3UYoMXHi,4586378
548,1491775,5750981,pubkeyhash,1Cn6PU7UueawaJxTn9tg7sMirBGkCE9u7h,5750981
26,1586053,6082390,pubkeyhash,1A6dNCZuZj9UzJXUmmt7J2TL8xp2KapJJ9,6082390
153642119,0,7356147,pubkeyhash,1HupEfLoLbGAycpKyofdo2c7PLzTtxATe7,7356147
21,1890568,7657371,pubkeyhash,1Jyf1GQ4mczdG3RtPNRH4MdpVEd3ouq4N1,7657371
1,1988482,8021132,pubkeyhash,1EMmPAVDcXHq2PHNTT3edK6YPzVQf9899N,8021132
6,2145548,8886638,pubkeyhash,15a4dTQZGKD13pcKmgRnFpiv1mP5NuDzhW,8886638
1,7462688,46258677,pubkeyhash,1LfLJiCpmNh1VkxSGpaLc5ZqzpN641PeWe,46258677
1,7462934,46258939,pubkeyhash,1CB8ETnXWVVnAQ7sjWbiHvLxRatgH61KjZ,46258939
1,7463012,46259024,pubkeyhash,18S788QknpfsQMNjhW7HvBQkKwDmMsCHEQ,46259024
1,7467834,46278443,pubkeyhash,1LaFpCKV8RH5kzikPAH5LB65rxTKxkih8x,46278443
28,505496,887150,pubkeyhash,152coQw2cYazLKtBFSH75iE1SdsR2H7qpW,887150
1,1583714,6064532,pubkeyhash,154RdQTUSuQmnAEkeV3jQvuyeUG8gTXYqm,6064532
153642119,0,6383951,pubkeyhash,15MSQ3YYvPwJzxqBcfSHGWMsgkAgyEna9M,6383951
47,1724176,6797461,pubkeyhash,1QJEi7huMZDM1QxgWUvJ2D8LTWGsFkdcwq,6797461
1,1773775,7000194,pubkeyhash,19tn9xjmuKqCSqLTmgEHVHywyhbEMBMs4J,7000194
153642119,0,10766890,pubkeyhash,1AevnUxC34yEtPQiZhTwsw1Qv6s4uoxjuQ,10766890
14,2108367,46258578,pubkeyhash,1K4ftuixBQqg9zsBiqJxJZPBs9nArN3Esh,46258578
1,7462657,46258643,pubkeyhash,1FZ8QFZhXf3ALb1RGmhmXLwg9ExrPtfCEs,46258643
1,7463003,46259015,pubkeyhash,1MX1Q7nxLAgYmSKf4x7x8jy8jp8jLYiXzE,46259015
1,7463068,46259084,pubkeyhash,16hv7vBvBHsqjUzYt7UXWb77MNXwpTHP9V,46259084
1,7464534,46266477,pubkeyhash,15BoD5q76c6gm4wFrd27GUcZRMDdyQaFUz,46266477
1,7464580,46266557,pubkeyhash,13iq97hbByqZtrX5kUmS9uUFr817MugfTJ,46266557
1,1379171,4767347,pubkeyhash,1HYVaz2zhH9zWjRhF1RHkv7yihe12G4jJ3,4767347
2,1386886,4829677,pubkeyhash,1LooZQ3cdYxxYfSb5RoYfHNM1Td67prCr3,4829677
153642119,0,5563113,pubkeyhash,19LDhWVn7QWyRMwkpy7CZR81z9LEvkeQSg,5563113
42,1890363,7533640,pubkeyhash,14jn7UtiQDC6GXu75sWh7HLhijRmCZV36A,7533640
20,1950689,7972711,pubkeyhash,1LvkuMSNYyp7qN6Q5DtpDrHbVDrySD3DMj,7972711
153642119,0,10000394,pubkeyhash,1Cb2tfMtYTqwKNtSshSkv3uoJpF9U2bV3j,10000394
1,7462667,46258654,pubkeyhash,1DxD4VPvXKZhHUAzbhd6R8oCCBnKYAbTwC,46258654
1,7462980,46258991,pubkeyhash,1HjopE9BpqVK6AiNPzjN9neyZQgoeukFro,46258991
153642119,0,46266455,pubkeyhash,15H1RikXhRYMwNmY9hVAswdTkRYUSankDG,46266455
1,7464541,46266514,pubkeyhash,1JiTF7c1wCzmV75WwNvjT3jHCN7RJx4Syd,46266514
1,7464589,46266566,pubkeyhash,1JeQnyr5hPZbqmRXjnbGG5uvqQcNdwso34,46266566
1,1394384,4891394,pubkeyhash,1Dc4ZCXAoDU7rdSNfukaCQY32PEcESWam3,4891394
54,1457695,5811186,pubkeyhash,17nFxZjbJ2SXhP8mxEt4xWGnHSjoWDmh11,5811186
28,590220,6336664,pubkeyhash,1Kv2QMe8Psq8973fUgyuRhpHoHErzjSS3J,6336664
153642119,0,6894989,pubkeyhash,1B5v9XzuE8BeNfnKuQAcbYNB2BKgos1ojU,6894989
1,1997551,8071032,pubkeyhash,17YFEVcnVctSBNMkM3pUG7SN62HYnYsan3,8071032
153642119,0,13924310,pubkeyhash,1BxzA3KCoynGMAmxobcFcUH7GGnqz1Eewe,13924310
153642119,0,46258822,pubkeyhash,16YpnATUVKw5SMCk1d5f18GhvsVTzsjhb7,46258822
1,7462826,46258827,pubkeyhash,14Pk6SCCSkYWsxB2NocB7hD9EdcTqXpPF8,46258827
1,7462997,46259009,pubkeyhash,1F5MUtGZ7rPVQgTBFceACyxp3HJZDYRTiw,46259009
1,7463064,46259080,pubkeyhash,1HXoPxHPbmmZXUTqyn7riEDhPU6iDcv9g9,46259080
1,7467849,46278458,pubkeyhash,1CicfFpMQHcDQBo67Et4sRXRGyYFSpeX3q,46278458
13,1283919,3884641,pubkeyhash,1Fzypu2ygtEspVYYQyTQYDMwojuRCHefLr,3884641
153642119,0,4993843,pubkeyhash,1JsESpmHiTsFLwZ672UT7CTvDmXo42dzpD,4993843
39,1739958,6850328,pubkeyhash,1MG9qstmr6UjrN6brx4uDVXRNHSr9Mjy7a,6850328
1,1848035,7338716,pubkeyhash,174NNPdyVULTXvSGNWdFEruyh6xJRTHmuC,7338716
7,1995232,8071821,pubkeyhash,1CfNRpLRvmDH8v9ocQdSHAyNBvn2hTks53,8071821
153642119,0,8455014,pubkeyhash,12JiBKxhijrSLwCSuvajDdqE9b9GwiU58U,8455014
1,7462599,46258580,pubkeyhash,1DV3Cr122uC4eK1aEpr72CQBhpSqKmfbk3,46258580
1,7462640,46258624,pubkeyhash,1D9LFc6sJcQswHtwMMKiRZXfzRX97XNQVX,46258624
1,7462652,46258638,pubkeyhash,17Kx7LWZCpA3yvnStnrVZ3EbEiaMet1Eao,46258638
1,7463030,46259045,pubkeyhash,1E9oU7v48HJe1qr2KwJZvQSVndd8WQUc76,46259045
1,7463032,46259047,pubkeyhash,17BBKmTH5Ztg3mWuACmRfmAGZb9S2PwFem,46259047
153642119,0,587897,pubkeyhash,1LqFwYokgzFQAKUTQBsLsHU4fLaWWNy67T,587897
153642119,0,5230025,pubkeyhash,18DyRaRCJdRL3hAiJSYXPzZjG3cgLvgRw7,5230025
153642119,0,5330249,pubkeyhash,1JKKRnhaiUFG8axp4VPFDrQ5x7hZTLFt9T,5330249
153642119,0,5949742,pubkeyhash,1GeB8nwdHu5ykF8CZf8xQ7gQiUQrycyq4S,5949742
3,1619261,6323418,pubkeyhash,19B9djCXosH62AhC73x7GpyJjTbY79tVG6,6323418
153642119,0,7147510,pubkeyhash,1FW5fasXYgz5vZpbLHr4srAZA8UcMpmrXL,7147510
153642119,0,12616086,pubkeyhash,1PiNWPcUVBf4QYujmzwLvAGnwWN8175abR,12616086
1,7462928,46258932,pubkeyhash,1PJwoBnH8XvSVNqSQJNYtMyk2bmgi2SM5f,46258932
1,7464544,46266517,pubkeyhash,13fmzfVFQSuZ2vcW9dJGHKSkFYdLpFVSeo,46266517
1,7464554,46266528,pubkeyhash,13dmz1Csw5uDpCsfTguGqLS6Y52uFQMLvd,46266528
1,7467816,46278425,pubkeyhash,16Z3odH67KT9kuzWHPakhHMQBqGH5DU1y7,46278425
153642119,0,1983937,pubkeyhash,1HauPsHckiHWikBw59QoSxNV5xAy9a4xwi,1983937
7,1357203,5151300,pubkeyhash,1CFJjde6kE621xeXMoCUBRUapgpbNVRmbR,5151300
34,1768133,6986717,pubkeyhash,1J1cx7A43kLKWnQiX4WRiMk5CCMYf63jDm,6986717
153642119,0,8236699,pubkeyhash,1Mwc93DQfcdaa1NuRE5M9vihkVp5vKFWSG,8236699
1,7462942,46258948,pubkeyhash,1NwzFDVrivQaJDvRdAjjELxZyUDjS5jSgQ,46258948
1,7462989,46259001,pubkeyhash,12ZgFNR4BgnYVxcUFZpKhTtxaNjoyY4SvL,46259001
1,7463092,46259116,pubkeyhash,1M2LG88aCJrv9GKCrWKHqxKnJPRH9dgcWd,46259116
1,7463098,46259127,pubkeyhash,1BroCKTiCeVvvRnkkp9p6FEyCATMjWQgTo,46259127
1,7464555,46266529,pubkeyhash,1EkRbE33yCDAiT2AeH97sxVofKDVsZN5fc,46266529
1,7467802,46278411,pubkeyhash,1CDersDEvL4D4nx58K1ZHY5VwSV2vzDcoF,46278411
1,7467857,46278467,pubkeyhash,1F1TtVbN37VFujiaxoeks3XdgtH2XdWLyd,46278467
14,372403,523653,pubkeyhash,173saP4ouJyz3vaGaLHuzvzritKYBDS3LN,523653
153642119,0,5145274,pubkeyhash,1GrUvfokJXNcE8D3cjoMrExuVpBhceve4J,5145274
153642119,0,7567971,pubkeyhash,1BxyDaRpVEMn9CFpEMbvHvfnxsD51ykYHi,7567971
1,1897843,7575685,pubkeyhash,1Hv3CQKxnssGMwbEj34wtpkGBvdQmRmY48,7575685
153642119,0,7992686,pubkeyhash,1GJ5B2YUZ8iRefbiT4urUmeJs6Q2457d9P,7992686
153642119,0,46258685,pubkeyhash,1FHmvJee6GRJqfWUAg7Gib9aypBPkZmer6,46258685
1,7462953,46258961,pubkeyhash,1CP93Toyv7jJaJ2s9MyWmV5Nm7g3iverwA,46258961
153642119,0,46266449,pubkeyhash,18FtmfsGjJAtybxhCtm1PU8vugP3KK1qKt,46266449
1,7464579,46266556,pubkeyhash,16CreYwnUyTDbWtCEkboAJKmLkY3YopMWs,46266556
1,7467743,46278343,pubkeyhash,15nctYywHaQvUnKrCrX5qRQEri2RxwJ4sx,46278343
1,7467832,46278441,pubkeyhash,1JoR7sWosNxoKg2C3CDouFkmNxqVkPNnzs,46278441
43,424353,673206,pubkeyhash,1CU8KRSTcrYKyjfeGRTjpJ1S57jViwqrnh,673206
153642119,0,4396184,pubkeyhash,1AQmTT9tw4dgsQ6o3N7UbMcVye6fS5KSZQ,4396184
7,1357203,4627825,pubkeyhash,1KW8QrP6TvyhPqxqWHLXsbB3Muau5as7Ct,4627825
153642119,0,5382018,pubkeyhash,1LXUkHjwCsyaEHEvYBnsJQJ9V78sSm7Xie,5382018
60,1690959,6720812,pubkeyhash,17fFP7pChAfM8ySChEh9PvPm9JwuZGWoDK,6720812
1,7462602,46258583,pubkeyhash,1C3BSWp5gszpK5vPN3CydRa9rWKHdudX5S,46258583
102,490086,46258810,pubkeyhash,1HgvowkPg1TXF7a8GwyR12eQc6CA1AYnBF,46258810
1,7462815,46258813,pubkeyhash,1CMDDhAgpmwXKB8RcgJHfeUPtHdGbQE4iA,46258813
1,7464526,46266466,pubkeyhash,1ErEEgxAcbqhbZpne7AMjj5nSwnMMDccQX,46266466
1,7467798,46278406,pubkeyhash,1AraNVAzuCJy3pFC3H1WjU5MidncqZpKWs,46278406
128,1500935,5638657,pubkeyhash,1GBMbx6chhAG6reZt62K289RdphaAJx3hB,5638657
7,1505539,5701023,pubkeyhash,1D7ZD5ExukZCVMA6Df947wVNe5Yecxsvkf,5701023
1,1543659,5821448,pubkeyhash,1JWqZTzWRvrb9VXqw2QLCG4eRGRzPL5L9F,5821448
153642119,0,5926729,pubkeyhash,1Pv3sV1N3KmzJzGFUz7zuvLJP3XruL4Dxd,5926729
153642119,0,7227280,pubkeyhash,1BFTRLP2fr3JX6ViwnhFJekqmFhWeMqLBn,7227280
153642119,0,8327364,pubkeyhash,14VzPVgXgEKH8NgBSSZUfZwYKFKsG7JycC,8327364
153642119,0,8577046,pubkeyhash,1778wFM1PwcDqPXfff4mr7m4htQ7JAEAuc,8577046
153642119,0,8814872,pubkeyhash,1BitsG13wubXrXA1mmUGC4PN5MsUD8ULVZ,8814872
1,7462680,46258669,pubkeyhash,1M8uQ1F8uuQ7ETWyuNoU2ghVbXaK7mttSu,46258669
1,7464582,46266559,pubkeyhash,16vxqFzQqkzGvAFbGYttXdDsSDEe5uQfaA,46266559
1,477412,788770,pubkeyhash,1LYzNTtgMBBV9MYfAoxSkxHn54mVohbiRr,788770
153642119,0,3071774,pubkeyhash,1DannyEt9d9uzC6wH8SmFoqL2NPBf5kqYA,3071774
153642119,0,4698306,pubkeyhash,16LyYPyPn8FtoetQk9RnzUQM4AEuE5KNZ8,4698306
1,1499176,5631119,pubkeyhash,1E9Jp2Ez5nTwLudLs7a1ZnCBKiESqThZtd,5631119
153642119,0,5950939,pubkeyhash,18JP8n2bzJhNXqiQvrS5h28mgEuGDaTn51,5950939
1,1900283,7587780,pubkeyhash,17Z2iGUz2Yj7iRmfmQ1cNw99ftjCZw45y1,7587780
1,2690708,12142553,pubkeyhash,1CMZyTdFrtPevj3mKQksKtro4SbJ1Fo1UA,12142553
1,7462903,46258906,pubkeyhash,1B2VJkfVHESxncVn14NYKXZNqJsjJmMHj6,46258906
1,7463061,46259076,pubkeyhash,19KnhCLSBn5JoP6ZmWTVjcS1RxPVnL4UyR,46259076
1,7464524,46266464,pubkeyhash,16vya1in7ZXUksxLpRnatSewxGJ9LGzeME,46266464
1,531970,970263,pubkeyhash,133A4LCCUGsWBbBe3gqSeDWDaNJRRi9ver,970263
153642119,0,4835025,pubkeyhash,14QvTg7cTfbh8Sa8PYVqgGoxwWBhQhb1aa,4835025
1,1537358,5786605,pubkeyhash,1D4JceYPrrDeHA9gZQP4DZY5FbKxiankkp,5786605
16,1353713,7518633,pubkeyhash,1GUruvanCg4gS62XCeD9VbCzJhT1cyn2a3,7518633
1,2127177,8770253,pubkeyhash,13PLvXHAah7DxfNzBWU7q7RgFLF19g9bxh,8770253
7,2792308,12657247,pubkeyhash,15vNYvG7nKRsZPWPRsjhrw6ttC9oBUSHQQ,12657247
1,5804071,32442586,pubkeyhash,1GRazCon4gDqTh1pMNyh1xHVWnbQEVPfW8,32442586
1,7462597,46258577,pubkeyhash,16r2dFZRtm8TXctvjcvGeNW2MfiTNPL9up,46258577
1,7462604,46258585,pubkeyhash,1ACSP3vc2S5NHRFcoteGFDDS32rsFyByg4,46258585
1,7463094,46259119,pubkeyhash,18veEwm4HDGNYk63TMKyf3s6GG2AysFQnQ,46259119
153642119,0,4107033,pubkeyhash,1KwbU3BZuPrCkn6iYn48RrTBSxbwH9JGeZ,4107033
1,1329285,4396105,pubkeyhash,1JZCdPnogidG1P43afRvybewS2z9ov4owJ,4396105
1,1676859,6619047,pubkeyhash,15vuNkFKGt8ZvspW4mBNKnbU7zaYKEhK5Q,6619047
153642119,0,7976925,pubkeyhash,1MvFMmAT3uByMAFjHSKu4JvSykMSmrcFkT,7976925
153642119,0,8899441,pubkeyhash,19r4usQVGzyuuaQRedURnTb2BVDt6TZVkc,8899441
1,7462653,46258639,pubkeyhash,17F4grt9HoxVzYdQRt74mp5t1dRyB1nA6T,46258639
1,7462982,46258993,pubkeyhash,154LtvKFM4g5YNq1aScG9mSvRqSxF1bRw9,46258993
1,7464533,46266476,pubkeyhash,1Ppz22GqwFEArPUQwZPvAMEGg2PKJ6PWDp,46266476
1,7467803,46278412,pubkeyhash,1PgQ7mLoYdWGK3YAdFVYz7HBL3JYWZdNun,46278412
1,7467828,46278437,pubkeyhash,17G4FEccujiwUdid1FGwyXkhagqx9Z23vN,46278437
153642119,0,4539364,pubkeyhash,1CzyTCWqku4RNdvKbnWpQJBZBRttvbWyuS,4539364
1,1775737,7009986,pubkeyhash,1LpEV4eWh4EXSxMRnN6aievXCzjtNA1PLJ,7009986
3,1895878,7565236,pubkeyhash,1H246JhfCdGaieGZbixGPH482RBEtShzZ2,7565236
1,7462804,46258800,pubkeyhash,13gLyJfcdJmLfsGUgg4sXRAcjppq8GwDud,46258800
1,7462888,46258890,pubkeyhash,1Fio5JoE6JVdZ1XUsns5Yqe5L2FjoLj4xg,46258890
1,7462909,46258912,pubkeyhash,1EtU8vTtqfVFBpkRzxnoRU1ELCQsvo5YnF,46258912
1,7463076,46259095,pubkeyhash,1HdW8G8fEThUZ423yxesHeg4GZiQ2jbtoR,46259095
1,7464550,46266524,pubkeyhash,1GLzPPEJxFa6J52a287StaSds3pUuf1QSU,46266524
1,7467774,46278379,pubkeyhash,1Habp1NZJS8ufsGM1i1w3rXXSHnZACSGbe,46278379
4,6461738,63867253,pubkeyhash,1A3Ma6DwbTZYR914PdfgpCUVP5bWdEp8te,63867253
2,1346720,4545049,pubkeyhash,1C6DSD4DiPXdjV2NLMwL9vYZpyUSvKCnQn,4545049
6,1354612,4607587,pubkeyhash,1BCYYYqaeKWfybcJHq7tZ3NwpGsZNFEoJB,4607587
153642119,0,6181060,pubkeyhash,16enLNABs6BRVv2HFVknSx7NaWFwGofHLU,6181060
1,7462612,46258594,pubkeyhash,1B82QHpLbZDgjkur3k2mQ2pTfZqua4WQQe,46258594
1,7462988,46259000,pubkeyhash,1C8BK8KjTAUZmyfupNTcYNN9U6LWwwYXSE,46259000
1,7463043,46259058,pubkeyhash,1Piz9JsEvN3aWKg5PNg5svn8RtcEW5hHsq,46259058
1,7463052,46259067,pubkeyhash,1NBXNNNdJKyXF71PVimLYkDFXqnGhuT7k4,46259067
1,7467744,46278346,pubkeyhash,1PNLrqwnDFno1fNitmYTzWoeXagii9Z2k8,46278346
1,7467860,46278470,pubkeyhash,1Gcbv1CWjbYXHqLT3AEmjds5hSdG91c2zS,46278470
1,36488819,150446109,pubkeyhash,17CPNC71V7UBd5F1nTkvHxC7JVvqrvCbio,150446109
40,1164597,3123455,pubkeyhash,1HU5ZLVxGoe76x7bL7QV1zEcpJrKMuekoT,3123455
1,1356866,4625493,pubkeyhash,1EZRntn1AHzpSyQyEFw7j1adr6vUYU7WVu,4625493
153642119,0,6459253,pubkeyhash,1125tNHvjqRhJXugufppgZhgAB967jpssp,6459253
1,1855621,7370164,pubkeyhash,1PziRQq1BfusEzXZpvsygx1Xr3JPpKen6u,7370164
153642119,0,7466726,pubkeyhash,1KUqcQkesGsoWPCPHvUTYFPKMC4CFKW79T,7466726
1,7462949,46258956,pubkeyhash,13NfPm3kECjif5DEv9TnYAPpmDtHP4dyX3,46258956
1,7462961,46258971,pubkeyhash,19De1td1DdzMBju2LmcjVefWPGke2cbis6,46258971
1,7463017,46259030,pubkeyhash,1H5H6R9NtMwthf83j8CXcBPKt7obeNqFzr,46259030
1,7463049,46259064,pubkeyhash,1J7vAzgzef7iD2eCZvCQ6Xk3myFUGwr8Nb,46259064
1,7467830,46278439,pubkeyhash,13vkDD6EkSdQiwySSZ9onBEaHM42t7z5EM,46278439
2,1609504,6257652,pubkeyhash,115EXwBfxpX33SKgL9ki915URzwB33oq8o,6257652
1,1807681,7141988,pubkeyhash,1GHzNUV5FW8M1ab8UuwjaDX7eDo1XMXujw,7141988
2,2092178,8578953,pubkeyhash,1HHrnHnVTKpNrw4eRX2a3Vc5JA9DMiUh2w,8578953
1,7462674,46258661,pubkeyhash,13MjP9JS1nwPSoY8WCuXms5NbgZD1gunqX,46258661
1,7462901,46258904,pubkeyhash,1NW53xKYnJYMvPaQzL8FUbU7B92x7sHSbc,46258904
1,7462976,46258986,pubkeyhash,1Mz3B5yjxeV8L1aCxihSYQr7hdLFsn58qV,46258986
1,7463084,46259107,pubkeyhash,1PFgdxNV5pBYCR9zZMpkpjT41aULa34QtS,46259107
1,7464587,46266564,pubkeyhash,14Aw9nqjJxaWyojmViwgKzuBbjumPL6wXY,46266564
1,7467783,46278390,pubkeyhash,1GfjMEygDfuBbQ7vC1R8r5GwmTDjdhLty3,46278390
1,7467804,46278413,pubkeyhash,1NprzwunoPBTHnuHvsdJ1tX5qPpPWoQfmY,46278413
153642119,0,3639393,pubkeyhash,1N2NHzATzPMTKAS5dSr8N1EwXudSZQibGu,3639393
2,1602877,6209166,pubkeyhash,1KGWwacbGSwpcqiuEWMzNym56cpMULM3mt,6209166
8,1531207,7614943,pubkeyhash,196o93CeZZgb8KxsqdSCLE6EMN5V4nycqa,7614943
2,2088704,8558958,pubkeyhash,189ovedivX7beuMgkF9KppE3J187gdzZ9Y,8558958
5,3435659,22104370,pubkeyhash,17Xsz7GNzq2cxqvyTXWJ1svmbyTJqQAZUD,22104370
1,7462627,46258610,pubkeyhash,15zXKM5Bg5P5ErQyfK7vTG8ob3qz1qYT6U,46258610
1,7462883,46258885,pubkeyhash,1MtxqppSqWYuaW4iGWBrAy8BzyazWt5nCh,46258885
1,7462905,46258908,pubkeyhash,1Fw5EtNFsLBhyQsYi8EUcGo5hGtGhfnR8f,46258908
1,7464560,46266534,pubkeyhash,185vnx5rrVy6hD8mm5EkStPwjRUxysdCAU,46266534
7,1302581,4083576,pubkeyhash,17xRETnBaHuhc7a1nYxoUF4Jwr4CNmoien,4083576
1,1376262,4748685,pubkeyhash,1CxUEwBT9bDF3YC6sHz4DNbvsG2bmKNXGv,4748685
153642119,0,7260365,pubkeyhash,1KTZ2DJYXhgNN7axSHMDWXtouxswRJBXeF,7260365
153642119,0,15056095,pubkeyhash,1Exodeusuan8ye2HBvhUvC1hHLgY3EFXLB,15056095
153642119,0,46258631,pubkeyhash,1BsyG1JpamCcRZPBiUhRWuqfDeXU5Ky8zV,46258631
1,7462820,46258818,pubkeyhash,1JZMeBdsRXJQdH7hwksstCJLww2Qs4JhDD,46258818
1,7462898,46258901,pubkeyhash,1Le3LXQPc9nbKvDTDm1JBeP5inhaUAN66j,46258901
1,7464593,46266570,pubkeyhash,1Ka9WLMQuRJDBZAERv7zZqvWFUMiTNnkak,46266570
1,7467771,46278376,pubkeyhash,135t8rCwzy8QK9BWhMMB8S9m2MAzUpBnyN,46278376
141,1233692,3490919,pubkeyhash,15SL2gUaqcDU5bFpXMViy3H31MRUQTMntt,3490919
1,1496939,5618578,pubkeyhash,1BrJdyQgiuhgShSAFoDoiHVFxLhys3V4oS,5618578
1,1575049,6011675,pubkeyhash,1PwPBsu3DBQjFPRUxrZGAfmraTh7d897Bn,6011675
1,1744462,6872486,pubkeyhash,1Lq7LNwkxvGRCTDLH8eJNkRJdUwW4YW2wF,6872486
8,1868054,7431755,pubkeyhash,1Ky6RdNesUo88xAAtz6yXLmubuGixZQugU,7431755
1,1886338,7511271,pubkeyhash,1LGgCQnBBvjQWF9TfDMh8R96xChYuh1ARH,7511271
2,1903642,7603188,pubkeyhash,1NsfeUoN8Cu1fc7X1rC5MHb8LHoKAg8Dyk,7603188
1,7462694,46258683,pubkeyhash,15bNLyPFQqiTKN2VvPhyiX8q22xcMAwfRP,46258683
1,7463101,46259130,pubkeyhash,1MSkWiktsQqaA8DVaHZt9B4b3Sza6TDVvz,46259130
153642119,0,3179443,pubkeyhash,13gthFUM2xdBrpgc4fpY5gd2oYyY68mbT7,3179443
153642119,0,4908084,pubkeyhash,1J4X7VFxUsDPDKLefyfJJFXyvCzdLrRPXy,4908084
153642119,0,8112245,pubkeyhash,1PE9BKoFykyoKv2wstEXKKxNcC1Dguev38,8112245
1,7462613,46258595,pubkeyhash,155yKkx3SZYpgC2XsVPzDYtLcjAWFob2pf,46258595
1,7462831,46258832,pubkeyhash,1QAuGAypWAxwNaV3ucQzuUrPQmFX2KC3j7,46258832
1,7462927,46258931,pubkeyhash,1JwSrMEbbYmaMumoKH5qSeSReDLsgcN1qi,46258931
1,7462957,46258966,pubkeyhash,13fEY5Tw9ms4bQNh3Dnr8JNSEdWvmJTHbq,46258966
1,7464578,46266555,pubkeyhash,1GoTV6xGpxd8jdEosaQeHuCThxa3weiHrc,46266555
1,7467775,46278380,pubkeyhash,1HEnTVUZFYoasKxcuY3hRagwVpEABnpm45,46278380
36,461937,4185291,pubkeyhash,1KxMFK1kPqp1U4FjW4joBtucmKCuV3kHDR,4185291
1,1312089,4187988,pubkeyhash,1337U83UQ4tErbzMWMB8VyS7yVovxBtrUm,4187988
1,1313483,4203351,pubkeyhash,17YMf4xLp5JvAHn6M7bJZ5MiSN6mKGxnKV,4203351
1,1372746,4719717,pubkeyhash,18GERP5Wq7NFbKWsSF9ykNGUqqD69nZbCb,4719717
2,2328803,10107273,pubkeyhash,1Bitotco4xoVA8aYL1Y97V1QE94nf9FsTZ,10107273
1,7462675,46258662,pubkeyhash,1BBQQM1HAW2Vo9t8gtRSQk6hen6zqC79FL,46258662
1,7462855,46258857,pubkeyhash,162tq4T5YQ8q9JZrunnBDhGetYyLuwVGi5,46258857
1,7462862,46258864,pubkeyhash,18yrW4nF21u8VDFh2YC7W85N41SWqhmfUw,46258864
1,7463073,46259091,pubkeyhash,17cNikb1mzPtf5FA1WxmuVu6E91MvxUTEz,46259091
1,1267675,3718240,pubkeyhash,1FgrXmiZiKwP15kWpeac3oCSs6sxkqN3FJ,3718240
153642119,0,3956810,pubkeyhash,1JALLENn5SAy4F6kgFUnCjP3DNE8NPS1B6,3956810
72,505175,4591501,pubkeyhash,1BDwTXrrmCgHzcevmkWV4VaZRuDsHcdMQC,4591501
1,1407122,4994493,pubkeyhash,1ALjxNGbwDcF12Jq5AeKsfgqfQNZmwEgTj,4994493
1,1719479,6781084,pubkeyhash,184QZgYk2xeJGmEQLW3cRFTPCHEEedzvVD,6781084
1,2097907,8616049,pubkeyhash,13rZGrGAMu7cjQZrUGcLYJUmaYfJ4MBpQo,8616049
1,7462676,46258663,pubkeyhash,1Ao1cjsnbA3ogSHSoL5hkSNbuCAJNaHDdv,46258663
1,7463077,46259096,pubkeyhash,17fZJ7UNTTxA2hrPLFvuNHbBnqpXJ31GB6,46259096
1,7463080,46259099,pubkeyhash,17JwR3RJf544DpAE5neHFFs14cTadXBg82,46259099
66,291207,6074908,pubkeyhash,1DdQqHWZnz6mBYw6dRVVTkQGybuB3GkjtE,6074908
210,1474709,7843088,pubkeyhash,14Ckwh8ETEeXTgxbZJPPjJZZpWac6MgHP5,7843088
153642119,0,12627693,pubkeyhash,1EW5Uc1h1nCVPqq7Y887foRVLDBREyjEh3,12627693
1,7462607,46258588,pubkeyhash,164Rb4TARunbmtcCCJBsd7VgicyYDi6wDZ,46258588
1,7462654,46258640,pubkeyhash,1CC1czStqXhohnXyGVJdjs46noNW96cPVy,46258640
1,7462655,46258641,pubkeyhash,13oJHQ4Mja5b9pmkMKHp13PskGfb7yS7DL,46258641
1,7462842,46258843,pubkeyhash,1Fh55vjPnHuynCaYr3vWV9JxEYhJvm74MP,46258843
1,7462956,46258965,pubkeyhash,1LAqoSLsAYfX2qEaWmdPCjPbTYDWyWNag7,46258965
1,7464546,46266519,pubkeyhash,1NBukVMXoiFsCVKv9nSvNqh4G6orwAn8iu,46266519
153642119,0,4096422,pubkeyhash,14LGRUGfyjx835bKrvnw69D2WfEYmp4VMo,4096422
153642119,0,5967708,pubkeyhash,1Dt8P1pPsXRG7G8qPaUPdzammP8w1BgVF1,5967708
153642119,0,6399594,pubkeyhash,1AYjdSmPMb8vzfzwGrZFACiKRG7LFr4uFz,6399594
153642119,0,6907933,pubkeyhash,14pbntHTA6nPFULrMvB15bHX95xdfTWLxk,6907933
153642119,0,7404960,pubkeyhash,1Namjies9JeJ4ugCzjkAj6dbaWrtjAFKCk,7404960
1,1912282,7643511,pubkeyhash,151UCnWWgQt4cMbCxZrtMFt3Cc3eEabhz7,7643511
1,7462620,46258603,pubkeyhash,1PppeYKZPgfgxBKuu8p4cVYH6uZhxS6Fqy,46258603
153642119,0,46259028,pubkeyhash,1GbQ8sc4GocEobSL6j2gdHMLPn5fzSuMdR,46259028
1,7464514,46266453,pubkeyhash,1PYujRp5nsDvQiBRHSoegTY7vikxxCSuVA,46266453
5,1380003,4781387,pubkeyhash,184PSpnS5uEwGWwLrz3m953r6C15VMm9Xh,4781387
18,1569715,5973270,pubkeyhash,15oPGvQid1nydmBKRV3eDwzT3cdXHgVnzm,5973270
153642119,0,6317972,pubkeyhash,12jmmskcZTqZrXcgMeqEBcMTepi5NZAkE9,6317972
79,1868649,7434789,pubkeyhash,1GMBRXgLZTL7Xvi9AyRBTtDKYZaDW3DFGx,7434789
153642119,0,7445248,pubkeyhash,15fYHQFF83KRKJh3P84aSvMgJ4C8Mw1xt5,7445248
2,2019861,8175147,pubkeyhash,15TncZKz358pha6L8v2v8NnoqKvhq6QZEf,8175147
1,7462886,46258888,pubkeyhash,1HnoFBfr3FurpFVnz55n6KMi9DvE6KjdaY,46258888
5,69475335,207035735,pubkeyhash,1CUW4NNZXN2W9DwYp4t2Ft4RTU2CTxD23N,207035735
153642119,0,2906206,pubkeyhash,1DiThiTXZpNmmoGF2dTfSku3EWGsWHCjwt,2906206
153642119,0,4683438,pubkeyhash,1GweedoZJYb5CNLfSaBgBBYS2y7BMVb2Wo,4683438
1,1625070,6358541,pubkeyhash,1JTfqri5BddnEFhvPzDaiJiw78bkYvtM3c,6358541
11,1922027,7691392,pubkeyhash,1C4sBU57PmWR1ftY5G84VDK6tyXLcX7MuL,7691392
2,4874531,25508078,pubkeyhash,1Np3YJrvWZr4s1rMHC4aAF1bDbqah5zRWS,25508078
1,7462658,46258644,pubkeyhash,1E8RhgieX7tTPMvrGo4QcMygMVeBpyFFNm,46258644
1,7462691,46258680,pubkeyhash,12y2xSB8dqxi39wNNJMSEnqSMAjyntBcRF,46258680
1,7463112,46259143,pubkeyhash,1JVhoyaUsKVeZ4eKYyonGo8qEfDdTai8wY,46259143
153642119,0,3048799,pubkeyhash,1PKyq6aMKcCwn8cmb9Jc5SkNydLsQb5n7K,3048799
2,1460109,5431696,pubkeyhash,1Hcgxcsdu6gPUJzmpNeVdt8d7NxdbMQUz6,5431696
6,1619297,6323826,pubkeyhash,1N3pphJSzQpQr5cBg1p3zTs2KQUJj1Pux3,6323826
153642119,0,6393465,pubkeyhash,15rqWE4mYsUAHHvVewKdcJrgoSAtwrjKr2,6393465
5,1896167,7566860,pubkeyhash,1B8SHFK2w6Akgq3nQQaSe3p8bcrXvighdP,7566860
153642119,0,8189878,pubkeyhash,1BrASUAbyxpieNdKYpHCPaoSHVeoYjF6TR,8189878
1,7467799,46278407,pubkeyhash,1JJ1grXMKKmV48FoGraxU5S9mxscLLkTgz,46278407
1,7467851,46278460,pubkeyhash,13xmwPLrENHCfcEHoQs69HVTitRuCJCWic,46278460
153642119,0,4553598,pubkeyhash,17QAPwXnqXX771j2CB7y2ahuoX76X4aipv,4553598
56,1200217,4807306,pubkeyhash,1Nej2R8uSTDAGsVkFGukpKMusG679fQ44b,4807306
153642119,0,8579455,pubkeyhash,1927oaHjd6QKyFUWGRnx3sMWSmktrDdzto,8579455
3,2399235,10640868,pubkeyhash,1GGXQWMqgNtH5FSX3i58zpUfD8y46i8v9V,10640868
1,7462678,46258667,pubkeyhash,1EzXL7SiLPSTnhsv2C8s118DMceFadjoxk,46258667
1,7462825,46258826,pubkeyhash,14EqujHq4AaLaxXNksja7dhw3XM839RHSx,46258826
1,7462877,46258879,pubkeyhash,1NCLP5cCrYMXEwPKwQwUArkqTWrdZSyxLG,46258879
1,7464543,46266516,pubkeyhash,142ujZikc23m2NWvACDznBa29hBYhHFtum,46266516
3,1343617,4519627,pubkeyhash,13MsepbQftqJ62t5Ljvo9CbWmEpPgogetM,4519627
12,1349313,4565294,pubkeyhash,1LJFFEsyFtkMWyVkcqkTQdc2CTKMu2zQj5,4565294
153642119,0,6091445,pubkeyhash,1DUongN1W2RLLcrHFwgFYfk8PmWe2AkuwQ,6091445
2,1648500,6498219,pubkeyhash,17CS73Sdmm21vqgYuTa7Stszi4ZXRA7wGM,6498219
1,2282527,9784763,pubkeyhash,1GfhjK6kYnPjVPhSP3bS1xuYu7cpEYxU1c,9784763
153642119,0,13384864,pubkeyhash,187uvUTVBcXtvW5ZwLMBqzcDaDW8snrUBf,13384864
1,7462975,46258985,pubkeyhash,19wpwd38VxVbXs8urVkyoNhFuqu5opA3E5,46258985
1,7464521,46266461,pubkeyhash,17Ypt5vu6pYiQMcQYjtWrTtoL47YqnGTRj,46266461
153642119,0,5593121,pubkeyhash,12UMVpptiPfnhR5Apsg3JRHZHGXNs2srTB,5593121
3,518065,6307521,pubkeyhash,12iDPPepCBB7i62D559faUY32CsFAgixCo,6307521
2,1673913,6603657,pubkeyhash,1KgQYutjJH68EVxxY3FoCPJjm2xRRES9hN,6603657
1,7462663,46258650,pubkeyhash,1Lh68DT8tzvk2Pq3yTgEPRCg82XijAm6GV,46258650
1,7462682,46258671,pubkeyhash,17U9g76oE5ioSVGNqdeYnczwLVwn6SGJbK,46258671
153642119,0,46266478,pubkeyhash,1CzQ2uDkb2CYCckemCkYQ3AqjGEtPsAgwZ,46266478
1,7464557,46266531,pubkeyhash,1FG9rff1vFqJJYVdFzdB1bSQTW1NScvN7y,46266531
1,7467769,46278373,pubkeyhash,18ACUZdDojjoP5LFC6MggRJonJsGR5tSNM,46278373
1,1332016,4427042,pubkeyhash,1FWzpqXomYxunGCSCdUW8QpXR3iD9t7xQJ,4427042
153642119,0,5394145,pubkeyhash,1HWC4QB9Lghts8Lw5hq2opaYNTQQZDKCm5,5394145
1,1463575,5424527,pubkeyhash,1HwnWsMy7UW5BooJcDNLHSyCidT6zxnhT7,5424527
22,1630476,6390968,pubkeyhash,1K6rcPwyTi4qXjbM63zQs81h35yfs4mFxk,6390968
401,1622207,6559738,pubkeyhash,18qtzqNvYtfho1n3Fxm9dSmzkbUrVicMcn,6559738
153642119,0,17127643,pubkeyhash,1NoB36vZVCHHZ5Xreg39vcLK3cFbgSxRUP,17127643
1,7462959,46258969,pubkeyhash,18zFpLKVNqmyLNTQE1mURG45miagBAYZXe,46258969
1,7464528,46266468,pubkeyhash,16G7q2zB4K1FszREKYCxuKUkhiK7YYhT1P,46266468
153642119,0,745,pubkeyhash,12higDjoCCNXSA95xZMWUdPvXNmkAduhWv,745
42,514750,916824,pubkeyhash,1DvWY6LaKJSYSptDoMfCn2Hb7inQ1D8Ld9,916824
153642119,0,4069169,pubkeyhash,1NeWArjoPgAXeZxXo9U699mqgqQ6sLdYFB,4069169
3,1374456,4733328,pubkeyhash,1L9mwPouZk9oRn3hLwnUiGTTynv1s1PeAo,4733328
153642119,0,5633480,pubkeyhash,1A6E7wK7GWmowK5cSzxoc3bWwjtyfuAPFQ,5633480
1,1506267,5664164,pubkeyhash,1MWZq7caE7HnbM7weFv8QLrWzYA5Pq1tdY,5664164
1,7462852,46258854,pubkeyhash,1PdMgqTNQz31YpedQ1QF4d19USLAbPYT1W,46258854
1,7463020,46259033,pubkeyhash,1FAaiuyKqXPHUvmHUahjtjnicXj759sUFK,46259033
153642119,0,640333,pubkeyhash,12H9YTTS2cxtTphVromSJtPkM2h3sra1wP,640333
153642119,0,46258897,pubkeyhash,1ECQFtUYHHxFq9ocMinZ8iJxoXhX8wePpg,46258897
1,7462965,46258975,pubkeyhash,1HCVRytjVBWzyd32ukXhDXvGLvu2nLgAek,46258975
1,7463014,46259026,pubkeyhash,1GhTXoCtACy3kum2GzZketwdDHkhFXDfWR,46259026
1,7463071,46259089,pubkeyhash,15S3P9FfFnfW6DKj6Uu6VmVs6jWx9zaFNF,46259089
1,7464588,46266565,pubkeyhash,1JwQZNtcJXzH1BGWZYqCh7GboLGJkD1znu,46266565
1,7464590,46266567,pubkeyhash,1A2EQNg4LHwf7txjZujYyjYojNThaLuvLX,46266567
1,7467768,46278372,pubkeyhash,14QpJiVnt4EWdVA2szEQBc24Zq9VfcZ7cB,46278372
1,7467846,46278455,pubkeyhash,1ChSyACfPE9XjKwiVFFG5nzpch4AcAUJVb,46278455
7,1574951,7798163,pubkeyhash,1PJn4Syv6AMPhjyM1wVAbP82UHphAZ3S7U,7798163
153642119,0,7855706,pubkeyhash,1B6TsgvwB1rXW3AxYrbs4CmdcoAweDYEKW,7855706
153642119,0,8273892,pubkeyhash,1PYip7nfFruB2DpBtUi3u65LMZqNyctx4k,8273892
1,7462816,46258814,pubkeyhash,1F4eQ1ewthWRFFXTsQQpSq9znBAmEXv2zS,46258814
1,7462910,46258913,pubkeyhash,17Lze2bMMgN86Yf7r6aqcvTfbrUUty6yJP,46258913
2,7462995,46259007,pubkeyhash,179iXdpVGjpNxWz66u4viqGk78qh9nPMy8,46259007
153642119,0,46278374,pubkeyhash,18nWH5Lc4k7mXCwsofYXtHFowzWpL985wp,46278374
47,1487817,46278389,pubkeyhash,1EtbEcYJ7M9LAoqh96WU99knT5B5gMTsgt,46278389
153642119,0,4508572,pubkeyhash,16zTzaXYNpEJDKFpKMnap8PH6BUcR9Qj2P,4508572
153642119,0,8124017,pubkeyhash,1MsuDxViz4EgJq9n4W74gWU8HG3c4cEwWU,8124017
3,2020188,8177157,pubkeyhash,1GHVzynnmNgGeK25AicohBNYk1v9pfzhDS,8177157
1,7462650,46258636,pubkeyhash,1CuYondJX1gv7j2VEt5oDmNRzkFcdinHdz,46258636
1,7462926,46258930,pubkeyhash,1FnCPWSPjPWRRb1p7wGaaxV7JgCxaBNgqW,46258930
1,7464561,46266535,pubkeyhash,1MXrZNZ6hQGJAE2fSUnu63krcGzZsMPtaM,46266535
1,7464566,46266541,pubkeyhash,1FjyKqbZfrfa9E6UhyPW2jLiZnjF5uJEJe,46266541
1,7467847,46278456,pubkeyhash,1HeJxA5oTd2tPkofQTqjxN77VmVxQB9bZW,46278456
153642119,0,1218062,pubkeyhash,1JoricCBkW8C5m7QUZMwoRz9rBCM6ZSy96,1218062
5,1315920,4231911,pubkeyhash,1B3aUq1ShdqjSsiUsjf56XUCKPtFq3iip3,4231911
153642119,0,7088717,pubkeyhash,19oe7GAZcARBtSdACv2Fp79PbArEvGqBhj,7088717
1,1813764,7160996,pubkeyhash,14hBrY3ZVdsC4ytoKaZBSfZgeJvA8K75m6,7160996
1,1971571,7926241,pubkeyhash,1CRmE1xhexUPqauk7CZnTakYNeyfy4weBM,7926241
1,2052323,8364085,pubkeyhash,184f7HMYbjjv1oM6q4JQjdmETK6np3AQPU,8364085
1,7462621,46258604,pubkeyhash,18ot3p4159YgdbAWCjeL9CJhLUR5CiQKXq,46258604
1,7467809,46278418,pubkeyhash,12py6bDdUtHkZqGaRgYpF6KUZmUSxkesA8,46278418
2,1305919,4132885,pubkeyhash,1NzTB5kHqrqK5QB4z6HvWQiBz57kphdYp4,4132885
168,416342,4488871,pubkeyhash,1MetaBANKUZ794Lg2YEcp8mYSZQLk5KBAM,4488871
153642119,0,6332289,pubkeyhash,1FwQNDb1xUUxKG73fpRqq4HY1o9BmeCuhq,6332289
153642119,0,8695465,pubkeyhash,1A6JqrAjw22L4SDqBcjxfv6V8yqo4aPWsg,8695465
1,7462808,46258805,pubkeyhash,13Qb5XbjoKRiJyZtKz2KdgUYpCVB7NoCwz,46258805
1,7462893,46258895,pubkeyhash,1Dc4Y3QvaqJ1SVNDGmKYTRRYvA1gdkBcYK,46258895
1,7463055,46259070,pubkeyhash,176sFYRGoRGqgsdZ6RUpWnbyuG65Y8ZCnz,46259070
1,7463065,46259081,pubkeyhash,16BG6DT2p2SMtKJGGzDARbtvjPFJikzhXQ,46259081
153642119,0,3215109,pubkeyhash,1EcysP9UmvyW1zdD75noVdb8BVaRA7ZC8h,3215109
7,1574951,7720099,pubkeyhash,1NphAE4QMnRxnX7Rt1xFY1PJ5KSqXThvum,7720099
153642119,0,9131690,pubkeyhash,1HnqrNYtGqj6tSkp36BHyWT2hhcSugqfmx,9131690
1,2561012,11555045,pubkeyhash,1FiXx5t3tYokh28WfPNgTQxKgnH96wiQba,11555045
1,7462606,46258587,pubkeyhash,1MC35TFfVkEFvw91Cj7yeJAKs4UB5jhRT7,46258587
1,7462952,46258960,pubkeyhash,1K9HP9xCDwLMRvP4Yo8RMTzAWseso8bgtg,46258960
1,7463090,46259114,pubkeyhash,12q9WS1pznE5URBGuvkHUCRQD1HFz4V3d2,46259114
1,7467811,46278420,pubkeyhash,12dfNKw6SfFuGpvy4CmMsVnGbYMmdV6P9Q,46278420
153642119,0,419770,pubkeyhash,1PPGVewtgGCfah4AJKHAAuHLLb9ozuJkBi,419770
153642119,0,5201475,pubkeyhash,1GD4zvjPCiwBPuNWp1sfuzmktKtGespBFY,5201475
153642119,0,6632757,pubkeyhash,1N4hMoDUDD15KpR7Q26p7nDhMDoh29ZPQU,6632757
810,1564939,7239828,pubkeyhash,12QqeGk4eHNgc6oQVuJ3gFMa8WoRjNb7Ww,7239828
153642119,0,8448396,pubkeyhash,1CmmvQwp4hVMM4ra1JbK6wjtJdqkYNXyxB,8448396
23,2072618,9072288,pubkeyhash,1AmvFM8D4FzzV1MZjrquLdfaaSPr7KHtTg,9072288
1,7462638,46258622,pubkeyhash,18sMpqQM5MfwqviQVtumJqHSWXpdWeksv9,46258622
1,7462900,46258903,pubkeyhash,15r5JSPTcCx2T7zWiS9SegBqaJMtk2kfn3,46258903
153642119,0,6216073,pubkeyhash,16Y6opxPajy29ARrdTAY1MqYAkMnyvbHF6,6216073
153642119,0,7746915,pubkeyhash,1Apnr86abBHVqo2uvXE3J6x4PBd4rxkcDr,7746915
3,2355191,10311893,pubkeyhash,1JCMUQHyXpetJaEmXiXG8TphrBnGS5fCiM,10311893
153642119,0,46258987,pubkeyhash,17mDAmveV5wBwxajBsY7g1trbMW1DVWcgL,46258987
1,7462978,46258989,pubkeyhash,16XGe1ScuQYtmXvppyaLc6kwQxmWSmrWHx,46258989
1,7463031,46259046,pubkeyhash,1E8nsDMB8QrPC62GgxLFy1BGS9pg2mFNym,46259046
1,7463114,46259145,pubkeyhash,16mHAiNofqZdVBzGofsF1fqPk8QXrFzv4H,46259145
9,7464532,46266475,pubkeyhash,153MZbMVJcyT1Usc1K5BEroe7zGj4rShy1,46266475
2,1630548,6391297,pubkeyhash,1KqgnKNWKSHJLg6ncvS7PC58c1pBGVUxDn,6391297
153642119,0,6399401,pubkeyhash,13pj2N65JD7wPfw4Wu5x6Xae66USge3Kw1,6399401
1,1835553,7283873,pubkeyhash,1QALc4preeWNzQkgWMZdzUhMbhjXNGC51K,7283873
2,1903642,7603536,pubkeyhash,1MYUmZMPUCKiasiPQGPnGNH8JXeKNaGWkk,7603536
1,7462824,46258825,pubkeyhash,1BHYPyMVhqu8VCSTxeZcftfLxLASjSif28,46258825
1,7462894,46258896,pubkeyhash,1Q5YDmVKWvAz4rdixSdERwWQQu6h8GpABu,46258896
153642119,0,46266513,pubkeyhash,136N8zVhmwT23gruvUxA6x5NU41gVmad3Z,46266513
1,7467839,46278448,pubkeyhash,1A2jKVPevejQ1Emde5wV1fb8sVkPb6PPAq,46278448
2,1631240,6396101,pubkeyhash,15EHLRCGYGmz8AVu5tYKXaRBQfkNR2qLDm,6396101
153642119,0,6541181,pubkeyhash,1DrL3o6ZMAGttc96SPxqTo2yooq52P62kf,6541181
2,2208381,9306798,pubkeyhash,1LsQXsiFMkN1e8qMVc2X6zPzD4idcA6AVy,9306798
153642119,0,13656955,pubkeyhash,19vf5mL45DJWfMcweeHfdaSXYwCWUCmhrK,13656955
1,7463108,46259139,pubkeyhash,1Q4hwHEePamcHzYCtWG7MgDfXL8hxf8Fw5,46259139
1,7464529,46266470,pubkeyhash,1CyfThu1GkAJdJfAhUhvfKbLa5y6fZf36i,46266470
1,7467852,46278461,pubkeyhash,1BMrDBYPtEEmYybPk1bj9BcPHk67rfetNU,46278461
1,7467858,46278468,pubkeyhash,12ZE6HmHzJYW5wxpcnyqWhL1Cpe86tt6aC,46278468
153642119,0,4091629,pubkeyhash,1BhQYKbu7ZvpKkpS8YCfqKcnsdQuHHuz6h,4091629
153642119,0,4637879,pubkeyhash,18LJd1mis6J7UhgBnudgc7tbAMXPs3uKDF,4637879
1,1540623,5804190,pubkeyhash,16DT6WHoVYbLAyQdkfjF69s8V4PY4wAP1q,5804190
153642119,0,7283251,pubkeyhash,1NHBFU2gjrWCEgiEXvCW1LkqrDfE6vCp91,7283251
1,1867807,7430396,pubkeyhash,12SCFBKVPMLQ1uXfki2AFizqgzR7QhKNPi,7430396
1,7462625,46258608,pubkeyhash,1PJKWHHvGXTMeHpbuLK11KpvueW2c4PteQ,46258608
1,7462882,46258884,pubkeyhash,14fBdGAiHEgFXYWu3Qhx89Eg6o5DMrDUG4,46258884
1,7463013,46259025,pubkeyhash,1B7ttsWCQBtG76cZTQWid9tM9Fr5vEDKPs,46259025
153642119,0,4094813,pubkeyhash,1MaRr8uhTqshmaCHpRBZQkeytQynwJwztg,4094813
153642119,0,5389065,pubkeyhash,125hZgEw6MuuyyeMVgRJRVcpiog1NiSruq,5389065
1,1516078,5704497,pubkeyhash,1BC8TtPNu52H7yq1X4pex6KE2iqZjALJ7v,5704497
165,1896079,7566550,pubkeyhash,1BaMCeuL4RB8kjZWenThB374vYQW5TbJMj,7566550
153642119,0,10904683,pubkeyhash,14yr6utPZr62uvxDnZ3bPnLw3rPhsLEFic,10904683
153642119,0,46266472,pubkeyhash,1PSXHHPq61x5tiyxruJrpf9axcMHJCfT6d,46266472
1,8607008,54585509,pubkeyhash,1H3ktPNRFfTesESHwvKXcvRZRUcyoAb4Xv,54585509
1,32804381,142918230,pubkeyhash,1MichaiL1SZsctjm4gwoSZEueCWN38i4RW,142918230
153642119,0,2578878,pubkeyhash,17PQphzgUps2NuGLPcNT5c6hJLxyiBTobR,2578878
153642119,0,4093195,pubkeyhash,1PsWmYy3M6aTtqAi4b2WbhK162EN5XJiAu,4093195
153642119,0,5094660,pubkeyhash,17XRm68vDigUaqzRS8oPknUADjCvwLmavr,5094660
3,1472280,5654227,pubkeyhash,16zBaxtrv1dA5oBsBughQH4AdUkVncmhWd,5654227
153642119,0,5854262,pubkeyhash,1KgdhzEzFybHqkLrC5euvEwYJQGcbHk7A4,5854262
1,7462876,46258878,pubkeyhash,1CSkTi7z5dtpHnqTx4Kpx665BYk4WE8fC5,46258878
1,7462964,46258974,pubkeyhash,1BiEo9RRqpvojLGA3rWpud6W7VgW7GkUYL,46258974
1,7464563,46266537,pubkeyhash,141KmBZy6AsH9ZPc6nSDiLsq9rG4FgzP1u,46266537
153642119,0,4516338,pubkeyhash,15itJQHx6XSsruc3sNkLyDExXVErTGb2n1,4516338
51,1518277,6268926,pubkeyhash,1JiRBSpkhFdeoEemHvVsw42x7B7yLmDc9E,6268926
153642119,0,8592306,pubkeyhash,17YWBJUHaiLjZWaCyPwcV8CJDpfoFzc8Gi,8592306
153642119,0,9190125,pubkeyhash,1LGTVaEyFSC716iAoYFRmNnU1uYtpdgzip,9190125
1,7462616,46258599,pubkeyhash,1CM5hB8JLbPjxgNtkcjS1DYhNx8GAASKdg,46258599
1,7462618,46258601,pubkeyhash,15kwZ613CL3XBWUdwD8i7qzWpE6jmdMQEw,46258601
153642119,0,46258665,pubkeyhash,1ECfresuzTczj1ffbSvWvdW5ErwbHuqJQv,46258665
1,7467829,46278438,pubkeyhash,16zPBEYmMtCtmfVeDhyDGTS2YBo8PmvMTx,46278438
14,1301231,4065535,pubkeyhash,1Ft62t8xdxZkf4FfTLFrMvvHfT5ErZfyYC,4065535
16,1955771,7847954,pubkeyhash,1LFSEkheSbmX6ZFcx9KK23xiAx1GGuDQ5S,7847954
153642119,0,10131463,pubkeyhash,13av5JJoGRyUhvZdEHmxNLw8uq5Ahz9PVt,10131463
2,5869943,46258576,pubkeyhash,1L96Q8YGJdAyrZbKvyXTuJ5PCQW7avRNmq,46258576
1,7463063,46259079,pubkeyhash,13XsfBNpNFFqBwkaPnP2955xKPGt4rwDs4,46259079
1,7464564,46266538,pubkeyhash,1LWBBdnZt8rywX1HDjLJGc1uioB9ZNazJC,46266538
1,7464565,46266540,pubkeyhash,1DfNj5XL8QpX4hPzbadkaV4Z28oBvSa3Dq,46266540
1,7467784,46278391,pubkeyhash,1D651kzszthXXK7RdhwMYZ56a3qWeHGRWC,46278391
153642119,0,3511719,pubkeyhash,13ipnudX9vBDyJMDmTMu4Xd8mvugzaBBss,3511719
153642119,0,4184520,pubkeyhash,1GPR85jKxcfNGmk5xbsGbrs387Xzc7CGvV,4184520
5,1378428,4762123,pubkeyhash,1BADbiTm5tYusZu9yKzYBTt4SQAN7gmez6,4762123
153642119,0,5426452,pubkeyhash,1ErikgLXAmxuTk76tdCrRW3iLnX1GS8mFd,5426452
153642119,0,5640419,pubkeyhash,1P8BTNNXBP3avpGvwWi5gReLJmr6YEXb4f,5640419
153642119,0,6026704,pubkeyhash,12mbFFeQGFbZdJHTMVgiMFN78nuzNTZUgT,6026704
1,7463038,46259053,pubkeyhash,1Dof8C8dfhKsLtmtRenVphoH1qhLsMM1hZ,46259053
1,7467837,46278446,pubkeyhash,136QJhqfawumiSPoeJMtiK3CqQbXZwMcjS,46278446
1,1090731,2738988,pubkeyhash,194cvghyXhBTD9D7aRzk7XxxNCtWxtoaDj,2738988
1,1331736,4425137,pubkeyhash,1AMGw2CAAX5SU8GVgVuUe46mPFMcHi63di,4425137
291,1558677,5911030,pubkeyhash,15Nw383QHazR8TtSj2wFvLTLFiCMBpqWXE,5911030
153642119,0,9523012,pubkeyhash,12Wr31BZQ9BMh9obVb7C6LYmDuYxwChdAN,9523012
1,7462666,46258653,pubkeyhash,15h57WY3a4iGyr5X9woF3QEKgn6hSCc9sq,46258653
1,7462920,46258924,pubkeyhash,15fTBJihCgCHtEcYmzbDWBGZQiCvoGzJ4s,46258924
1,7462983,46258994,pubkeyhash,1KCZroMEb7jQM1MwzhgFg4MAqGUuo6E1N2,46258994
1,7463002,46259014,pubkeyhash,126HEXFs52tQh1nGKKLys2bR93Wp6d7ZGs,46259014
153642119,0,4705095,pubkeyhash,1NUa2hqZUiEErBR3r2xATYiiWFnJh2RZ7k,4705095
85,566722,6582146,pubkeyhash,1FhTfHZ9Jm1fsjySM2pAVNvUWisYdsCraz,6582146
46,1912169,10789573,pubkeyhash,1EbdqJA97AgHm1DJuTS2DsuRwNNzPCiUnF,10789573
153642119,0,42685863,pubkeyhash,144LmVdmgLy2rc9dGMhJfqb4fUmGWMMk9M,42685863
1,7462814,46258812,pubkeyhash,1BFNcfPC3RNefzZwHEP2aJij4AN2y2pqM7,46258812
1,7462832,46258833,pubkeyhash,14v5rsMkN3EKNLVaUAPyVXB5m7qZRGuynT,46258833
1,7463037,46259052,pubkeyhash,1GwtXfc2QkhM56wSVRGUEjieKENemt8CxN,46259052
153642119,0,3260162,pubkeyhash,12wpbXDdhgid5ZCuBDr7Mpnqoi1MbffbNY,3260162
4,1320551,4279242,pubkeyhash,1KqAsTqWQdnwji7y63o4KvHNTWVtNkoirL,4279242
2,1536522,5782518,pubkeyhash,1AcwL9XFvMXJ6QQN6FYwTn4ZbqcEuGr3v5,5782518
1,2000185,8085269,pubkeyhash,1JdpfrPn5rzMEcGgbpPejsbKbCihpK66hB,8085269
1,7462635,46258619,pubkeyhash,1BoQ4jiMLR2JFQb3EYvpqtp63vSqD6xXkh,46258619
1,7462968,46258978,pubkeyhash,1HXX8VW7bnzLjcaGUj5w2oSVFKnTCY89pE,46258978
153642119,0,46259103,pubkeyhash,1GWQzpuTaSn2s6GBchdNTZ4xo4VGceF6D4,46259103
7,1505539,5660979,pubkeyhash,1DmG1CCojUfYEMuxuNnAhjRkCFnUCxW4r3,5660979
153642119,0,6620488,pubkeyhash,13gJh2mgymsdKbLurMgDn4s6MmuypBnk4S,6620488
153642119,0,8160602,pubkeyhash,1MW8wWpW2hTEnP2MVGY91DQbvH3rK5pNXC,8160602
5,1927202,46258596,pubkeyhash,1APn6NLaUUHR2w1iXYEMzeTcx3DpP4C3V6,46258596
1,7462651,46258637,pubkeyhash,1Eq9kyE4YzWK6LNWCcN3yKK94LKwY7L5SQ,46258637
1,7462659,46258645,pubkeyhash,1MXYKeZp5wZmd1KCuKVt5yKmRDaX5caxBn,46258645
1,7462990,46259002,pubkeyhash,1JeSkALYWVPeGQhFvqwBXfnV8nE6TXSbrj,46259002
153642119,0,4941486,pubkeyhash,1B5SFgPBSXv1YTjTvjX564g2ecBPzKNWFm,4941486
153642119,0,5396484,pubkeyhash,1CDsLLaEw3GkKt3eWwGGe57X6n5nJLqR9m,5396484
3,1578437,6039916,pubkeyhash,1Dy3Ds6vi1UC9Y5xxpy495xSXLb2zZk4nH,6039916
1,2049575,8344335,pubkeyhash,13qBuF7JEALzWuiepY7ZdeavuQTXuyHxiC,8344335
1,7462950,46258958,pubkeyhash,1J5GEjCRSvmf9v2bC5zryXU6pHrVRvuEqd,46258958
1,7467770,46278375,pubkeyhash,1MXuU19re7H92Emv4yt6EsL6yjF32Dp9yf,46278375
1,7467812,46278421,pubkeyhash,1Ce3pmT1FEHbSJqcTnigEbZej9DV1rfTKA,46278421
153642119,0,7899159,pubkeyhash,1C2wcWxmj885PoNfeHz14ibfBGXyZjrbvw,7899159
48,1027299,12735180,pubkeyhash,1GvjspiMWHwTsv2Rk2xUdK7iPH7Kyz68k7,12735180
153642119,0,18240375,pubkeyhash,14ZgmnQvyVkjRUXYVzJSTW2oGX74PWHv7o,18240375
1,7462974,46258984,pubkeyhash,18mbcCrf6LSRBgTXEFCrFoh9PgXvP9mw73,46258984
1,7462977,46258988,pubkeyhash,1BFvfrquePqcQ4aa7MrSChU6p4un67iYvY,46258988
1,7463105,46259136,pubkeyhash,1KpENNpCpTmFZCCzJazGHhxjaky7bYzepg,46259136
1,7467835,46278444,pubkeyhash,17vk2DasZvQJNb11ge9J3kNdA5sGs4T8Du,46278444
153642119,0,2723110,pubkeyhash,1MCRLTT9Gd1TFuoc7CfVwzmD7PYu6tjSzt,2723110
2,4461305,23110684,pubkeyhash,19pk3Ph2iidH1XAbFugpUn4CmcA2FxiLks,23110684
1,7462605,46258586,pubkeyhash,1KujLGj8XhsEShYEx1mLcC8HuEQX4vzR4N,46258586
1,7462828,46258829,pubkeyhash,143VTEi8hCCw9wzBXJqZYifMLtjGF71HBN,46258829
153642119,0,46266450,pubkeyhash,1N54SGnZFqukNwKL8yPq9Pne6TGqMGbWW2,46266450
1,7464568,46266543,pubkeyhash,13T9g3r1gakHyACfYNQ4xpLZLbf9k4oPUh,46266543
1,7464572,46266547,pubkeyhash,1Ey3TySmVczxGqHxmrn74LBu9ABEEvpnsw,46266547
153642119,0,4452789,pubkeyhash,1CEZinUXk8BP4VC1y1oNBedkisVAjhz9S4,4452789
153642119,0,7467436,pubkeyhash,1MisakifjKcG2KWKgY4XES1bkAxdU4ozSE,7467436
1,2098574,8621416,pubkeyhash,1Du3251Bf3jdENPHJys6pBHecPUkdHZavF,8621416
1,7462813,46258811,pubkeyhash,1PigCmSicVQjeAijwmiGf5TsAQsubLmAth,46258811
1,7462929,46258933,pubkeyhash,15mvwSipB7DQypPujdASxHmVVtDZ61AaNG,46258933
4,7463099,46259128,pubkeyhash,1Co8xTsJxTpV5cMMEEm87baKyhNmMtpj5y,46259128
1,7467844,46278453,pubkeyhash,1DE7oRjMUkUobt1uw5GCs2CwznySz9gFEt,46278453
153642119,0,2925146,pubkeyhash,1JArS6jzE3AJ9sZ3aFij1BmTcpFGgN86hA,2925146
10,1423954,5156516,pubkeyhash,1Bc4DhmXRvUyeuwpVDxh8v6ZL2aT97TUb4,5156516
1,7462684,46258673,pubkeyhash,1N6kRmam5DSCJRUtx6xXjdAfLimCHXJvpm,46258673
1,7462858,46258860,pubkeyhash,1DeCbjUejTzUHWorCw3Mh8eVj9HCnSrFLR,46258860
1,7462922,46258926,pubkeyhash,1GqzziGuzQ8D74RpQFUJDEbc1dyqfjkb7b,46258926
1,7462979,46258990,pubkeyhash,19CrjtuHzBB69tD8iQWoG5knSfdvdTXAY8,46258990
153642119,0,46278365,pubkeyhash,1D2sUHV8XErRr5kzpiMXCRmti79LjvPMFL,46278365
153642119,0,4052155,pubkeyhash,1J4yzUXMuhuF28M3VYpqtmride5tj5smbi,4052155
1,1534820,5772424,pubkeyhash,12JXrgoDkyyEKDKvfMKLx8w52Jd9Q87h8P,5772424
1,2038344,8285505,pubkeyhash,1GUWHTaQHd6BfQyWK9tSiP6Gtemjdos2z7,8285505
153642119,0,8579371,pubkeyhash,13wQn6qS3hPGabZ1G13pWnjdAfFavTgfGB,8579371
1,7462615,46258598,pubkeyhash,14HetqXjiKqwggUYFHT7UMwgdNJSQ2CoW4,46258598
1,7463046,46259061,pubkeyhash,173G3S7DkzcHsawq2FKVGSNvJypBX8fmWs,46259061
1,7463053,46259068,pubkeyhash,12BmMohGkvpNT2kbEAxiDkwBBzWCMfUxoR,46259068
153642119,0,3503815,pubkeyhash,1KMs47mFMHPDHwYADnm1LKyANK7o84H76S,3503815
60,1118813,11422963,pubkeyhash,1EPiSKiNG139bzcwTm8rxMFNfFFdanLW5K,11422963
1,7462692,46258681,pubkeyhash,159yiMsjNPdQEhZptjgFnJTLxkuWBHCo11,46258681
1,7462911,46258914,pubkeyhash,1KY9mf7EEMngqaZsVJdL32PGRa1muhepA8,46258914
153642119,0,46259106,pubkeyhash,14pvwx8BD35wcfwQTzbaMPH3qenBhWzaoy,46259106
153642119,0,46278405,pubkeyhash,1KxtFTWq8w7x7wDanYYCTFyww83ok5UYiL,46278405
1,7467813,46278422,pubkeyhash,1HeW1gui41g5HPvXhWt3GoVJ7CaHx5bXsy,46278422
153642119,0,4508800,pubkeyhash,1HNCFDRgNozwodgt23D4WPP6h83XR3QFJv,4508800
153642119,0,7612419,pubkeyhash,15An2DqTKmDDGQWmXScrPC9XQKCkmc4mfN,7612419
1,7462593,46258572,pubkeyhash,1FDjxawYBuuE3gpnV4yxFJRaYtVQFHsYF5,46258572
1,7463011,46259023,pubkeyhash,1DFWzk5FuhCHLdFaBnfhApL1r6fQkMRNvC,46259023
1,7464519,46266459,pubkeyhash,131CKqgqS3wfmrtsYpEiNRdeRbPR3cvQHU,46266459
1,7467806,46278415,pubkeyhash,1DFfX7dfpHokaP5pzNm9ue4w17nCrw1FV7,46278415
1,7467848,46278457,pubkeyhash,1PDgYpsH6Ga4QSwvtkuAQNUAN5vxAHsp4t,46278457
6,1368821,5028190,pubkeyhash,1Gan81pvNGELzbAJ8DwNWzLoN3PG5qus7L,5028190
153642119,0,6948407,pubkeyhash,195uMcZimXKcpN4zTNRtqKWfJ9doWSjQ4U,6948407
153642119,0,7807707,pubkeyhash,18D5TqmFSVT5eeEqMYWpishCsPbYWAB1SX,7807707
153642119,0,23551742,pubkeyhash,1F7JGJkJfZH67wYcDuBaHkYeEH6Eu9Dghw,23551742
1,7462914,46258917,pubkeyhash,1KSoXHQFEiBujfbg8xXzyFLHm25ScfafYo,46258917
1,7462992,46259004,pubkeyhash,1BeHXTSeSa6X4azSfV6Pjbt9MMaUGT1Rai,46259004
1,7463029,46259044,pubkeyhash,1688CPg38WHKB8njuhii3caccZqdJWFWTn,46259044
153642119,0,5753772,pubkeyhash,12NaJKDbXyBbe6mAosGVtXqsjNwdHFJF6B,5753772
1,2044936,8319301,pubkeyhash,17fWZT5Z2TUCsJzLSKjn1JXHMqCEjgNHFj,8319301
153642119,0,18519175,pubkeyhash,13o8y2kkvVdJCG8YJmecCxSodERUscn8F4,18519175
1,7462609,46258590,pubkeyhash,1Kewq8CsRQUbZF18w71yWoUhpMETgf5nb7,46258590
1,7463019,46259032,pubkeyhash,1G8ejJNWvwxD2vNx82K9vgKVegS1cGgKFs,46259032
1,7464558,46266532,pubkeyhash,1HNppSTDswfmfHj5hqTQMKW4x76K2njCag,46266532
1,7467758,46278360,pubkeyhash,15T16bVM8iFKgrk3x9ACB9X4adGUUxEeXK,46278360
153642119,0,6256497,pubkeyhash,1MYRkuLv4XPBa6bGnYAronz55grPAGcxja,6256497
153642119,0,7448138,pubkeyhash,1D5FVB34bg1rn9WbLXzQgqBeckMKjKLWzF,7448138
1,2015396,8152976,pubkeyhash,1CUtzR57bjrccBCHAWd4XGHRKhAoVEu9FN,8152976
153642119,0,46258593,pubkeyhash,1DkCZxXgRBrZeMk2NkjGFG5nmFtDCvB9bs,46258593
1,7462624,46258607,pubkeyhash,1MmmhhhF3jVmbf7EZEbMGYuJxgeYzfyF5L,46258607
1,7462693,46258682,pubkeyhash,1MyazGXpfzKmyKPYdHT5Cw7JQr6rz5kynq,46258682
1,7462807,46258804,pubkeyhash,1B8wDAY1VpYarG4KEf9kVCj3anBTawHjRq,46258804
153642119,0,3702427,pubkeyhash,1Anduck6bsXBXH7fPHzePJSXdC9AEsRmt4,3702427
3,1425463,5168233,pubkeyhash,1KZhkVFuSxS4JYxLfztPZpYifoqciZ9Z6g,5168233
5,1458092,5383441,pubkeyhash,1B8MN682e6Tb1FSE5VpcxNVJU8gB58mQPL,5383441
1,1893573,7552267,pubkeyhash,14pZemAQXg26r49pqQdWupF6rV3QAwc9py,7552267
1,2120372,8736060,pubkeyhash,1NCvn94TMUGye5cyBKHr9EDp4wu3H5VueF,8736060
1,7464562,46266536,pubkeyhash,1JVCH2aM6RtpMKjrN6hAV7yRJ2BUyy64uf,46266536
1,7464592,46266569,pubkeyhash,1LiLkci2MeR9ZF3LYJTxfCNGK7eERqG3yZ,46266569
1,1217648,3399612,pubkeyhash,14ngsQuDknY4JiBLvZMJSyCGT58m2Vhtxa,3399612
153642119,0,7345981,pubkeyhash,1FJMwpeLLJju9nKBxwttzgo7PHMUa8b33D,7345981
153642119,0,8243792,pubkeyhash,1MSU7BvEJDJTaxv6aMN4pBzy8etq9zbYtk,8243792
1,7462644,46258628,pubkeyhash,16MvZGV5bjT2Sc8G7AQh45bFxSVfXEEWTo,46258628
1,7463023,46259037,pubkeyhash,1CGuXzW1Rv1kxum4UmPHejfBWrSE8x1QMb,46259037
1,7463081,46259100,pubkeyhash,1K4wMVmnz8rCcGMUCGKPAULnboJUzEngu7,46259100
1,7463111,46259142,pubkeyhash,1A7eBvEjx4kncHWcMQPzvtcipg9kFk7mSw,46259142
19,1409224,5037721,pubkeyhash,162APzXDkHEuYMwWuB1xKDtJDLJDkzK7Ai,5037721
3,1495504,5611450,pubkeyhash,16cv6gTgN2U8DfKxAg7m4pDhChxQPvqJoK,5611450
6,1848896,7342272,pubkeyhash,1FZthZgTgVgdrhMMA6NXkocXWpWaPgDLXu,7342272
1,2061163,8416412,pubkeyhash,1MCoC7727MpPRC8Hc82uVyR2XQfWBzo9pW,8416412
15,2092247,8579365,pubkeyhash,1KauSwJQ9whS6ujHxCkpWikNf4wSbVGQ8g,8579365
153642119,0,25255760,pubkeyhash,1Cryo4K3vKxuz7NC5tiUHpCufYsLdvEJCp,25255760
1,7463048,46259063,pubkeyhash,1P8kLAdJSU48WuVTwx9tGKEv7iAGF6ZosZ,46259063
153642119,0,7717515,pubkeyhash,1D2MgbWrLFqKY76Qd7J5tChbYYfEswwJ36,7717515
1,2096908,8609036,pubkeyhash,168beWkFwVvoF4iTYWNJJCKT38NvzkrD2K,8609036
1,7462805,46258801,pubkeyhash,167ZSRpLhbfxpsgpa4cWMYTSkwa9eEhoX2,46258801
1,7462932,46258936,pubkeyhash,1PGSruNAPdBFXAWxWb6koceQyf81uz3avE,46258936
1,7462937,46258943,pubkeyhash,1Nv9PM3HyUVrHyaViAMzxkUrkuDAKnfcEa,46258943
153642119,0,46258957,pubkeyhash,1HyJ5CdRNjPDf46D2BYkjNpbeKNQcvtmK3,46258957
1,7462986,46258997,pubkeyhash,1KWLD8y5Z8iyNzj7kPZFASpSwgiS92sWhx,46258997
153642119,0,5893360,pubkeyhash,1LkdNKsnV5xYxm1AGDfDiytGkoLpNcPu1z,5893360
153642119,0,7732137,pubkeyhash,1E5KqgbeHuUCnZgdKnzJUzrYDoxM5D6McZ,7732137
153642119,0,8659536,pubkeyhash,15Ke9kmuPanFjvLMrHJYvCVpuBG4MmT5rv,8659536
153642119,0,10750425,pubkeyhash,1ApCQU2uaVe8kF8wWMbN48keSMdpMTN5gq,10750425
1,7462643,46258627,pubkeyhash,1ADjW8CiyFsGVxVPFE5gCWa2fKXgPt7BxZ,46258627
4,2454428,46259123,pubkeyhash,1Ku6EeRJybXi7qsqLMrYBh6u6o2HF3i1Le,46259123
1,7467822,46278431,pubkeyhash,1Cbn224UpGy8NfHfK7yAmAVt9hSndLkYBe,46278431
153642119,0,4123921,pubkeyhash,1CVo5cmVeYdUcMKjLtbAT3pfVj7yHZErpY,4123921
153642119,0,4529987,pubkeyhash,1J3bBV7cgw8zG4Do2d8p3F4ujfnvcC4hYL,4529987
1,1443808,5288084,pubkeyhash,1E7F4VBjUnbJQeAYb4rPwSBBpUfjxcGmBU,5288084
1,7462935,46258941,pubkeyhash,1HHMG2mQaxPyi6AuWBcJqMc8TuX6xc8rrQ,46258941
1,7462996,46259008,pubkeyhash,12EJJ3oku6tr1MeqGRYFpyHDH1hdia59uX,46259008
153642119,0,46266479,pubkeyhash,1MohDmfFn4QV6mvE7DoqLUGMMBPGUzucoq,46266479
1,7467808,46278417,pubkeyhash,1Q7qC9YuxhuvQ8da3HKR1ucP4XhXkwPAh2,46278417
14,1462939,5419966,pubkeyhash,186CG6crDhxWYGVYeAGQHrdKXzEATywWzp,5419966
2,1493768,5600811,pubkeyhash,1AVuWC7b6L2WGTz4LserUZA7xkyRyLyeEK,5600811
15,2114384,8707045,pubkeyhash,13rYA9Vv8nLbLCXGLw5UT6ipR3d36Nhuhg,8707045
1,7462600,46258581,pubkeyhash,12J4MuVGefQdncUy3LkxcpXaTwQEAwQskc,46258581
1,7463066,46259082,pubkeyhash,1GVnwPF1ErTukWDoC5Phh9dMcBspgoiT2f,46259082
1,7463107,46259138,pubkeyhash,18EgW8SXBDWKCEEkfWJz8N5i4N4XT1LdcZ,46259138
1,7467786,46278393,pubkeyhash,1B5CD4EVxyTTw3Vxmi7sRNjgWSNJjGdeHU,46278393
153642119,0,1391490,pubkeyhash,1BkkBzuPZGDwt7CTHtzWeB7CpPHbdCawKc,1391490
153642119,0,3922488,pubkeyhash,1Fd24SCvdhmePEeGaaBUfztGBDW2AEZEhj,3922488
153642119,0,7646320,pubkeyhash,1KfucF1r3HQcrFgE1HsWTyr2NoNfW5Zh2t,7646320
153642119,0,15603515,pubkeyhash,1KeHZTtAqbRg3fUYRTCjvbWGTLtScdUNrb,15603515
1,7462598,46258579,pubkeyhash,1GRUfGwrJyC7Vye2VeHpExgMS6A2xiT2ak,46258579
1,7462827,46258828,pubkeyhash,1Lb59Erci9DZLELD3WXQTDSC9pnUW7dteV,46258828
1,7462907,46258910,pubkeyhash,153vMdXEQVwYbpYBG3cRsQTyAd26eXvq5v,46258910
230,940842,4061170,pubkeyhash,1FreenodeMrq7gKn91wR4meJKEbi9RNa8M,4061170
153642119,0,6457013,pubkeyhash,1KYdA6WYywVRsQLpQngErtUZH8GQx8aBGb,6457013
2,1643631,46258649,pubkeyhash,1KxEYmp7DF4agHXkYwMA9YQRrrLWCVXtvg,46258649
1,7462970,46258980,pubkeyhash,15RdbWJ4rTT9bLGmxqx1j1bcnCuH1f9nZz,46258980
1,7462998,46259010,pubkeyhash,1BTctaLKe2mBVmkGmoRASiAFxzwE13rC6C,46259010
1,7467761,46278363,pubkeyhash,19pxhsZgHLkorfd2pKCTFBDeLrwAhe8Jw8,46278363
1,7467854,46278464,pubkeyhash,1EB4Y5gnUUCvX8aKYeTuMYsT9LxXisWu52,46278464
2,375496,452707,pubkeyhash,17Vxwf3YiZJYnDp2GW8pjsN8MB9oyqB8Ea,452707
153642119,0,6072658,pubkeyhash,18YizHAtiPxjwyoMC1xyLy4HH2Twqobaph,6072658
3,1893900,7554468,pubkeyhash,18qYgfJWRiYLLnmqGvKoqiCQMPRPsoZ6F7,7554468
1,7462821,46258820,pubkeyhash,1QG1NrGFJ7rxKLqfwxA9u9qwd1xXH8fzdw,46258820
1,7462947,46258954,pubkeyhash,1J4sUHjzDJv544SEFVWq17hmGM2E4B2EiX,46258954
1,7467790,46278397,pubkeyhash,1KYnfGVk73gPFa5rgTzReKMTNd7FnGN8jL,46278397
1,7467810,46278419,pubkeyhash,15e7Lw58XggBYumYtszstt2dGZAeUs4CPS,46278419
3,1351187,4579792,pubkeyhash,1P756zbL97KPQnXMoTf53uD2Fk7F4h1DyS,4579792
1,2114291,8706746,pubkeyhash,1NhuiZDAtFU3RPUb4TRaNbfwpunvVeu3cv,8706746
153642119,0,14178328,pubkeyhash,18QVtu1dpvmVyygzCnKJDxvs34K8EqbqoF,14178328
1,7463072,46259090,pubkeyhash,12Ap5QazS6s746raVkXFPzgrJpx95Xp7LN,46259090
1,7463109,46259140,pubkeyhash,1BGZgAXjdqKkBJbERa8UxUXYuFKm4Jdvzw,46259140
1,7467792,46278399,pubkeyhash,19TK8iJ75qvJbqudvpNGf19GXCEvh76Drc,46278399
1,7467819,46278428,pubkeyhash,1APuGk36J1bynFbRs4dGKannxBXQ7FcQmr,46278428
2,1419209,5111125,pubkeyhash,1EpAGK3DXD57b8JbPpnenusKHzh32RZ282,5111125
153642119,0,8328863,pubkeyhash,1MtpTGMt46TAKg4AjAjmbA4EHPRvDcyFvT,8328863
1,7462806,46258802,pubkeyhash,1KNpBuZFMnxrzPY43LNHeMRJPHvAQUyxuP,46258802
1,7462847,46258849,pubkeyhash,13dkw1PtojBW74FN7ERbHqoEvgsTmtARuj,46258849
1,7462885,46258887,pubkeyhash,1PXwoDMmLqfqpezJ6SiA1kVk6KqitzNKvo,46258887
12,2066904,46258968,pubkeyhash,1DMhjnsfRLxhddHTqViaLrPRicrEeEoEr5,46258968
1,7464577,46266554,pubkeyhash,1HB8gp82PZDWrohjCWhB11aYy4VdTUTj5p,46266554
21,1370741,4705216,pubkeyhash,18t6wyfmRJBNSFLrna5PAA6dZhE2VEvuiT,4705216
21,1536960,5784755,pubkeyhash,1JYHAT8rdvjttsdAo6J29hThrvmueLHtVD,5784755
153642119,0,6449502,pubkeyhash,13j42VpqkGB1Qc3BQbx9tv3E7KgpENj3QR,6449502
1,7462665,46258652,pubkeyhash,1NyAYmEwSyK8a2BzzZd47p7mya33KeNRzb,46258652
1,7462679,46258668,pubkeyhash,1ABrRekzsVHuBfhUKfRpGvQFxqtVaNUTHL,46258668
1,7462994,46259006,pubkeyhash,12SARrpj2f5LxFw2xbrQT2xcxsrf16EBrR,46259006
1,7467850,46278459,pubkeyhash,1LVMNwaz75UYtwoYqh2YddbeSf5X4geq5H,46278459
1,1561184,5923371,pubkeyhash,1PMFkEn7tcy9eWiVBiBe7MMxXk3b6vnrf5,5923371
1,7462811,46258808,pubkeyhash,1KhBmCx4oWAUwT9xX891ZuZUCpJNQXounm,46258808
1,7462812,46258809,pubkeyhash,15rjcTNHHcyDC8ZupESF1LnySntzCPGnhJ,46258809
1,7462856,46258858,pubkeyhash,14pRfYRoJdW1Pa72S1vhvf1pthQZqxSveJ,46258858
1,7462890,46258892,pubkeyhash,1LEo4e5BbkFauNZNjPHFDgcyUNsYsvtKDb,46258892
3,1794102,46258923,pubkeyhash,1P23cT2BGL7Bv6RtpXcgsYRL2y6ko3wu8a,46258923
1,7463006,46259018,pubkeyhash,1CudsPL8VqypYeqx7beLsYGETZDiwMq3gj,46259018
1,1597588,6170452,pubkeyhash,1L2RM4TLoo1XnYBm4Va42mLjKkayf2MKNN,6170452
1,1668243,6573102,pubkeyhash,14mcB6jiqQSgT3XGRSPNSaj4FfXFT1cHUr,6573102
1,1925339,7708000,pubkeyhash,1HQ6ivzVyYMWXKjBSufUkj1WfFEMjymovd,7708000
1,7462626,46258609,pubkeyhash,1JDggfs9FnQk3DC8hdNDmM52m5DfzaNAcr,46258609
1,7463088,46259112,pubkeyhash,1PYZjeui4cxK2R7A7q1HhbEXPXfqS9NEe8,46259112
1,7464512,46266451,pubkeyhash,17qH715QdpeKLopoKpEXKTCCJdfT2AaRT2,46266451
1,15147949,89043491,pubkeyhash,14gf6PiXB4MzHrDaHVRMDJJ8mcnAdVsdS9,89043491
153642119,0,252095,pubkeyhash,12sPB6TfGZnErt1Z3EhVj5Xv7oQf1Qni7Y,252095
1,1529553,5755226,pubkeyhash,14iayJSqd8h7F38y2feGwvFuYkbBkypJGt,5755226
1,7462844,46258845,pubkeyhash,1Aw9rgppqPA6JA7yMmAKKiqEtjgEfd6AyQ,46258845
1,7462845,46258846,pubkeyhash,19MfMT8yGN4AHS112SPsqyrUyFxPgH1GSN,46258846
1,7462884,46258886,pubkeyhash,1LZnhCCep576bZnbogm8JBjgeS3PSTTWTP,46258886
1,7467825,46278434,pubkeyhash,1NdZbhNTU9ojCW65ToV6x52EAz9PJEBucv,46278434
1,7467840,46278449,pubkeyhash,1EZ7rq8hUr6DSEtWSJTYdSoE7cYPwZnVQv,46278449
1,1742700,6863985,pubkeyhash,19EiWtEVGfr5kscS4An9o4hQ9Nb5TeaPkJ,6863985
153642119,0,7409086,pubkeyhash,18QhmVPoLrRnAPf4eoB4pCkvRzRMYhbCC4,7409086
1,7462649,46258635,pubkeyhash,115utpyQqVQo6mxN6o6jksLMjGqJiJ9wjk,46258635
1,7462803,46258799,pubkeyhash,1CcRyyKviMxntN3E3QQ9sdBgAJDvGsvDoW,46258799
1,7462871,46258873,pubkeyhash,19Cx4dymnxRS9NFpgEbywNvUeFKGoJpbgD,46258873
1,7463050,46259065,pubkeyhash,1PWQxAxBzXo9frHrLD2nmohxn8kPN2PShM,46259065
1,7467796,46278403,pubkeyhash,1FhV5d4Az4MLD5sSyRQeGBCmtbhnyQTFd2,46278403
153642119,0,1403016,pubkeyhash,1Hf5qWZzd2WsrDwLhkykNc4uXPAkykg9PM,1403016
8,1111032,3029449,pubkeyhash,18CH5AymYE1e4uX2Z3R3KFfbuRJABGLn2X,3029449
153642119,0,7595234,pubkeyhash,1FFF41TiEtELnYjWXGU35tEDfDrSKC6ZC2,7595234
1,7463085,46259108,pubkeyhash,1HmBpvupZrmufoVaXb5bZX9yFjhN73AkH3,46259108
1,7464530,46266473,pubkeyhash,175jGZ3C7p2nvkRu8iV12mBsmF5LgxoebV,46266473
1,7467853,46278462,pubkeyhash,1GCCRub5GskJecCHVdd3wjA7uYRgo34Yfr,46278462
153642119,0,1354524,pubkeyhash,1B1TcoiNJA46zUj1VdgQ5vNVXzfz6xzPSW,1354524
153642119,0,8096855,pubkeyhash,1MhrUV8jM73m4mMw1h3LuL6VL4dFLy9y2S,8096855
810,1564939,10424702,pubkeyhash,1QDGgFS7qHk7WVrNqTiqwZDx5d4j629fv7,10424702
1,7462634,46258618,pubkeyhash,14hnHBKDNH46QjnDamm3JQfQR1t6EsDity,46258618
1,7462936,46258942,pubkeyhash,1DBqwcMaeVsACBFHrxDNWZFcJzJCjjSs5b,46258942
1,7467757,46278359,pubkeyhash,1N3caxpG4GvLm7x5yyTqWKv3qjHaah9TmE,46278359
12,1278070,3807799,pubkeyhash,1NimdaiY9RGwM8cSvus55Hko2NiTaxFCNX,3807799
153642119,0,6782881,pubkeyhash,1QLAtEHyixzEiD9GGd3yn75UiMAXRLhgh5,6782881
1,2034502,8262095,pubkeyhash,1PNpfGesNR7mZGBhoDTQVTnZaaxneta1Ed,8262095
153642119,0,10358311,pubkeyhash,1LPT8fcnA1UNrnguxHYRc2Hmfue7NrF1kr,10358311
1,7462641,46258625,pubkeyhash,19csAKNMoEU4wvQtdEY7oJ8oXz4MP1yreT,46258625
1,7462874,46258876,pubkeyhash,14pu3bQTF8eXsnz92buEHxQ1t3BFtCsyHL,46258876
21,547891,1589182,pubkeyhash,1EXru3goYrQMi8UsvuBvzyjH3VqyNCuPUQ,1589182
153642119,0,3850736,pubkeyhash,1MhGwBk6EDiA8sFvRMMqgCfU8QjxRDWsfP,3850736
153642119,0,8729511,pubkeyhash,14CredJ1qdULWEmPbbPgibdpALFA58gkAG,8729511
3,3171424,14826990,pubkeyhash,1CzMV8bNrjRss3tan7fDBV23YwJamJcs4r,14826990
1,7464559,46266533,pubkeyhash,13gyDqfYhrBE2EArKQcPQt7qtUcd12fV2t,46266533
1,7467773,46278378,pubkeyhash,1BDNTD8db6HwwZEJJRWhFUae2ET6qsTn1p,46278378
2,1531440,5761356,pubkeyhash,1CBphSdoP2gixtjNs39VypY32LZnEW3BpF,5761356
153642119,0,7073066,pubkeyhash,18ggZ5pD9wkKxxDd1eeiscSiY4MSXH2WFA,7073066
1,7462971,46258981,pubkeyhash,18c6P5PX2KFzNRVD68hp469NhQmRM1WUTH,46258981
40,1396386,46259087,pubkeyhash,1E9U3BdxcqU5VRr68RqdPoJrnFhMFubcCw,46259087
1,7463078,46259097,pubkeyhash,1Ps2kMiemYtT1ZVAPV2dq21pQ8nJyjfrvm,46259097
153642119,0,46259117,pubkeyhash,1D161r3DGRePQy97sGQaN6mtbWEjz5KG42,46259117
153642119,0,5398594,pubkeyhash,18oBYkLnv7LcXae6NLk8R7RdYiE8USJe3f,5398594
5,1640962,6459212,pubkeyhash,1DtkYNH3tQWD3mTke4RSrKAD8wMVGpBDa8,6459212
153642119,0,7524787,pubkeyhash,1DjrdvxdW58FbM7D3CdqFkXfHSanFcroTk,7524787
1,7462987,46258999,pubkeyhash,14j7aHJkRNxxNgFPzV9Qx8PEc1MuaArytm,46258999
1,7463116,46259147,pubkeyhash,1GidXJdCVwctyiMfvBtSForUftF9C8urQr,46259147
1,7467827,46278436,pubkeyhash,1LueUfk12XYhqW73r2JKGoPHszB646Teac,46278436
2,1703600,7349585,pubkeyhash,1NUqbQ1QisSUTkhaKX1ArZXwm3gvR4PNq1,7349585
153642119,0,25239860,pubkeyhash,12CtJLCcFpVjFh34NfZSyP2Pum2sptDkws,25239860
1,7462848,46258850,pubkeyhash,1B45cg6ZhdmnBUzTrME6oaDeB35eHLGRd1,46258850
1,7462938,46258944,pubkeyhash,1NwpceSdSGbKmLmJN4ZLeiBBoT2bpUaKDZ,46258944
153642119,0,46259134,pubkeyhash,1Mh3qverBLuBW8gRgkqHKLCFAHikqvPNaZ,46259134
1,7467764,46278368,pubkeyhash,16qXkHJTMHCz1d7YKAn9nGw7PRFY8aVuRA,46278368
153642119,0,3668043,pubkeyhash,14736gAy78wwLhe7kK7jS4uRvDZFQSFp4K,3668043
153642119,0,5411236,pubkeyhash,1JazbKyPhw1p8Vjjhv4RgD1jqYmeZHRKbk,5411236
153642119,0,7420555,pubkeyhash,1DvPqBtvGpUuBZcczQxojtk3TKpiAPuRNa,7420555
6,1881888,7489760,pubkeyhash,1F2aN4PnXQnTzf6C24TVeipAP3mE32jBNV,7489760
1,7464542,46266515,pubkeyhash,13AxPeQ7bHu1mXCYBWGPUpRGKvzgQykSvq,46266515
1,7467801,46278410,pubkeyhash,13jwTHdqaEFhwWqoTAehvNGBsVHM5wdqfy,46278410
153642119,0,3282693,pubkeyhash,15eAT69rN99PL3d3t2iPL27AqvknL1zYb7,3282693
17,1303624,4095739,pubkeyhash,1Ma9b9vNiNvXiRc6DYfPMmWTYvovrXSZNS,4095739
1,1425119,5165814,pubkeyhash,18QttKpw6pZJoRaXsMxyf9SxPM8HcAEiDe,5165814
2,2214350,9345178,pubkeyhash,18r9Emgv1Nz71Ftqmn4UzmBBiZWyTb8RZa,9345178
29,2420337,46258824,pubkeyhash,19hJcuZUDBYHg8gXpyLFHjj4SGG9ZyBDhg,46258824
1,7467820,46278429,pubkeyhash,1HoCcSohghhccRcXboy4kHBbCHswtf5JFv,46278429
153642119,0,4760037,pubkeyhash,1LWq2zrDPUsRcwrMibED2tYfBg3TvRkech,4760037
1,1399746,4927021,pubkeyhash,1E7FYiUFvTchbqdPqkaefr6BwUSojcp81f,4927021
1,1888356,7522202,pubkeyhash,14vMS7rXi7ygBnSyxDYE4jMfZ5AKF8r1KX,7522202
153642119,0,8168242,pubkeyhash,174fdhbLqCN6o4YK1Ec66u1ccUTUL7Brhj,8168242
1,7462951,46258959,pubkeyhash,1EGqPBF2nZdvD724uTCbXWKiQNFqkvDcLN,46258959
1,7462962,46258972,pubkeyhash,1G1D4CDXmuSYeEytHCaEurBGRg8XTmmpgx,46258972
13,1338444,4483384,pubkeyhash,18yNJxeNth5Ty7RnNzwbBD7qrwvAfHiVjh,4483384
153642119,0,4541999,pubkeyhash,15AQmdCnUgNLSGahpob3E73pViSqkcRubp,4541999
153642119,0,7035297,pubkeyhash,12pEHJd12Lf7KAiqcT35XLgadmJN3zHQu9,7035297
1,7462892,46258894,pubkeyhash,174bSGB12r2hGZfQ2jCTwBHHDmzj1tPY7G,46258894
153642119,0,46258952,pubkeyhash,1985vAULpn9X6gUrUavUePGhLohUeSwmiF,46258952
1,7463034,46259049,pubkeyhash,19UR9zp35cBupBxvXjQnmS9SM3HqSLjaDo,46259049
153642119,0,6782472,pubkeyhash,1BgUt5hjFRyjA3wFjMprTjDgMcLePBzqSt,6782472
96,1941499,7766647,pubkeyhash,1HCiNRXftAvUtqjoMWyJy2n6hwkYVQy9qG,7766647
32,288460,16415979,pubkeyhash,12VkRRrXJ5w5sY38vqa6eeAFZtRUDpGjzb,16415979
1,7463026,46259041,pubkeyhash,18ymi8kemURJ1oShL5zpJb78bmZjNWiS8L,46259041
1,7467753,46278355,pubkeyhash,1DTWPS131MYkXVA1icG2VfWR9MU9F6DMmg,46278355
1,7467756,46278358,pubkeyhash,1MJqy1QipXAvEXKXwDhKcPdfjWZ3KZL3RT,46278358
153642119,0,4265739,pubkeyhash,1CaLuMoNWDiJeXg9zwBNJify7mLvQfaQC7,4265739
1,1441909,5277350,pubkeyhash,1LAi1AKhs9RmUNuRzQbSFp63cAt1RFiSf8,5277350
153642119,0,7331058,pubkeyhash,18oBi9jdLXrRXzmcxVitdJkKH2QFNrRwSK,7331058
1,1943561,7777459,pubkeyhash,16AQ4RSEyyKqZ9sfWzBUHi8SyyoDC7TRP4,7777459
153642119,0,8593300,pubkeyhash,1Lv8TbP77PufVKWG4zVsNrwpE5wLQWpwsZ,8593300
1,7463117,46259148,pubkeyhash,1D5PkHaJdJg8huYFenV6xjvirUfr7TUKDA,46259148
153642119,0,1330791,pubkeyhash,1NB1KFnFqnP3WSDZQrWV3pfmph5fWRyadz,1330791
2,1354065,4603364,pubkeyhash,1Ln3bv2PT32SpZJPvbhZ2dpKjNJ9iDdYsL,4603364
153642119,0,5495703,pubkeyhash,164E9gVwoSELqB7Nbft6QkUe3nPURBXZ9f,5495703
153642119,0,8066239,pubkeyhash,1PRiKDQ7T3usX2EAJwZ2N3zWawb2VfMYj5,8066239
153642119,0,46259125,pubkeyhash,1HVoJFqozUE9kjwE36udsxwtCNjgGbta5v,46259125
47,1487817,46278388,pubkeyhash,13N4WGTfLa2VS4C6Zt9M7z1VbPpVtu2xYY,46278388
153642119,0,3268990,pubkeyhash,1MhaCK3Z1Ri1zBuSqdip5wGK3xdEPhyBBE,3268990
153642119,0,4456300,pubkeyhash,1Doog7asLrYah3yeUppBVj8nUYnFkmXm2N,4456300
3,1463114,5422174,pubkeyhash,1CZXjPTAGU5yqD9yX9aKZJxViMrPnViwev,5422174
153642119,0,10397995,pubkeyhash,1GtDTHXTgd296gku8aE4Loo59UtQXZmibk,10397995
153642119,0,46278409,pubkeyhash,12KfWiw2aBiG4ynTnHJmZH3cTMHV5wNEvw,46278409
1,7467805,46278414,pubkeyhash,17tdmnED9orHzM1n4bfckGc7mP6SxAc7FF,46278414
153642119,0,2401080,pubkeyhash,1KdBgbMQSMjRtWDmzZdagccaoRKiffSMd5,2401080
1,7462891,46258893,pubkeyhash,1PcuhrYd4qETkh4Cz5CLnE6JBFxMdzTjSt,46258893
1,7462913,46258916,pubkeyhash,13wVooBUHBEofj74TQ5EaeoESoREG6cxPQ,46258916
153642119,0,46258962,pubkeyhash,1Q2RBLMgsGrUBAwYTa3zT7RHaoGagFoGqU,46258962
1,7463062,46259078,pubkeyhash,13vhnpMRu2f27mgVx51wd29vAp2QcEF9hb,46259078
153642119,0,59469574,pubkeyhash,1Gb89tyJq3P5K5M3GcpFvPrMsw33cik9wX,59469574
153642119,0,3345785,pubkeyhash,1MdHv4Gx2mSnfTQ7JGCVsZnqVodwrWZiL9,3345785
153642119,0,3468504,pubkeyhash,1Jqz89jjrD9sXjg4mUZaXXByViLEMsLyub,3468504
22,1136807,6546320,pubkeyhash,13uiruddAni6Mk7hRb9KFFSLs8dEzmmxCd,6546320
153642119,0,8001307,pubkeyhash,1EWEU6PQqDxFQgTmi8gTqeBfXasheZi3ve,8001307
153642119,0,46258937,pubkeyhash,12Dgs69RMi95d1sX1vaTRVE1b6ZuGZkzFX,46258937
1,7467836,46278445,pubkeyhash,12MgSHA8nhEews5Z9nK3R2NbqY7VtR2cBR,46278445
153642119,0,3195976,pubkeyhash,1Q9FavHENPK7sATGm8ebthxG9EhQmaamw2,3195976
1,1930424,7735571,pubkeyhash,19jh4CbMPfsiXzEEUdvEYPoXcTshSBXPr9,7735571
5,1940833,7763974,pubkeyhash,12uaoXUfXLQzXe2jVTGBmQbTuCktmWn3tP,7763974
1,7462872,46258874,pubkeyhash,16wNNkcrDzUpp3W8uLkJnTyZUKX5zwGMad,46258874
1,7463005,46259017,pubkeyhash,1QJ7o42zoXgDXkkFXpyvynfmAyg3mvQjyB,46259017
227,344431,46259122,pubkeyhash,1BHC9y4re2o2VhZBNUQXJwWGWf3JELrEBy,46259122
153642119,0,7674652,pubkeyhash,16fWKdnws1KdaCJijufmXK2TCbwVGjSeUK,7674652
153642119,0,27784253,pubkeyhash,18yx1R35iD1m1u3242eG2iWoem5ypHZMuh,27784253
1,7462603,46258584,pubkeyhash,12KdNksw58F8Uj9iH8zqWtR1f6Vkzu4d9D,46258584
1,7462686,46258675,pubkeyhash,1KHZKkjGh3zEAtSX8cr6jVN4D72KAKqTGu,46258675
1,7463075,46259093,pubkeyhash,1FeX6AiadX6k3vqjsfQaQ9XrHFr468vmtZ,46259093
153642119,0,46266471,pubkeyhash,16NnAWR1pwZki1yHKzSadttppuD9RG82E3,46266471
153642119,0,4044521,pubkeyhash,1AghVDwg9WdnFZH4etcBDGmUUV2fd4dca3,4044521
5,1451015,5334431,pubkeyhash,1AYssPD6trbwk8brnY1ot1TEmKpKscreZd,5334431
7,1452206,5344276,pubkeyhash,1FQXWzhYNAHqBWpM3mFqA698ve3LgUBzVJ,5344276
1,1810483,7151959,pubkeyhash,1GRomdeSDtKudakr5jFUP4DLQSoeSzvYp5,7151959
1,7462645,46258629,pubkeyhash,16M96KzQ7DJvZ8KJcV9pFCAfrEEoQ5K4w9,46258629
1,7462677,46258664,pubkeyhash,1Dhbx8kqUoPQn8FcFBWhqD2nzwjtkhwSXu,46258664
1,1310125,4171193,pubkeyhash,139WQDNyueG5jV2CNDsbqWz3mXfodbex5n,4171193
12,2178375,9136750,pubkeyhash,1Er2fQhE2nBpCVrMJm6VNxZZAMdWevu8T7,9136750
153642119,0,10486164,pubkeyhash,1DB7V8VyTzt53nQDAMFZ6CBH1Wwa2HDYiC,10486164
18,2366479,10517898,pubkeyhash,1Grape3vHQNUR2iPQX2SyGurfsF2HKvRF9,10517898
1,7462687,46258676,pubkeyhash,156vWCq9HdEFNK1xuGKSNsPkMDfAx89Xym,46258676
1,7462880,46258882,pubkeyhash,1Dy9MEhH71RqATQMckAhMonk2c5vFu13Bo,46258882
5,1397794,4913723,pubkeyhash,1B877v9NgcpLnZwPDthEonCR39Jxnp5LPk,4913723
153642119,0,8079950,pubkeyhash,1JA2WCzXuNg6YpAhu1dQxg99gxUxE8Xwot,8079950
168,416342,13491379,pubkeyhash,1Q5sEiZ7e1ZnNR5JNhgwxLdxbTQGUtAFc6,13491379
1,7463041,46259056,pubkeyhash,163RPZLYjFaoFNjvYE9YTe2U3rNBeAA6kt,46259056
1,7464551,46266525,pubkeyhash,13YfjysKC2qp2TcYhpQjhkaChxNWVBTAFc,46266525
1,7467747,46278349,pubkeyhash,14Asrg7roXxxCYD45Z78Y1LxhWoYVwHtcf,46278349
153642119,0,2888270,pubkeyhash,1AgeisUFv9NJ3AGGq7VPJWymGfFpCHDhCw,2888270
153642119,0,11947965,pubkeyhash,1GEo6X9cPYsKDSs9C1Zc9CrVT159HzRDnY,11947965
1,7462592,46258571,pubkeyhash,1LcoM77jgj932wx5oEjLyK3enUMehJ9zDV,46258571
1,7462639,46258623,pubkeyhash,1F8kZAuJtjTRBwnbqDbYssT7KVWQNCNoea,46258623
1,7462661,46258647,pubkeyhash,17rg4iw7NYBKwhymdgJXtkmMUn1MW2TUea,46258647
153642119,0,46266539,pubkeyhash,1JfcLpNTmzQBYTUzAyo5z75T7use3vaKpU,46266539
1,1570180,5976851,pubkeyhash,1P2mQxFAEbaCRQB1ARc1wXNjUmjHQWmzyW,5976851
1,2027176,8219941,pubkeyhash,1EHhkQ64WmCTPrhKxXv2fwGXRprsgpAmuh,8219941
32,6383326,46258666,pubkeyhash,16VXALSZ9XJBz4JW2xi9T8pDf8SHrKt9tE,46258666
1,7462840,46258841,pubkeyhash,1PMt4WdWi4qKfYigT5c4gomYpU8aasNifk,46258841
1,7462902,46258905,pubkeyhash,1AbCrqMVoWR8uv6H8gfJc9DY5jjZ2wTreT,46258905
1,7464523,46266463,pubkeyhash,1N9Hte7iNSXfKR5FSCzJ3Xdt8yXahmQfJk,46266463
40,1238491,3518317,pubkeyhash,1FJeLc63YD91NZT9gFjC3dd99RVA2qW3yA,3518317
1,1887763,7519063,pubkeyhash,1NbTRHr3DfABsLm9oZJdaQtCTpcaiRjJJs,7519063
1,1894123,7555786,pubkeyhash,16WJXxC1kBnVNYdkeF3yyAniCK66ppkhcW,7555786
1,7467772,46278377,pubkeyhash,17dtNcB5EVkeox8Th2hwfKhEzd5FRnY37N,46278377
1,7467777,46278382,pubkeyhash,1BPCQJdHt4RPgZZxo5fnbU8UctKdgXN3ip,46278382
1,7467788,46278395,pubkeyhash,1KE7MAoW9bHUiDsXx5TgCtG87rSmARXNKY,46278395
1,1264891,3693606,pubkeyhash,1EtfSJf1uhK3xrgwJd752xQLFNajKywXHV,3693606
129,518366,6191976,pubkeyhash,1JCQ5jsF3d9Jyo8yn4ZawKkv8H55byfGqU,6191976
1,1611979,6279594,pubkeyhash,1B5hb2QSvDT1rWjVja57DE52ZswnRAqUuM,6279594
153642119,0,8577599,pubkeyhash,1GVL6sPB9JnbPK8yxYz5F9s2uUN946xXwH,8577599
1,7462633,46258617,pubkeyhash,17dMMAPu2EZ42MuJ3msTfm5ReWnu9kyLzB,46258617
1,7467787,46278394,pubkeyhash,1ACHmR5iXNQsTVrCMGFg8ChQLDYCR9PAFw,46278394
153642119,0,3179738,pubkeyhash,1PiRAtagLRozJkCtkHEbMgbWYeRNq6MPEV,3179738
1,2114146,8706052,pubkeyhash,1FVCWYp9XpHqgjURnynSFXraHZL5wh3Dip,8706052
1,7462817,46258815,pubkeyhash,16R3F2Gm8WLXeKcqrgLW7VqdNt3EPrxLwc,46258815
1,7462860,46258862,pubkeyhash,14JqL6tYzSGYWhtc1W9CzckpC3wBnkiSQA,46258862
1,7463007,46259019,pubkeyhash,15DEmhUJUGeDtqgyzE4DU6yWFCPFvpW5aT,46259019
2,7463096,46259121,pubkeyhash,1BJPL577fX4j7TWXp1pPaYYEnFbDtoyDeu,46259121
1,395658,515804,pubkeyhash,14guXiyDaE4MGe5KHqdJczGWys5UELX2JQ,515804
153642119,0,4540374,pubkeyhash,1HJWP72eEfaZUp5jPPpTbfXvFg7F9M9gfD,4540374
3,1768549,6981622,pubkeyhash,18jjipBzKnM83Bj1F6vXMNh7e2MgLYwghU,6981622
153642119,0,7236925,pubkeyhash,18Ur8K34WLHJJZD6eh262oe8x4PkWSySDb,7236925
153642119,0,46259035,pubkeyhash,1HW7PeUcyCYT4U71t4kZ3UK8gf41zL7wXC,46259035
153642119,0,141179052,pubkeyhash,19KjbH8xkoxYMzYRx4wobsRFanagaAwiVm,141179052
153642119,0,3337264,pubkeyhash,183kqfGCFmUwNyV3UuTye62NbuKyLB5EWp,3337264
2,2610837,11801991,pubkeyhash,1Ew7fpw24VG3qhE8xAPk9TMJ5ocYSJXGdB,11801991
1,7462646,46258630,pubkeyhash,1CqyNQbHvYpuNJBgjU9VUwvGsGyYTkUmx1,46258630
1,7462939,46258945,pubkeyhash,1KmHCEeMF64vaYzo74K3KXLPMiC5T92uzB,46258945
1,7463083,46259105,pubkeyhash,1P9CKCVjaV6DJnKnMc1Qs4u8kFSv2Vw3L5,46259105
1,7463091,46259115,pubkeyhash,16uvcvFhwdP2Gg3DusPHKf1NrRecbEiAQA,46259115
4,1350004,4571503,pubkeyhash,15aTVoGF7JW6ACGjUbmRwa1FddLb2B1J54,4571503
153642119,0,5526759,pubkeyhash,19FWJJMsqpzzWibnDurNsd6rAcE5qMULFL,5526759
1,1570489,5980176,pubkeyhash,1LSCg9zKwrtiy6yJxRytWr8VXDVN1obS9a,5980176
1,3317984,15823081,pubkeyhash,1HioXA62GRtvvxFcjiDx7iTkGgMbMjHR1i,15823081
1,7463039,46259054,pubkeyhash,16PHrFaaNGWiPE6uHpaRAmCRBE8cBpvSTF,46259054
1,7467779,46278384,pubkeyhash,1DBYNDxfwwboWoYQAB7AiCt7WBpxZedpLt,46278384
1,1079535,2682331,pubkeyhash,1AVii6EGpW8vGxk4xLjaLr9RdU7CGbpoKw,2682331
1,1358922,4639814,pubkeyhash,15Qie8kvJ65z1Np8ZRHj6qLRWEHxhQrXtP,4639814
3,1281743,6868123,pubkeyhash,1Mbqkq2MhkyfNpJARY7oV8rLcxJGBBT2Po,6868123
3,1831923,7258447,pubkeyhash,1LxxCu1bKvcyjrnxuNtdzQGYFhbMmJ962r,7258447
1,7462925,46258929,pubkeyhash,1HbHJ9b3X5xcSV2fYxDPVv8nG6jqiwB9WP,46258929
1,7462948,46258955,pubkeyhash,15RK6UXmqqptqSD9rX1e4NkJymYRgXCna4,46258955
3,1818359,7179869,pubkeyhash,146nLZBf5GmaZBWD1ivYSxAnxdWDqqqrL6,7179869
66,502139,46258998,pubkeyhash,129XgsftkFDXeE2W9P3GoYbUrj29Fb6K6w,46258998
1,7462993,46259005,pubkeyhash,1As9MB3WtcPfmvFELdQEtFLRJWsftxN6jb,46259005
1,7463044,46259059,pubkeyhash,1PVaepPu8mg2wit384272x1E22JTPovP4b,46259059
1,7467760,46278362,pubkeyhash,1MKWte36KsikAy9qjLx13ehBR5oyteYAFj,46278362
1,7467821,46278430,pubkeyhash,1JSQQ9eESgtSecf6wrGyzNTjwg7aZ3HnW5,46278430
3,1497702,5846995,pubkeyhash,1BJk7piruuUFyLAAJJFF9Pr8AmV1vTxncd,5846995
1,7462660,46258646,pubkeyhash,17LJBc9696hjbF29BFXS4wRDzaMecYnZUR,46258646
1,7462839,46258840,pubkeyhash,129KVVJBZwJkXUgWE4DKbiEPq9Nq8yPzYF,46258840
1,7462966,46258976,pubkeyhash,1Bnz8AgAc9rssjQTTYgyVGDFnvrYVpeUFs,46258976
1,7464553,46266527,pubkeyhash,1HdzXs1XMsLLtgJwmHXZjN98WZCCzmthRc,46266527
1,7467826,46278435,pubkeyhash,17e3W4wkEh2svtHxW66jhoTRCanRqXXf41,46278435
82,501306,7458924,pubkeyhash,17EUaavuFADoQwf1cC2GH3ifs1tmzkK6ue,7458924
153642119,0,7515570,pubkeyhash,14FJcW6cCJsrbEtxkPjcVjBu4GCkrNMDse,7515570
1,7460411,46253115,pubkeyhash,19Uk8zVhdgfrRo5Z6wH9yghWxZUtdiNtX9,46253115
1,7462601,46258582,pubkeyhash,18yotw4qdEUscELgrypFqcoSFi9Ek8jbG4,46258582
1,7462619,46258602,pubkeyhash,1LpesvstMmW5deb5BSzjfwTpDQD1kES9hj,46258602
1,7467793,46278400,pubkeyhash,12suSpJ4fudW7DNwzbxQsRSKVuNkwuP5RT,46278400
13,2269442,9716862,pubkeyhash,138poFEWdRRa8L7Fpb5oQnxRGu5cSVRR8T,9716862
1,7462670,46258657,pubkeyhash,1JSw1X2xwH3oycho9aJJHSGjbrp78YkdmE,46258657
1,7462921,46258925,pubkeyhash,14iJSF4wdA3u7prWobk4GEbREP2HmDBYGp,46258925
1,7462930,46258934,pubkeyhash,1Nx2j8yg41SDZYFVR7Co6QtBhXrCFLrK4h,46258934
1,7463057,46259072,pubkeyhash,1M4FwbA9nN5seAfBYGwCRCSe2oYqkMs2Nq,46259072
1,7467782,46278387,pubkeyhash,14a7yiwt1V4B2YVdTrqmRMjaqJcY7oZM1h,46278387
153642119,0,2249054,pubkeyhash,1MagedVeZqDtU4Jh5BdgvHpcWk9dXFzZY8,2249054
1,1348291,4556305,pubkeyhash,1G9gZokKjYfG8saeMutcyDDnjSfkm1xaE9,4556305
1,7462906,46258909,pubkeyhash,1PNBJDSfU9RY9cdhEncApxsPRYM57b66U9,46258909
1,7462924,46258928,pubkeyhash,1F6japiupoWYdaf3CFbHQggX5C1gaTgjoT,46258928
1,7464581,46266558,pubkeyhash,1F55fuhTkpFqwmpbmjwDNbJFXC2gnuK5AX,46266558
1,7467856,46278466,pubkeyhash,1G3R6eo4PYM3ZHRyKJofqo9ZJwRswzk3PR,46278466
1,638562,1240499,pubkeyhash,1CVxjdL9UqVg1H5bDrCZHUCKeeFzSPX4Kc,1240499
153642119,0,46258612,pubkeyhash,1MYnzGvaCDci9Lb8sBmL3FecHTbbvgLHhF,46258612
1,7462818,46258816,pubkeyhash,1G1uWDQSExTQXib153kpfiMtixtY4quAxV,46258816
1,7464509,46266446,pubkeyhash,1AzrAKwUjRuDef9zq2LjQm3juCrfzAxjuC,46266446
1,7464583,46266560,pubkeyhash,14FmJYsJTyqqaPnQH57YCUyQwYxzQGD6Zx,46266560
1,7467807,46278416,pubkeyhash,18wKkhK6gFM27MvPtqPCVjksPnPfzDV4cy,46278416
153642119,0,2833071,pubkeyhash,1CnXju3K3fUKtY3XTUBJftYkZxayhijcbc,2833071
1,7462647,46258633,pubkeyhash,1GRfeAwtXv1TiB3pHHYSskFys5s48WVTrM,46258633
1,7462690,46258679,pubkeyhash,1NeBN92jzwa4eCoNtrdg3XMYUZVn83Mwmu,46258679
1,7462943,46258949,pubkeyhash,1AniHcBGniKv5exXybwnMmanSGNyVYesiu,46258949
1,7463115,46259146,pubkeyhash,16ZnBgCgkdgzGBKq9BfK4qtuvqveCLU6zg,46259146
1,7467818,46278427,pubkeyhash,1F9vgUY7eDHrasJszGAKEMSrWjDsTdHCbP,46278427
153642119,0,858839,pubkeyhash,1NHMv4VxQUBQByiYWhwB2WXoyfrG7t9Qgy,858839
1,7462908,46258911,pubkeyhash,1Lay2HKvXM6MtLab2GvwmDs9KfoshkP4A6,46258911
1,7462917,46258920,pubkeyhash,1JVH958kJEhRBVMYGYffh3ekc6g3Quogd8,46258920
1,7462946,46258953,pubkeyhash,1CZhX5LXALuGeYS5jxH79maza3KGkyfk1x,46258953
1,7462967,46258977,pubkeyhash,1M75XfLuQRHnYqcnxXHhMBG6z673tSeCH1,46258977
1,7467765,46278369,pubkeyhash,1MV9aqpMaXLwSrpkSuy8HALHCrmjHBYL2U,46278369
153642119,0,6871441,pubkeyhash,15WmQsD3dKtEkzj1umQq3apUXoQgjzRxwR,6871441
1,7467745,46278347,pubkeyhash,19vux1w3MLG3DwbMgyDB4cMgPhwB5JqRhB,46278347
1,7467750,46278352,pubkeyhash,1G2spDYyEd1e4tnLdQ5SNB8WQibCSawg6G,46278352
1,7467763,46278367,pubkeyhash,1GzmH9mepyj8cjCWTVBHzZgJCynBnDuCr6,46278367
1,7467814,46278423,pubkeyhash,1AuS36j4s5Mb3frNjx5TawQ23JtgWfZ2EF,46278423
1,7467817,46278426,pubkeyhash,1FofjmdQAwm1HMmZPakZgDVEnygNkg2iE1,46278426
153642119,0,5160937,pubkeyhash,1Ajx9sbnZFqqMMi7RwK7TcV6AJqx63WxkP,5160937
1,7462689,46258678,pubkeyhash,13wvJyWu2mn2r2BbXrXoaC8UBQ7wi96UZz,46258678
1,7462810,46258807,pubkeyhash,15S1kN7uAdszEi2oyabTyZKoB4fXDfPxdn,46258807
1,7462897,46258900,pubkeyhash,1DhcvrQTBZ2fo9WTon6roQDJSNkNhFpuQM,46258900
1,7462918,46258921,pubkeyhash,1D53H3ZPUHyoFZ5GM3NeccPKzEvaj1avBM,46258921
1,7462985,46258996,pubkeyhash,1M2bxw19j4TtbaTbxXo5ZnV4JjQvREejfZ,46258996
1,7462630,46258614,pubkeyhash,1EvLWwTQUs7ncDd28xw2h6WGotyajcBLGp,46258614
1,7462683,46258672,pubkeyhash,173J3LhVUwTqo8GNdhWytQUheYGE9jaYEn,46258672
1,7463024,46259038,pubkeyhash,1PC5F2DRMBSnM2qWui7Kzv5MYenRWSechH,46259038
1,7463028,46259043,pubkeyhash,15xPSj9hJUw1AYweed4imniPNnMbMPGN7G,46259043
153642119,0,46259101,pubkeyhash,1DMRJ4enHXU6xTXJMFuq9MhPUPiVTmzHT7,46259101
1,7467843,46278452,pubkeyhash,14huaiQ42SX6LCqRZCY8t1YVWDrnDctuS2,46278452
5,1607619,6245144,pubkeyhash,19KeZhZVGczH34jJKAo5YT8ADBinXwZ7yN,6245144
153642119,0,6684788,pubkeyhash,1ESa1wnXtD92CnVPMjFXvggMfRjY3PTxor,6684788
3,1717172,6773479,pubkeyhash,1BfB4ZM622LajLo95Eo543QvkmvA8xiX7k,6773479
153642119,0,8270155,pubkeyhash,1JSuUaHpKCWri42QvoZ8zjQkqqzPNYKSEb,8270155
1,7464571,46266546,pubkeyhash,14n31ZBbiyN5rMMCSFjENFv9SqeqJG8UAJ,46266546
153642119,0,1293564,pubkeyhash,168WXhArv7Fasqvi2xm5MQMfLhG18jifMe,1293564
153642119,0,5382229,pubkeyhash,14QVpa4xANbZu2EKzU9Ti24i27Kn7DwrSX,5382229
21,1568403,5963447,pubkeyhash,1EHg59SMBp6w2MPws9TSv7ZJbzeK1yTa57,5963447
1,7462669,46258656,pubkeyhash,1D8AMdg7WanBUUegrzjdmWgU74mmPKTWMF,46258656
1,7467751,46278353,pubkeyhash,1QHq2StWzsbuk17kW33D7xMkatLAYxmdsh,46278353
19,1326556,4358850,pubkeyhash,1LoLogND8pKyu9hiJXKX57jbfpunVa8EyL,4358850
153642119,0,8711686,pubkeyhash,1863fyvK724nGBgSmfuaszUhRuNGGVhZ1T,8711686
1,7462671,46258658,pubkeyhash,1B7S3g8L6uLcsjjvciu6BArmHohqE83xCV,46258658
153642119,0,46259131,pubkeyhash,1Gavinar8cppmcRuhMdUXe8s76nS53Y6ND,46259131
1,7464548,46266522,pubkeyhash,1GKUtLdjJXwTXbRKBRMDAfKoBREk1LgbpT,46266522
5,1484287,5550913,pubkeyhash,1FEEx7Qd7jgNuuWAaNqjCck7tYyLEchJ7y,5550913
180,1022362,7018094,pubkeyhash,1MrMxJGtLYDpNbSgNmVmLCbYQqA2iQ8VDJ,7018094
153642119,0,7462857,pubkeyhash,1P6yWCjPttNX1HsUnUyPqnb8dBUmpyvCub,7462857
153642119,0,7520266,pubkeyhash,1CDLB5cL5gDRoENoo7QwzPjWbPrnbTxyNx,7520266
153642119,0,8103513,pubkeyhash,1DLqi9ZifvwipBqY3G2gfgd1WYwHSpLbjE,8103513
2,1476044,5506536,pubkeyhash,1MyWssMFfXRRjVrMBZ4VZcuWPFTYNhnGjx,5506536
153642119,0,5979953,pubkeyhash,1KdwVJNz91v5WJKaAV1gReeXYyLeaUqpXz,5979953
153642119,0,8292478,pubkeyhash,13PdhkdrETidvUwP2SU5qJJcxFRURLwR8V,8292478
1,7462637,46258621,pubkeyhash,1FMoi892mZKFXd88jYJFhRDGe2gvGUXDfy,46258621
1,7467748,46278350,pubkeyhash,1ENfWxDSpwatCsXVqunWJivP6PoRGL2tf9,46278350
153642119,0,7124015,pubkeyhash,1KjPcHJ8JBSQEJyh6NpujHUMEu711srwRG,7124015
1,1847597,7337188,pubkeyhash,16AfgPuiTdJ1bA9cBRvtjpiGxgqo4TFppM,7337188
153642119,0,14850183,pubkeyhash,1G7PkJ8jHgjNBZWNxU8bdrJqjHvrfzW8uW,14850183
1,7462945,46258951,pubkeyhash,12kJEkMgGTGdqQ3HUebuQmz2LudVnPENqL,46258951
1,7463056,46259071,pubkeyhash,16XcxqE1vqwpii3tLAnDo4BSEjKTjEHN29,46259071
153642119,0,6385211,pubkeyhash,1F1LrYeRbEz25HJiJosZ7v3k6cPsnkFTyi,6385211
2,1634210,6416439,pubkeyhash,1DuGhXB9Gbq2fPemdpmZHHjUuNs9aSvAtg,6416439
7,1881863,7953255,pubkeyhash,1DZEmARh7JuhAEZogpGCfYvEaLUNhSihLw,7953255
1,7464531,46266474,pubkeyhash,1NAVDzSYPLDGsU6BzstDeYQbeuUGuB3URT,46266474
1,7467841,46278450,pubkeyhash,18PSugL8MLGR5bHgEWh2GxFshLqRWJ4MnD,46278450
1,2058451,8400663,pubkeyhash,1CkdBL2jGZEv7QdvBcmvhZ6jk9rMrxjSEu,8400663
153642119,0,8417096,pubkeyhash,1McKayQNGaKdkoJnhSLWHEtWW8t9hDpan4,8417096
153642119,0,8916077,pubkeyhash,17c3LLoNy7z36PjhYkuX399pemJwGi8PhX,8916077
1,7462857,46258859,pubkeyhash,1BcGLYvtLT5RQhsnPcpfMmjDpenfMuHB1h,46258859
153642119,0,46278344,pubkeyhash,1Q251RXTMwWf9zLG4nyG49YSmRapQCqgas,46278344
153642119,0,4830160,pubkeyhash,12yUFL6Mv5cpbeFntEPyiG7Xi7BeUTJ6ue,4830160
1,7462662,46258648,pubkeyhash,1HfXSbQDfygMCHUr1oqTvTB5QwLM2n9NXX,46258648
7,1825239,46258803,pubkeyhash,1CRn5j8rJL3QNjXDCoF1ZWZop13YjUgPBp,46258803
1,7462972,46258982,pubkeyhash,15CfNK5nBr8DEWrNywApaZJkC4yD1mzaB9,46258982
1,7463001,46259013,pubkeyhash,1HXvSP6M9frSCcRXy1PPiyvRV9KC8vhVpY,46259013
2,1251940,3599334,pubkeyhash,1Ca3CeQrrMQP9wLZtKBmsRnpATd47cTT91,3599334
153642119,0,4911919,pubkeyhash,1J96JXdfY3CYKeqiDASgnaKjLqumfqfSdG,4911919
153642119,0,6856252,pubkeyhash,1G716zvM23UxngKZJvFtAZUnetcXJNufjn,6856252
153642119,0,7124212,pubkeyhash,1BeirdoV8gaD3o6GaSW5MqAHHiMcsZkpPi,7124212
153642119,0,7281404,pubkeyhash,1MHP1b6wCXbEhBYxre4Q5f4sA4Hgvj64ZB,7281404
1,1596586,6158251,pubkeyhash,1KKr95f52FiDZY655J3dQAgNazsyRa3uyK,6158251
153642119,0,6297882,pubkeyhash,1GHEAcUyYgkHMD5mJeZPj6bTPKJkFBqhzH,6297882
1,7462642,46258626,pubkeyhash,1J3uL9QQFZoXGqPSc3JKuho7xuSGhEJ1bJ,46258626
1,7462846,46258848,pubkeyhash,1BMjWqNkLAQHExAJFuJJJCuMfYcyQ88LU4,46258848
9,10431434,66519314,pubkeyhash,12caDGEnVhPwPheYW2FhVynmdaXj4xC9iw,66519314
4,567023,1389474,pubkeyhash,1Bkkffo5wkWrT8yWJrXZW3zNnhbtM1onwi,1389474
153642119,0,4393147,pubkeyhash,1D24CVnjGNXzWqmHPij9J7JNciKMQWknbt,4393147
1,1483178,5544054,pubkeyhash,1MGDnzNGPe6yxwcgXyWuhn6QKWT9WYA3JY,5544054
1,1582578,6055824,pubkeyhash,14hTyrZcLDwcGjbFXpNhF4r9QypLnTK64d,6055824
1,7463022,46259036,pubkeyhash,1Cr8yNSWpg8pDxuJz5cUPBh7xBJjMU6aax,46259036
1,1700666,6713004,pubkeyhash,13AFkA65ecAUGiPrTFAcqbuHk7J3GJrprX,6713004
1,1925834,7710844,pubkeyhash,14yt5LHQEgNxAN1aFrf7UVvX8fuK1gcSJZ,7710844
153642119,0,18268763,pubkeyhash,1ALgEHeJ3fCtBfLpcsxfqjLqa61HrmPBYP,18268763
1,7462889,46258891,pubkeyhash,1DfZB32qiXqmTpGC25psyFQcf3d5auQFpA,46258891
1,7464594,46266571,pubkeyhash,1LSykd2sCr9rS5jJqVe8FcQbVcJx5iBrVy,46266571
1,1425745,5170893,pubkeyhash,1EetBZrwQPPgDT5wm3HXqS4ZFStqKvSEez,5170893
2,1440107,5266454,pubkeyhash,1J79quRVESu9jyonB2X9nCv91CivvfnLiZ,5266454
1,7464518,46266458,pubkeyhash,12S1XZBgEtpL6neKMKSp6NiUtEL3ArwNRY,46266458
1,7464585,46266562,pubkeyhash,1JiRH2Y9sTBk5CrnX2GCWK6vgCUbNk8jNz,46266562
1,7467781,46278386,pubkeyhash,18NnN9gmk6UZ44QpXNBCJaPBjGNhHKfBou,46278386
1,1920567,7684446,pubkeyhash,16TupbPvWiLbSX1YJk2QVBpzv3haN5ekLm,7684446
1,1963526,7888445,pubkeyhash,1BfPurMtZoeCKAV8rSC2zQvxqz9dn7KhrC,7888445
1,7462622,46258605,pubkeyhash,1BW91k1m1y2FEtiFpmw6TUSQgBpatfw7B3,46258605
1,7462823,46258823,pubkeyhash,1HPJPMUrfgFwJPnbWrWrU3exg1kmi5oeYQ,46258823
153642119,0,46278345,pubkeyhash,17W8PxZ9eW9cp7jXdBJ4tcVwFB9rSoz6mf,46278345
1,1701079,6714079,pubkeyhash,1AkTV1iJq6qbsoMECBmPARYPVsemPhW4mJ,6714079
153642119,0,7478855,pubkeyhash,1PnMqgqLe2PkQ1P8JzK96hBqGJ3d2oiL2d,7478855
15,2095602,8813260,pubkeyhash,18PKV2mKU6Knk971sxnZnmKDEJALT7jGej,8813260
1,7467755,46278357,pubkeyhash,1J32FuJ9GD9mcCazUaVcPdpSiAK45BQkyY,46278357
1,7467791,46278398,pubkeyhash,16hmG4wr5icVKF89cqYojbQXRb41izpPSh,46278398
44,1204819,3328551,pubkeyhash,1BESccbMmepeB1frDjk62fzMzYffCVDshL,3328551
1,7462809,46258806,pubkeyhash,1E3tNTEccFeECBLQ3W5mxaGVY6X3tpxZju,46258806
1,7462854,46258856,pubkeyhash,1AbD8WQ2F3MJBmsjudmj7Hot2cbmoTdLEq,46258856
1,7462861,46258863,pubkeyhash,1FNsyH6KpRShd1YEgdhK55oqpcN9jdsPS2,46258863
1,7467794,46278401,pubkeyhash,1H1AvLEmFwVXvvTqYfXwjbp5hBqvJQKfMZ,46278401
153642119,0,5132807,pubkeyhash,1LTuHsWzSa7LovoWt8yBAQv2CSpB4PEao2,5132807
1,1766853,6972907,pubkeyhash,199tjskvmsbPQskvZb6tFSMnayPT191TZh,6972907
1,7462879,46258881,pubkeyhash,16im1LcHYDykdiqVyHL5wisnsmqfangyCB,46258881
1,7462919,46258922,pubkeyhash,15AJBpx5TimreXVmSn2gNnKwherBEVy2Ch,46258922
1,7467767,46278371,pubkeyhash,16Hk1LZMfMBNXzRBAiWxrtc2kGomq4YPf1,46278371
153642119,0,3466339,pubkeyhash,1K7fJcaGKopzn8yu6mQPybK9ykHbJWRjPE,3466339
1,1779384,7024327,pubkeyhash,15zaza5MRaN5jfsLLe3ML4NiLKytSHif4y,7024327
1,2060057,8409961,pubkeyhash,1MNRcLHW7sgPMLJMkcY5YHLMyFPRG7zkx4,8409961
1,7462851,46258853,pubkeyhash,1MpGEnMea1SnG75XgNfqFdwud6w2kfUt7g,46258853
1,7462984,46258995,pubkeyhash,14Z6Lp12jR6QP8L9T62Z5aB5VLvptzLeKs,46258995
153642119,0,7063005,pubkeyhash,16skisUiZtLkYWRk7XgzoHhPtwbYiNcgmj,7063005
1,7462617,46258600,pubkeyhash,1DakB5b3kDNUcvxfs4VBnqgMgJM9XTb23r,46258600
1,7462969,46258979,pubkeyhash,1EKY9yvMGmfqTtCtZ7FaNrHcrLjSEXcHHB,46258979
1,7467762,46278364,pubkeyhash,172TXjeqjRj3RqKYQbNYzB8MqnwLqzmoTS,46278364
1,7467778,46278383,pubkeyhash,13sxfwMjt7uCpJxEuAPK8Do26iPCBi3iRG,46278383
1,2037244,8278275,pubkeyhash,1LwzFpxufERqzGXPYMqx7nsxDDjEK1w5NH,8278275
1,2053966,8374742,pubkeyhash,1D69dsuv5gwZGfPNFBEccpNjNXENHhsKnb,8374742
1,7462904,46258907,pubkeyhash,1EEU6SgfjdmNLtptnMdALgbfCeW7XSTarM,46258907
1,7462960,46258970,pubkeyhash,1C6Cxw7Zb5ZkyHorU9FiFFvpJ2E8K2XS2a,46258970
1,7463051,46259066,pubkeyhash,1Lw8cCwcoiJfwZczA2oXC4crm9fA5e7cXq,46259066
1,2115402,8712992,pubkeyhash,1E5nDD2WvWSpEP1kH8mRdZJGXh17qMeW3z,8712992
1,7464525,46266465,pubkeyhash,1H31uizp7GMFqD4aWCmZhjqEidEAuLtsT7,46266465
1,7464545,46266518,pubkeyhash,16HGrW5JByFiPRsnev9AW4fxpPJiv9ankN,46266518
1,7467759,46278361,pubkeyhash,16GBjoZgpnJQxS1B6WHVc9sctr1jFo3xJP,46278361
1,7467780,46278385,pubkeyhash,1JFNNEtSiU9GnAA9A1DMJnTsL9yBt7kpPZ,46278385
9,1377328,4757410,pubkeyhash,1BowRFFdcKk1Sy44xbZiqQfDJCwtvJgaN3,4757410
153642119,0,8239903,pubkeyhash,1NrJViyszD8NDmKyUfiSfiGUUCZ6jUU7jr,8239903
153642119,0,8308840,pubkeyhash,1H4t9PuDMn9tZVKDdD2ngU79UUS69nMPbz,8308840
1,7462595,46258574,pubkeyhash,1Ch2shUcZDXrU3YskYDqY7CQCpsaeZU9Wa,46258574
153642119,0,5149690,pubkeyhash,1BGUAeSWJkZGLigQWiHeeU7XCktg1oWZYC,5149690
153642119,0,7569375,pubkeyhash,1Lu4TrTCNaUgnhb8vgvspNZXZDR1wAZDpZ,7569375
1,7462610,46258591,pubkeyhash,1DLWGWQTsw4ZADeanynm8t3Pu4QS2Kv6jf,46258591
1,7462863,46258865,pubkeyhash,188PuWuZ6Aa6LZEycFy7t8mu6aMAGcLv1u,46258865
153642119,0,5364225,pubkeyhash,1DVmqiahSWYjx1cHfWwEYsQbRAJXSgqMzL,5364225
153642119,0,5460545,pubkeyhash,18nAftZTnH4LjY9fPPow1aF5tGD1JiF7ZH,5460545
1,7462685,46258674,pubkeyhash,16RyiWtAcYYj8QpLmtJtmDE6vTwQ1uAF7N,46258674
1,7467746,46278348,pubkeyhash,13WCR4o4kd1e14ZRcGxZw5ESZwjLkNY7iS,46278348
153642119,0,4537197,pubkeyhash,1NjdpiCgipBYcTJRoMnc5pLnkHbQx9mbGp,4537197
153642119,0,7335858,pubkeyhash,1HGZrTEdSadoBzbHxM2BfGf4XghKye6ysd,7335858
1,7462963,46258973,pubkeyhash,1NKS7bgru9ETYozTR3zoRymFzNruhtVib8,46258973
1,7463086,46259109,pubkeyhash,1CDAWwBQhs7BeWEkcaL9cnuUzTaqMsUZm5,46259109
1,7463033,46259048,pubkeyhash,14jbS3Z6VXbXyxYSNETM4zSMLGCfJLvF5R,46259048
1,7464516,46266456,pubkeyhash,1HaNMjan4creRNUTezeWQGwGipkuGktyPh,46266456
153642119,0,46266553,pubkeyhash,1AfR3LojXAftSECm1CZ5zD2HaJrgdeJDF6,46266553
153642119,0,59545764,pubkeyhash,1GKDhSQ5PinMq9uArQwGhcvvHdNBSX5WuQ,59545764
153642119,0,580197,pubkeyhash,14mKLTFM1RVusZVUkAaeeEhZEPdNFLw5KD,580197
153642119,0,7351237,pubkeyhash,13v8hur858wjwsd2Z9cGxpsGyx3ynQf7S8,7351237
153642119,0,46259110,pubkeyhash,1EpKQkzgFZba82VjnzT2cgoPSQPutyEXaX,46259110
1,7464547,46266520,pubkeyhash,17MDpjL8kwgVUYC9nu8EJLVAofevuAQgpJ,46266520
153642119,0,4524966,pubkeyhash,1D9CMtvVAyrCXiJacse5P72AzFnvipCzjr,4524966
153642119,0,7480619,pubkeyhash,1GEEKdUfN1VRbnErFRUWu7xJ6pyFZ9M1FQ,7480619
44,1950164,8244629,pubkeyhash,1BRvLPciPyRoHarstGR5YhJVjdT8MJ8Gmv,8244629
153642119,0,8886184,pubkeyhash,1LFLy9cVq86jxNfU27mkK6mSR1WK2WnXRV,8886184
2,1251293,3595789,pubkeyhash,1G3SvUoJr8rt7oxxM4DqY6kYxmnyQu34QT,3595789
3,1959644,7870378,pubkeyhash,1HwhAvND2CY6WuRxmT3MX1434vxitLGXCv,7870378
1,7462850,46258852,pubkeyhash,12n1Mrdg6B2ib26XM77zkGvFXLV846GgsA,46258852
1,7467845,46278454,pubkeyhash,1CXZjtiH1eSs5mtddhGhK7wQUAivXut4mt,46278454
3,1666957,6566946,pubkeyhash,1GuGVhGGANEdAhuMhuw9Uzxh99NHo6ZTVn,6566946
153642119,0,11862597,pubkeyhash,1MjDZAWjUfcJFeEbrFJeZwASHrFML5JPF6,11862597
1,7462859,46258861,pubkeyhash,1LYgjWpBukjrUdqxbFX6YZ42yvUWFpTB6S,46258861
1,7467824,46278433,pubkeyhash,1G2Adj476qsYGjxa5oePA8mz1odmj7dAPE,46278433
1,1382476,4794890,pubkeyhash,1KRzgGVsVy6T6oMEQMF7ZrTLVV5qR69rf7,4794890
2,1495473,5611201,pubkeyhash,12ywr3p72pPArKAzqVGsJFM34Z6bbMdhYv,5611201
153642119,0,8112243,pubkeyhash,19bnTbh6pURgvKt3sNNp4ztTszcBNPKMWK,8112243
1,7467797,46278404,pubkeyhash,1N2CS7CCEpp7srB6vJJMkhRjesX4JGh9ix,46278404
3,1898018,7576709,pubkeyhash,1GufbMruQSu9ZM5FipGxLv3CSpXdvjtkhG,7576709
1,1930602,7736439,pubkeyhash,1AwbR5HeqjtyiXMSNuxSN3tc2R6hEUzWyB,7736439
1,7462623,46258606,pubkeyhash,1D3XV6RSp7toN1c57SU9DRdf89xT2WpuCg,46258606
1,7462958,46258967,pubkeyhash,1Ak7NiDGbeQbFHzx6LDuQzUb26imR8eTy8,46258967
2,2068070,8452906,pubkeyhash,1JkGdDueHLNTkUCtGNEHPBdxuKxC7jixBR,8452906
1,7462614,46258597,pubkeyhash,16AJfQ9LSQgcFqVv93xZPXFor8GQEiC1wL,46258597
1,7462915,46258918,pubkeyhash,1MVgtRDAScY1LqksK71VPFH3yixRwCca12,46258918
1,7462973,46258983,pubkeyhash,1A1swMXP1YV4uSeKRb7BPPmy27U7xgMzoh,46258983
13,2009521,8125680,pubkeyhash,1Hmn1kiccbWHQwiQiK2Z31jDoKVhMFuYEs,8125680
153642119,0,8585605,pubkeyhash,14vFoDA9VgdsXFK3ao6JqnBXPZuPzNgztn,8585605
1,5961401,33948681,pubkeyhash,1CN7FFXWun26LTZJuZCFvm41YmnZEXUzLj,33948681
1,7462896,46258899,pubkeyhash,1KsDx7bXRJ892dL5XYdWXiPdwYgKcbjBsq,46258899
4,1361841,4660353,pubkeyhash,17s1paurZUVJd5SJFd66jZyL5exHGcKDDj,4660353
1,7462648,46258634,pubkeyhash,17Cnr2GQZBuKB9npdnShvWEkcsHyb7p7Mp,46258634
1,7462656,46258642,pubkeyhash,11576SdwzXzY3YTCtFDiu1iAgz69iBemou,46258642
1,7467766,46278370,pubkeyhash,16hvaUVDPnrJDP9ovvW9pEPvJreau66hiV,46278370
153642119,0,7314871,pubkeyhash,1BQdsBr8uPhJA2y7EkNjSBMmffjcf1RHcW,7314871
1,7462895,46258898,pubkeyhash,1JTAYdbQnYVabWuTA9d9qLjo1jYMDjhEUo,46258898
1,7463000,46259012,pubkeyhash,1CvG9678VhHjVzr4zzMcGHm7TLWRVfbuqs,46259012
1,7463025,46259040,pubkeyhash,18WzfajWwE1pRfGRHHtwNz8bqdcPsD5zYR,46259040
8,1515298,5784971,pubkeyhash,1Ppuj2kBfbc8dPpB6grVppVCzMDYgJ9uTy,5784971
1,1550255,5864902,pubkeyhash,1ARh1bJtHHwFT8ztz9ZtsqvDX5xPktKzjw,5864902
153642119,0,8342527,pubkeyhash,1AA5gvaswNHDJknv5SLXUFN2zwcpU94kBv,8342527
1,7463104,46259135,pubkeyhash,1Ce9PkhNjSn61WsfMQo7BzKNoAnEKz6Xrs,46259135
153642119,0,16583241,pubkeyhash,1D4LM66YwaoqcfHF1366pqvxvxHxvq66EZ,16583241
1,7462668,46258655,pubkeyhash,1NjLsDdG3pTx5RBbAL3BYB37iVzUVnZe6f,46258655
1,7462695,46258684,pubkeyhash,18uFYChiu2j3rGr3VE7avKjW5LatpwDUor,46258684
1,7467749,46278351,pubkeyhash,1MfJpyFiBM4T7wPhvNJRr6cGqRoXnf66KT,46278351
153642119,0,7759499,pubkeyhash,1N8niKS6hqvtXCo88wwZxtgmtbr7JgfUeA,7759499
1,7462681,46258670,pubkeyhash,19bCowZX4kTpE3dirPY1kTDDRvZ1px3ZR9,46258670
1,7462931,46258935,pubkeyhash,1HUipyXd2ifj3NbRSXtyvhMTCFvAHhakHn,46258935
1,7464569,46266544,pubkeyhash,156ZGwAXWdLKz4WJbEb5c6g3K8LxVWoVHx,46266544
153642119,0,7778358,pubkeyhash,1GoodBTCiGyd1J1LkDhCThfTHG8n9WJnNn,7778358
1,1980279,7974526,pubkeyhash,1MY8MQTVCa41kzfvSz7N3TJtCnv9bMk8Yv,7974526
1,7462865,46258867,pubkeyhash,1H9SCjfmUn5z1hmK4VotdGtDPGjUN5uzZH,46258867
1,7464527,46266467,pubkeyhash,1LPM2wHBVpUjmfRKgobD74nAPNH7yihFNo,46266467
153642119,0,5398623,pubkeyhash,1KPw5ooPVrYCBQEAqJoD73pdkTqFw6VTAG,5398623
153642119,0,46266551,pubkeyhash,1N7Ut6ksqHJvkJ1Qa3n425683ua3aXaQuC,46266551
153642119,0,46278366,pubkeyhash,1Gz2VT5yK8afhR2WNrTkCwJcEAxddgHJ2t,46278366
153642119,0,63076457,pubkeyhash,1DfWQxADhoYis5fsZj8vWdbhMe3MHv7cn6,63076457
1,1491826,5591394,pubkeyhash,1C5ArBZAZq4wzLHcdRyykxHxGPg56tmUgg,5591394
153642119,0,8078741,pubkeyhash,1DBYLNcXFGLdQPu4z5tDaxWAe6KASf5Qwc,8078741
1,7462849,46258851,pubkeyhash,1Juv65wuxxkg8LmvfbctJctNWaqBznLrfc,46258851
1,7464576,46266552,pubkeyhash,1C7TTsf33oLHtvnZsT8EnnoGVKNwB9p7NV,46266552
1,7462629,46258613,pubkeyhash,1FRsUy8AbuvkQjEiMWXSrs3v41JtFecS8z,46258613
1,7462940,46258946,pubkeyhash,13LqbefNKids124gD5axLBujB8HVdpc7HQ,46258946
1,7463027,46259042,pubkeyhash,1EwGVdHnzkM4MF1CNvtHgEBMC5ja6vHC2X,46259042
1,7464584,46266561,pubkeyhash,1JK5NKpTvoBQhtp9SyMqkPUggt8hDDB53Y,46266561
26,1424929,5164588,pubkeyhash,1EwCbtZfkkZQV5RRQJ54iP5hnqWYCJ4bA3,5164588
7,1913811,8875140,pubkeyhash,1KP9brmuSk4SbaPFxfipRJfewc1zvGo1gj,8875140
3,2236766,9496460,pubkeyhash,197yCsTLZyzWRtNU6ePtM88Vdnu2pTAwTf,9496460
1,7463010,46259022,pubkeyhash,16VxhbRNPyfREricKW6gmbeK1LTmCCiqEn,46259022
153642119,0,4784105,pubkeyhash,1JustinZDuhp6TETyLraq6XHopfrdPUe9j,4784105
1,1908200,7626785,pubkeyhash,133G3SkvDoJwd9Vq7YQxfoZuhi491WkaTy,7626785
3,2105960,8661584,pubkeyhash,1Mht7sLBh3t1XbMP3aZzYQCynJumABuCPT,8661584
6,3946040,20009664,pubkeyhash,162MynnwMesTVxfSShMipvxv1EyL9yVzhw,20009664
153642119,0,5381742,pubkeyhash,1KXarmngRew1kr3tHj4RnBJNpcEtJxiBZL,5381742
1,7462912,46258915,pubkeyhash,1AjhijUdBVVvWBhzdLt2CV65rxjxj1y6Jq,46258915
153642119,0,46259088,pubkeyhash,15x79md1PQJpVv95ye683NrbRJKzWyyYSV,46259088
153642119,0,4331366,pubkeyhash,1BpTfrZfApGQaLe6GAdoAr9Ah5XZc95gYD,4331366
153642119,0,5979198,pubkeyhash,18TTx6qBr2LTiyRu6SuLDX1SFwDCQyeJRC,5979198
1,7462841,46258842,pubkeyhash,1MBFSDoKT8cTCWpcp1C1f9MdSNEz8caZJV,46258842
153642119,0,768628,pubkeyhash,1GzDX7ZNWqxPqUqYdZynz2qpzDnRKjkyfe,768628
2,1541809,5811613,pubkeyhash,1EWhvHvVXzxz9RAxHgjZ8fErLrHmsxnPbs,5811613
153642119,0,11459946,pubkeyhash,1E8ydXZKFLG6zHdcZoRjRT4m4AYgYYjyAi,11459946
153642119,0,2618113,pubkeyhash,1C2yT3AtG9TpYvSKNKraqfFKAkFtUD7aAS,2618113
2,1154022,3078173,pubkeyhash,1HPWARAvy14LgS32TadjWouSLhj6xsi8eo,3078173
153642119,0,24417913,pubkeyhash,1JoecooLw8qohGrFrmhCcPN6Gw355FjxBc,24417913
153642119,0,5735100,pubkeyhash,1Cqu4KESBcxDi1Nfue2w9Qbm3vZSYybpRK,5735100
153642119,0,6893940,pubkeyhash,18Wnjc1fcWDboZDHNsn48URtwGaqRjPnAt,6893940
1,2064147,8433543,pubkeyhash,13zXRskjtyN15L8GpYX96pJBxdEjY7vuyA,8433543
153642119,0,3108577,pubkeyhash,1JwSSubhmg6iPtRjtyqhUYYH7bZg3Lfy1T,3108577
153642119,0,5072697,pubkeyhash,19nVY86e7BzkMa37VYnGuasiPa5gueQqLU,5072697
1,7462608,46258589,pubkeyhash,1JBGy7XCKpBgJiAk74V36Vwa1TnDpW4cVs,46258589
1,1335128,4456621,pubkeyhash,17PoycjA9nuH4snLr5Bz7d1PdWwffKGTqZ,4456621
2,1915184,7658599,pubkeyhash,13EEoLG91Lq8sRsqvLuLcfu1NxviHPDEL3,7658599
1,7463095,46259120,pubkeyhash,1EmZUQGxaXfQoTa3Y4qGW3VhMsbFwRkH3E,46259120
1,1463096,5421387,pubkeyhash,1J31qWLvZMjdfNCgJ9HmhPDPJnbf1bxE4P,5421387
1,7463035,46259050,pubkeyhash,1KcbLDWwgVHWF3FGTZzgxjrLXoctoKNwd8,46259050
1,7464567,46266542,pubkeyhash,18CcKvTYJtWnFRfB1VgVdTmPK6CKUQaTrd,46266542
1,1743359,6866652,pubkeyhash,1LLhqc2bGvUkKuNsCfprVaiaoghua6YZS2,6866652
1,7462596,46258575,pubkeyhash,1NEz8BKoVjojTPMG27JWLVWorHdd4uaXGY,46258575
1,7464522,46266462,pubkeyhash,17kAbXus5hP6hR6snY6r52W9PNiBu6HLZo,46266462
1,1431621,5211801,pubkeyhash,19bCbQ3NH77oxL73QLY3HV1pLhy7Cu7noP,5211801
153642119,0,8006122,pubkeyhash,1FeZXDcxSzdfCN1Svz8CSX5PbJDh2neaNT,8006122
1,7463089,46259113,pubkeyhash,17ckCPdGYr3oYQV6huz8f5orHczNgZvosH,46259113
1,7462672,46258659,pubkeyhash,1DKiEFDg5xC381p971iSbKsiUzX6f7iMfx,46258659
1,7462923,46258927,pubkeyhash,1J5hg7oPToC6wvLUTu2zhrM8iTm1LL2fnV,46258927
1,7462941,46258947,pubkeyhash,1HnUbSbeQ9JR5j3NYLZFrCwwKwDPE56GXC,46258947
1,1884388,7500747,pubkeyhash,161jX4iton21PfZFykZBL2wNsuyPqCqSqo,7500747
1,7463074,46259092,pubkeyhash,122xcd6oVPWheckuXxFgUHg7TmbVoTKzPQ,46259092
1,7467752,46278354,pubkeyhash,1GrbF2abzHBVhAa8KCpSR5syuqQ2b1J8dS,46278354
153642119,0,534069,pubkeyhash,1M2ykXxKaMwStGtn7N3zQTWixf3qLxYNGz,534069
1,1775044,7005799,pubkeyhash,1LRpsUKw2QYH4smouzz4dih7dtv1e9b7zY,7005799
7,1913811,8559488,pubkeyhash,1GrQtDEL5TxE85jvNdyF8gVdYXag85ncvt,8559488
41,890887,1847394,pubkeyhash,19e3fcoLTu8YVFAU1NywJ88YnHH5kF8ScP,1847394
22,1609295,6371919,pubkeyhash,18giU6jkUWCtcFkZEU2JAdgiWQRgayaZ13,6371919
1,7463082,46259102,pubkeyhash,18mEVbDDkP7Sr8pgaot161u9HqpY2VDBQ6,46259102
153642119,0,6631094,pubkeyhash,15EKpcuKRM4C4jbiqKwEKYTY1197bqhjod,6631094
25,1593959,6870519,pubkeyhash,1E7s6QmozN2bWdqeU3TeYCtx6EojV6ruaM,6870519
1,7463060,46259075,pubkeyhash,19cvkrSj7tEv6haVxkhNoSUwMqYA6PEm4t,46259075
153642119,0,5208055,pubkeyhash,1MVgSHZv4LJzGUqDjEJPKi7iDYKtqKhaPy,5208055
4,1595550,6147717,pubkeyhash,12ovgPQ2PAifM6eMj5QZvaMa9aVwUb5y8w,6147717
1,7462955,46258964,pubkeyhash,17y3NrWvzAZ48J4JwYRbw5744UrcXTE8U2,46258964
1,1313873,4206537,pubkeyhash,19WeeWbTqpN973c8pf5Buha5GxCH29zMuT,4206537
153642119,0,5845581,pubkeyhash,1H6KktngKM82XC3r5DFfFD7kREGYYsivUd,5845581
10,1580755,6041729,pubkeyhash,12YMeH317K2Qjon77mhe9topnSDWCebh7y,6041729
17,1525819,6128765,pubkeyhash,1P1wACdKASqhLNJW7dyXyu4V3i6QkrCHAh,6128765
153642119,0,14651744,pubkeyhash,16AXNu4W2BfsDSYTpfqe8bEqkkNpv6z3ho,14651744
1,7462853,46258855,pubkeyhash,1KJGxHkUHp2oxik7R21X1jmSYu7MPqHhAD,46258855
1,7463009,46259021,pubkeyhash,18QdyjkTKwx3iGYsH5jXCz1kQqNiTdzqJU,46259021
1,7463093,46259118,pubkeyhash,1Cy31nmLTM9jiovAm5rR4sdAezhsEgQQPR,46259118
153642119,0,7304193,pubkeyhash,12QqvBQsPWMxy1RZezu3N9LmBBXSjFpgZa,7304193
1,7463058,46259073,pubkeyhash,1E7BNJSV5gvgn7tay2GZ6FeHF8poo5dhPK,46259073
2,1868601,7434629,pubkeyhash,17shqXtXVK47rax4fEXRTVq9tjfzRbXEHf,7434629
7,24878521,121868914,pubkeyhash,1Ki3Q5XEBRe3KSAxpAGYBKYmQpJoZ6tXfK,121868914
1,1900841,7590259,pubkeyhash,1GvS5Kb4cfDvndvTztTiQmFJfR6gAgfqec,7590259
153642119,0,8008380,pubkeyhash,129drXczN6yYewywrjpq5qxBf68MTXzVsa,8008380
153642119,0,12072247,pubkeyhash,1Dui2uC7jCKAADUnMjXVRwTktCDVZ8ABGw,12072247
1,7462835,46258836,pubkeyhash,1BHiGJa2W6TgyAiqJnjtb6eKevqqbgqsTN,46258836
1,480776,800554,pubkeyhash,19DcvZcB97Q2ZinM1UNcD3wBp92AVkFR8o,800554
153642119,0,8024391,pubkeyhash,1AZrX24kjtDhmnTTGSwa58dj4Fbzph8zg4,8024391
56,2215247,9350047,pubkeyhash,15zALsvd3pofmaETib8toWix6P8e5Gc131,9350047
1,7464574,46266549,pubkeyhash,1LhvHnHWJbW7fZHw18PNZNjKJy7CYXigrJ,46266549
52,1601205,6196198,pubkeyhash,1CbPZfJQcbUaeKUrfnMNeZXJaoANrNNPHi,6196198
153642119,0,12989381,pubkeyhash,13hsvWsnVicc3rH15AYz5VVfND9KqGFmUq,12989381
1,7462981,46258992,pubkeyhash,1B9Wxyi8QrBpwnr7AFJUapHMx6EnB9NkYp,46258992
