timestamp,category_id,topic_id,topic_title,message_number,message_author,btc_address
1506002750,8,1562548,What is the best Bitcoin Trading BOT?,64,cryoser,1Ed3Y63cUTctw36YY4Gqr69BxkDBXPcd8u
1508911507,8,2314430,Can someone please explain this transaction?,1,xzip,1MFBsnkAG4aoogp6tgsHQLXd3RLJdLEcP4
1318608462,8,32484,Aricie: Announcing a new trading bots platform,32,Aricie,1KFvycd5S2bdcbHUrHCXxj7PM9NdUQHkie
1433904326,8,985660,"Bitcoin arbitrage on GitHub: ~2% monthly return, market-neutral long/short",28,butor,3NmAGEeRmbdeMyaNjUaASr9Dv2NEssmafY
1507999033,8,2270208,Long / Short Quant Model on Bitcoin ,1,Genesis_Crypto,1PBUzdRjfPaK0PbAXqm58CeeaTQ
1319298979,8,6019,"SierraChart bridge - Realtime Bitcoin charts [v0.5] (MtGox, Intersango, ...)",172,BrimStone,1Nqr3MqVyUp6k3o3QPePAdn4Yg4tzgB9kw
1453836025,8,716530,trading Forex with Bitcoin deposit/withdraw,192,elizabethqueen,1H64YJsH7HC7hAExkqoKuP9do7pptYShPP
1316460691,8,41793,Let me share with you a SECRET. 20% Monthly returns Guaranteed.,137,acolombo,1vH7rWbC1BPiTfxna5t2jUj6XZrAoCsfR
1316637775,8,41793,Let me share with you a SECRET. 20% Monthly returns Guaranteed.,151,acolombo,1vH7rWbC1BPiTfxna5t2jUj6XZrAoCsfR
1316639719,8,41793,Let me share with you a SECRET. 20% Monthly returns Guaranteed.,152,Maria,1vH7rWbC1BPiTfxna5t2jUj6XZrAoCsfR
1316642013,8,41793,Let me share with you a SECRET. 20% Monthly returns Guaranteed.,153,acolombo,1vH7rWbC1BPiTfxna5t2jUj6XZrAoCsfR
1316650407,8,41793,Let me share with you a SECRET. 20% Monthly returns Guaranteed.,155,Maria,1vH7rWbC1BPiTfxna5t2jUj6XZrAoCsfR
1316657844,8,41793,Let me share with you a SECRET. 20% Monthly returns Guaranteed.,156,RandyFolds,1vH7rWbC1BPiTfxna5t2jUj6XZrAoCsfR
1316784179,8,41793,Let me share with you a SECRET. 20% Monthly returns Guaranteed.,162,acolombo,1vH7rWbC1BPiTfxna5t2jUj6XZrAoCsfR
1316785521,8,41793,Let me share with you a SECRET. 20% Monthly returns Guaranteed.,163,Maria,1vH7rWbC1BPiTfxna5t2jUj6XZrAoCsfR
1503125597,8,2096752,Can I gain an edge in crypto trading?,5,mjglqw,3be861eb768f289944da173476bd6524
1505928303,8,2194654,Tokensflow.com - market data visualizer (DOM & Tape) for cryptos,1,vsergey,1MgNLkubJNKdTTvFihJMFQWC18c4hnnSUu
1491617071,8,1860191,beber's analysis ,1,beber456,1CTLUaAgJuGQQAZ1mrJD4RNTzAD6pD2eMg
1504373102,8,2143851,The best platforms for trading Bitcoins,1,Artur343,1b92c3c37f4bb0517f8e2480e7558ebc
1504373628,8,2143851,The best platforms for trading Bitcoins,2,ActiveP,1b92c3c37f4bb0517f8e2480e7558ebc
1504373695,8,2143851,The best platforms for trading Bitcoins,3,devman,1b92c3c37f4bb0517f8e2480e7558ebc
1504374880,8,2143851,The best platforms for trading Bitcoins,5,Artur343,1b92c3c37f4bb0517f8e2480e7558ebc
1459666334,8,1420693,Cryptocurrency Trading Platform,23,AdamCox9,16dGavU3zsBFYmd2vzJbSAUxAjJruEJtTF
1502492986,8,2080931,I need a bit of help understanding...,4,HeRetiK,15dqCzbAxfiLB1x5tVYs3evwdSfDHiw1Y2
1488933513,8,1817541,Auto Trading by MATLAB (Poloniex API as Example),1,wowthere,3NQ3RpAcXjNRgFXCAXuAf6icjuG31ZSfeT
1493978835,8,1416437,Crypto Currency Trading,20,cryptoboom,1LJAXwQHnvQw5gjWsQhJoJP2JSWXudViqk
1493240669,8,1888554,Bitfinex & Poloniex concerns,1,miscreanity,3D2oetdNuZUqQHPJmcMDDHYoqkyNVsFk9r
1493248040,8,1888554,Bitfinex & Poloniex concerns,3,ArdiPrabowo,3D2oetdNuZUqQHPJmcMDDHYoqkyNVsFk9r
1493273699,8,1888554,Bitfinex & Poloniex concerns,4,omonuyak,3D2oetdNuZUqQHPJmcMDDHYoqkyNVsFk9r
1493595456,8,1888554,Bitfinex & Poloniex concerns,8,timerland,3D2oetdNuZUqQHPJmcMDDHYoqkyNVsFk9r
1485035811,8,1760305,How i can Start Trading !!!!,5,audaciousbeing,3fc971d9b1214145a26e7f4964b96dc7
1485049597,8,1760305,How i can Start Trading !!!!,6,dearbesz1219,3fc971d9b1214145a26e7f4964b96dc7
1485050626,8,1760305,How i can Start Trading !!!!,7,JeffBrad12,3fc971d9b1214145a26e7f4964b96dc7
1485062712,8,1760305,How i can Start Trading !!!!,9,bravehearth0319,3fc971d9b1214145a26e7f4964b96dc7
1485063879,8,1760305,How i can Start Trading !!!!,10,GreenBits,3fc971d9b1214145a26e7f4964b96dc7
1454291540,8,1348351,Trading Club: / Forex / Commondities / Indicies / Stocks / - Ideas & Speculation,1,TReano,1dbGWDNPX3vbjbMAcaw1beZzm4aU5krX6
1473608625,8,1504906,I'd like to get some bitcoins. Is now a good time to do so?,77,pandalion98,1PandaExaY8XmCLSWbAw2prEjbYKgHY2g
1386542958,8,160791,Live Bitcoin Charts in MetaTrader 4 for any market @ bitcoincharts.com,68,DonBit,1PoFqwBCM8AgGKwJsZWJNygQY2CbGyhAW9
1482187461,8,1722013,Gannswing module for Gekko trade bot,1,trigger1975,17jv1RwaX1w8Nw7kHbN6UCrR57wePaALWu
1481408249,8,1710922,swapping gold for bitcoins when you travel?,2,OnkelPaul,1HvaoWCtvG2pvd8B9nvr9DjiErnSmjCqAY
1479980620,8,1691753,Just spotted a double-spend scam. Be wary guys!,1,Decoded,1fdFgrw59gczh96esrpJST6MVHyQm4VJK
1477602382,8,1663933,Auto Trading bot + it's SOURCE CODE ,1,voladimer13,1KeHVazoCxiuQ4nDBUQKfAYKtsD8QPovTm
1475246831,8,1631752,New blog on investing and trading crypto,1,Arvydas77,1MDVdQPPE9xp7djzpUUyAUELuLQiekdNPc
1475519560,8,1631752,New blog on investing and trading crypto,6,samcoin,1MDVdQPPE9xp7djzpUUyAUELuLQiekdNPc
1475565446,8,1631752,New blog on investing and trading crypto,7,Strongkored,1MDVdQPPE9xp7djzpUUyAUELuLQiekdNPc
1475934680,8,1631752,New blog on investing and trading crypto,11,davis196,1MDVdQPPE9xp7djzpUUyAUELuLQiekdNPc
1359311865,8,137424,embeddable bitcoin price chart,6,comboy,1AdaWz54Tokt2LtvuGf296woSgCjrzZuXy
1472901300,8,1606762,[Journey] Altcoincharity Micro Donations,1,Kalipo,1DfMPj1rHMUXSjc4VtfhmURrwjy2dGLTcS
1472901300,8,1606762,[Journey] Altcoincharity Micro Donations,1,Kalipo,1KL1MptEVz9hb4aNdPF9H1Gt8EHyct5HHS
1472901300,8,1606762,[Journey] Altcoincharity Micro Donations,1,Kalipo,18RZC46K7VsyTRNApcDR7nXcwK4pcDygsH
1472901300,8,1606762,[Journey] Altcoincharity Micro Donations,1,Kalipo,1M6KuxZt8MJwACkwZ5AZESAZmyJxV4nCvE
1472901300,8,1606762,[Journey] Altcoincharity Micro Donations,1,Kalipo,1KtrHjkmXLNYA4CbeuNhZgbeZXmnDAzgSw
1472901300,8,1606762,[Journey] Altcoincharity Micro Donations,1,Kalipo,1JgV5Sz7SbhgTVb1yq8dzbXrxuzXu4bRPn
1472901300,8,1606762,[Journey] Altcoincharity Micro Donations,1,Kalipo,1PiyKyRBuEGPod8Jfnu8H5ZFgSt12baK7r
1472901300,8,1606762,[Journey] Altcoincharity Micro Donations,1,Kalipo,1CUiDvu7KjCUgsBHqxiUQzrKRjtYkPeU6t
1472901300,8,1606762,[Journey] Altcoincharity Micro Donations,1,Kalipo,12sngGYB8ruczvTMVaxQXNZShLAWrjvPiK
1472901300,8,1606762,[Journey] Altcoincharity Micro Donations,1,Kalipo,15rDR81CLr8w6ZJZNadLna1N4Xna8PRDz6
1466925505,8,1509396,"If prices crash after halving, what would you do?",130,LoyceV,1KFHE7w8BhaENAswwryaoccDb6qcT6DbYY
1466925505,8,1509396,"If prices crash after halving, what would you do?",130,LoyceV,1BQLNJtMDKmMZ4PyqVFfRuBNvoGhjigBKF
1466925505,8,1509396,"If prices crash after halving, what would you do?",130,LoyceV,13pucx6gHP2vyBLc88QfcGivjkhK63PeVg
1466925505,8,1509396,"If prices crash after halving, what would you do?",130,LoyceV,152f1muMCNa7goXYhYAQC61hxEgGacmncB
1468590771,8,1551725,"Recent signals on the technique of "" Trend Hunter """,1,ilikefibochannel,1a89f3aadedd249f222181004ebd22ea
1468590771,8,1551725,"Recent signals on the technique of "" Trend Hunter """,1,ilikefibochannel,138b3ef6c0255ef961e66d501f5c20dc
1468855121,8,1551725,"Recent signals on the technique of "" Trend Hunter """,2,ilikefibochannel,361ec7c861c65c23ff76a375fd5223bf
1460101001,8,1430197,simple tips for newbie trading bitcoin pair altcoin ,1,hendra147,1FMWSffdKoD6Q7wkHCTZ53kWMBX5LHsELb
1460238182,8,1430197,simple tips for newbie trading bitcoin pair altcoin ,13,yenxz,1FMWSffdKoD6Q7wkHCTZ53kWMBX5LHsELb
1460357593,8,1430197,simple tips for newbie trading bitcoin pair altcoin ,14,bitcoinbox,1FMWSffdKoD6Q7wkHCTZ53kWMBX5LHsELb
1460385416,8,1430197,simple tips for newbie trading bitcoin pair altcoin ,19,gabmen,1FMWSffdKoD6Q7wkHCTZ53kWMBX5LHsELb
1460574996,8,1430197,simple tips for newbie trading bitcoin pair altcoin ,22,bakingbad,1FMWSffdKoD6Q7wkHCTZ53kWMBX5LHsELb
1460604965,8,1430197,simple tips for newbie trading bitcoin pair altcoin ,23,hendra147,1FMWSffdKoD6Q7wkHCTZ53kWMBX5LHsELb
1442234043,8,1180236,Buying  a large sum of bitcoins,3,--Encrypted--,1CWFVcA4QLnqQmX9xF9LdNadHCsME
1442234136,8,1180236,Buying  a large sum of bitcoins,5,Mayer Amschel,1CWFVcA4QLnqQmX9xF9LdNadHCsME
1463889494,8,1180236,Buying  a large sum of bitcoins,73,akamit,3JSRv6brjbrmELYxVwJJzsYN4Dedgbr3X7
1457779419,8,1386631,How to get 60 satoshi,32,hananl1styo,1hFRBJHGSeSMKfhe6wxPS6bSKX3eVtFKb
1363232204,8,152907,arby.pl - free arbitrage calculator for BTC-e ,1,mem,16RtzYg2L1NzhYAjmHB4YtPUQTCJwzL8MS
1363232204,8,152907,arby.pl - free arbitrage calculator for BTC-e ,1,mem,1LkDgGE3Vaj3SaT4weofVmfZLdWRKjSjqW
1444410955,8,1202067,selling bitcoin in uk,15,azywzy,1BrysuL34jATK7p8Cm7QqrgNfJw7A3JdJk
1444410955,8,1202067,selling bitcoin in uk,15,azywzy,1KF4VaX7dBXBxjiikW6rLZi4VZoCHuP7XF
1444411720,8,1202067,selling bitcoin in uk,17,Quickseller,1BrysuL34jATK7p8Cm7QqrgNfJw7A3JdJk
1444411720,8,1202067,selling bitcoin in uk,17,Quickseller,1KF4VaX7dBXBxjiikW6rLZi4VZoCHuP7XF
1444413952,8,1202067,selling bitcoin in uk,18,azywzy,1BrysuL34jATK7p8Cm7QqrgNfJw7A3JdJk
1444413952,8,1202067,selling bitcoin in uk,18,azywzy,1KF4VaX7dBXBxjiikW6rLZi4VZoCHuP7XF
1458705752,8,1408783,What a stupid scammer.,1,Straux,1F1tAaz5x1HUXrCNLbtMDqcw6o5GNn4xqX
1458727778,8,1408783,What a stupid scammer.,6,khalized,1F1tAaz5x1HUXrCNLbtMDqcw6o5GNn4xqX
1458824416,8,1408783,What a stupid scammer.,11,xhomerx10,1HB5XMLmzFVj8ALj6mfBsbifRoD4miY36v
1458824416,8,1408783,What a stupid scammer.,11,xhomerx10,1F1tAaz5x1HUXrCNLbtMDqcw6o5GNn4xqX
1458892074,8,1408783,What a stupid scammer.,12,makingwin1,1F1tAaz5x1HUXrCNLbtMDqcw6o5GNn4xqX
1458900101,8,1408783,What a stupid scammer.,13,rekinthis,1F1tAaz5x1HUXrCNLbtMDqcw6o5GNn4xqX
1458900593,8,1408783,What a stupid scammer.,14,Decoded,1F1tAaz5x1HUXrCNLbtMDqcw6o5GNn4xqX
1458913328,8,1408783,What a stupid scammer.,19,RealPhotoshoper,1F1tAaz5x1HUXrCNLbtMDqcw6o5GNn4xqX
1458922025,8,1408783,What a stupid scammer.,21,fravia,1F1tAaz5x1HUXrCNLbtMDqcw6o5GNn4xqX
1459016072,8,1408783,What a stupid scammer.,23,xhomerx10,1HB5XMLmzFVj8ALj6mfBsbifRoD4miY36v
1459016072,8,1408783,What a stupid scammer.,23,xhomerx10,1F1tAaz5x1HUXrCNLbtMDqcw6o5GNn4xqX
1459853068,8,1408783,What a stupid scammer.,29,yenxz,1F1tAaz5x1HUXrCNLbtMDqcw6o5GNn4xqX
1459857345,8,1408783,What a stupid scammer.,30,xhomerx10,1F1tAaz5x1HUXrCNLbtMDqcw6o5GNn4xqX
1456515194,8,1373705,Paypal questions,21,SuperFuture,1DDvC2nBnNCGAvsYgJfsYMvztfYuWe5h3t
1453004868,8,1330716,QUESTION? BTCTALK ACCOUNT PRICES SURVEY! OPINION? 5 USD TIP FOR BEST ANSWER,6,Naoko,16tNLpi7S8sMxkCLbijUEZGuFs82gJRJ9w
1453036108,8,1330716,QUESTION? BTCTALK ACCOUNT PRICES SURVEY! OPINION? 5 USD TIP FOR BEST ANSWER,12,Daniel_Th,16tNLpi7S8sMxkCLbijUEZGuFs82gJRJ9w
1453160936,8,1330716,QUESTION? BTCTALK ACCOUNT PRICES SURVEY! OPINION? 5 USD TIP FOR BEST ANSWER,30,Daniel_Th,1CkAmhizivJ5uh4dvu6H7QWDxLQauibcqn
1453735155,8,1330716,QUESTION? BTCTALK ACCOUNT PRICES SURVEY! OPINION? 5 USD TIP FOR BEST ANSWER,38,HeroCat,1224UwweaSxdxm1js9Yjtu93JqG3v3twYY
1452703419,8,1326392,How i made $400 in less than two hours,8,shorena,186fFVKZQzak7BnVQ9PyRHQLzLGfHQoTYh
1452703853,8,1326392,How i made $400 in less than two hours,9,thisisthis,186fFVKZQzak7BnVQ9PyRHQLzLGfHQoTYh
1452704214,8,1326392,How i made $400 in less than two hours,10,shorena,186fFVKZQzak7BnVQ9PyRHQLzLGfHQoTYh
1452704935,8,1326392,How i made $400 in less than two hours,11,bitba.org,186fFVKZQzak7BnVQ9PyRHQLzLGfHQoTYh
1453014375,8,636078,Cryptsy could be working on fractional reserve. ,27,5ick3uffalo,3HNSiAq7wFDaPsYDcUxNSRMD78qVcYKicw
1449415882,8,1270242,Why trading btc will make you more money than altcoins?,22,seattlenonsmoker,18gYH6go8ZtU8wm1dYzH5RwacbRgu6Fk5h
1376302535,8,268533,Anyone use btcrobot.com?,6,botsofbitcoin,35x0hGM60wgkHkyDDhKW4kuJUUJ3bY8j
1376302535,8,268533,Anyone use btcrobot.com?,6,botsofbitcoin,1zbg4XFBWvQWSk9T9t6zQRkxviTf5
1376302535,8,268533,Anyone use btcrobot.com?,6,botsofbitcoin,1Y3owcxvjNbAL6tmTbyboCN3wq4VJ
1376302535,8,268533,Anyone use btcrobot.com?,6,botsofbitcoin,35oTPTwzA1FHsgETNdUEzsGBoXTauiN
1386253534,8,268533,Anyone use btcrobot.com?,269,smrtak,1G4mk5rFHgW8f2cWuebqoKvjfk6H9S5HHV
1447533967,8,1249818,Bitcoin Futures trading group,1,ivanlabrie,1C57SEgTwxMxrqpJHvZhKijpw5qPmqdYZ6
1445956410,8,1222098,How to use escrow when buying bitcoins with paypal?,6,AlexMercer007,1J37CY8hcdUXQ1KfBhMCsUVafa8XjDsdCn
1445956593,8,1222098,How to use escrow when buying bitcoins with paypal?,8,jt byte,1J37CY8hcdUXQ1KfBhMCsUVafa8XjDsdCn
1442407822,8,457225,Beware of LocalBitcoins.com,108,BurtW,1Eu38i1DkRAPAJhSqbseVroJDpMRfJbAx3
1443594478,8,1180553,Leveraged trading,12,anonymousinvest,1N2bWSN2C8bcjseBD93Z4CJCCPfksHyB7n
1443594478,8,1180553,Leveraged trading,12,anonymousinvest,1LDPD93uDyNuNtBVV4f2Q2W7Ja96Rqbc7v
1443594478,8,1180553,Leveraged trading,12,anonymousinvest,1Lb2z24pRgAMbgFXJFKToWP19hcg8iZNaS
1438731171,8,1144172,Letter of Guarantee,2,unholycactus,1BitmixerEiyyp3eTLaCpgBbhYERs48qza
1439715356,8,1154029,Academic Research on Bitcoin (any help would be much appreciated!),1,korea_bitcoin,1dwfpGxqv8JupXAAJ9icTdUFfbFktk8R2
1336527207,8,80245,PHP martingale bot for satoshiDICE,1,payb.tc,1CxzfAQo2UK9rppeQNvNmAFhApPqmdVR8y
1336527207,8,80245,PHP martingale bot for satoshiDICE,1,payb.tc,1dice8EMZmqKvrGE4Qc9bUFf9PX3xaYDp
1336546247,8,80245,PHP martingale bot for satoshiDICE,12,Nachtwind,1J66vZHf1oFPHFhjFBtbEqxkJahdF3vetu
1336546247,8,80245,PHP martingale bot for satoshiDICE,12,Nachtwind,1dice8EMZmqKvrGE4Qc9bUFf9PX3xaYDp
1336547806,8,80245,PHP martingale bot for satoshiDICE,14,mem,1J66vZHf1oFPHFhjFBtbEqxkJahdF3vetu
1336668289,8,80245,PHP martingale bot for satoshiDICE,22,byronbb,1CxzfAQo2UK9rppeQNvNmAFhApPqmdVR8y
1338566306,8,80245,PHP martingale bot for satoshiDICE,26,someguy123,1dice97ECuByXAvqXpaYzSaQuPVvrtmz6
1338845579,8,80245,PHP martingale bot for satoshiDICE,32,someguy123,1LnSD2xBieJQaKXS3EtjTdWUEhkct68jAU
1347047676,8,80245,PHP martingale bot for satoshiDICE,71,Sovereign108,1dice6YgEVBf88erBFra9BHf6ZMoyvG88
1358625910,8,80245,PHP martingale bot for satoshiDICE,83,dstruct2k,1J66vZHf1oFPHFhjFBtbEqxkJahdF3vetu
1358625910,8,80245,PHP martingale bot for satoshiDICE,83,dstruct2k,1LFuotBujG44YeLskhivdy9MbpMyuCnCoA
1359771196,8,80245,PHP martingale bot for satoshiDICE,93,tribalmind,1dicec9k7KpmQaA8Uc8aCCxfWnwEWzpXE
1360002303,8,80245,PHP martingale bot for satoshiDICE,105,dooglus,135XYa4hDX8vof62UBE2zJVDwcidz52pPw
1360017676,8,80245,PHP martingale bot for satoshiDICE,109,dooglus,1Doog7asLrYah3yeUppBVj8nUYnFkmXm2N
1360115907,8,80245,PHP martingale bot for satoshiDICE,112,KJTetc,1dice8EMZmqKvrGE4Qc9bUFf9PX3xaYDp
1362936135,8,80245,PHP martingale bot for satoshiDICE,147,FTWbitcoinFTW,1LuckyWwuK7CMF9PveFT4ZXbBcDz6xripS
1362942321,8,80245,PHP martingale bot for satoshiDICE,148,fcmatt,1LuckyWwuK7CMF9PveFT4ZXbBcDz6xripS
1363024202,8,80245,PHP martingale bot for satoshiDICE,149,Rampion,1LuckyWwuK7CMF9PveFT4ZXbBcDz6xripS
1369966508,8,80245,PHP martingale bot for satoshiDICE,154,dermo,1J66vZHf1oFPHFhjFBtbEqxkJahdF3vetu
1369966508,8,80245,PHP martingale bot for satoshiDICE,154,dermo,1dice8EMZmqKvrGE4Qc9bUFf9PX3xaYDp
1435152955,8,1092303,How to withdraw money won from bitcoins to banks without suspicion,27,Dragonslayt,1NtnsTpYhEDqoYAKTXYgGSyNFcHywX3aeW
1435219906,8,1098268,"If you have 1 BTC, how will you make it to 1.1 BTC in the best way? 10$ Prize",21,hendra147,1FMWSffdKoD6Q7wkHCTZ53kWMBX5LHsELb
1435243627,8,1098268,"If you have 1 BTC, how will you make it to 1.1 BTC in the best way? 10$ Prize",34,digit,1DigitwteXwFcRAaWpVDRp6eKqzC6y9tgm
1433274853,8,1078507,Local person Scammed and used my ATM :(,1,takagari,17wzu7UDtyRRGWXqHUa8BvY53mJvKGAr7m
1434230935,8,1078507,Local person Scammed and used my ATM :(,15,newb4now,17wzu7UDtyRRGWXqHUa8BvY53mJvKGAr7m
1433631266,8,1079257,Anyone making money with swaps?,8,trashman43,16tg1C8NZ7WAkht4fU8Jzbt3cZpoySuM8y
1425321716,8,973711,I have 1 BTC to INvest,6,frankywill,1EsTnMPKr1RuAibkFAdEYvbP5cxpXw7Ni1
1425323892,8,973711,I have 1 BTC to INvest,7,n3rvi0zz0,1EsTnMPKr1RuAibkFAdEYvbP5cxpXw7Ni1
1425324248,8,973711,I have 1 BTC to INvest,8,FuckIdolPlus,1EsTnMPKr1RuAibkFAdEYvbP5cxpXw7Ni1
1430583565,8,973711,I have 1 BTC to INvest,58,frankywill,1EsTnMPKr1RuAibkFAdEYvbP5cxpXw7Ni1
1380580537,8,269753,Don't forget about bitcoin-24.com and Simon Hausdorf,6,awesomeami,1BTC24yVKQdQNAa4vX71xLUC5A8Za7Rr71
1428174899,8,1012345,Is this some new kind of scam?,1,Stuff4Bitcoin,1MCFdm5QEocDr82nAjA3y7WZBitWpyv6BM
1425637549,8,973652,Bitcoin exchange reviews,8,xchangereview,199mimnbnmWAb9UggCScVzY8A89Rn6Md3v
1405851752,8,680908,Bitcoin Nostradamus: Price Forecasting,5,Engine-IT,1EsuNohzdAPJf7zHKWd1oCZK1gBEy68nea
1278895067,8,271,BitBank? ,1,lucky,17ogo8c4w9ag726KkXQC5RLCTdgfNepX7Y
1409732231,8,766462,How to invest 550 BTC?,12,haploid23,15ycwpLZ3fPrSnTRA8xBCQoHFxHZ6HfzKX
1410403084,8,766462,How to invest 550 BTC?,44,n0774k3n,1EbmgAhnyVy3hFHFcyUjSf9CMFTC2GJ16n
1424105957,8,957881,1.14 BTC stolen from wallet? :-(   (SOLVED - 2 copies of multi-bit unsync'd),1,ebliever,1Jfgv6ropgo1f2fE5UAym7Zt6wCb6QmTk9
1418026860,8,886125,Is Bitcoin as PAYMENT method  is a good choice ?,5,Lethn,1H6UsFUg7vTd8FyRnuTuAsnc37HSEqQf13
1422243726,8,936226,100% Way to STAY SAFE if you SELL on LocalBitcoins and Nice 30% Mark-up,1,campycoin,18ovrcRVwrvDk1tu2PA645aTqGyfqVfZXc
1422289793,8,936226,100% Way to STAY SAFE if you SELL on LocalBitcoins and Nice 30% Mark-up,6,twister,18ovrcRVwrvDk1tu2PA645aTqGyfqVfZXc
1420748878,8,918108,Trying to clean up my account,9,ClutchThese,1H4gzYFGs8mbvgVKxWMaXTJKTpDpQ8imTq
1420009320,8,908874,How can I buy BTC with $3k cash / Western Union / Pro form statement 10k colltrl,8,twister,1FeWC9i1riDXeQMqf2MJGf1k1MwNCak36B
1414575085,8,663692,Skyhook opensource ATM - Opinions?,12,slu2,122UYDM6x7c2dWjsExpcsAiohvo2f2n4cx
1416701085,8,866560,thoughts on HFT trading advantages,11,Meuh6879,3fe01cd4ab3cb224ed1e85abdaa17733
1393917333,8,414764,intersango bitcoin withdraw not possible? (no fiat involved),27,PaperLess,12GyM6kF9ZTmbsRBdDNixpfpvLu8zBQWse
1404839628,8,315062,abescrow.com reputable?,3,lolo13200,342e0c0f4c9163ec18c6a20ddfce7f82
1316570753,8,44943,Help - 90 BTC stolen - Possible to track down theif?,1,MelMan2002,1FfoAXmHk14vSPzkSrDyYBjbGYujMX8JQj
1411647820,8,44943,Help - 90 BTC stolen - Possible to track down theif?,32,MelMan2002,14qAKAgLRS5wkuGJDebRzDCcWgnQERdBny
1411647820,8,44943,Help - 90 BTC stolen - Possible to track down theif?,32,MelMan2002,1NjizCRbQaESxM9aLfAeAbpK89VotCJPcQ
1411647820,8,44943,Help - 90 BTC stolen - Possible to track down theif?,32,MelMan2002,17wgJJjRLVrrqPC1BuRNXghex4SfeN5Xn4
1411647820,8,44943,Help - 90 BTC stolen - Possible to track down theif?,32,MelMan2002,1HLsCwVBCY38yp81wzvxYWNquTVCfV12dP
1411647820,8,44943,Help - 90 BTC stolen - Possible to track down theif?,32,MelMan2002,1H3yLqvDisw9Rm9sJH6x54p9mBxvto7ZKR
1411647820,8,44943,Help - 90 BTC stolen - Possible to track down theif?,32,MelMan2002,12JfFhH6t1mLP2K4SmhjFMEW2iMFj47h2d
1411647820,8,44943,Help - 90 BTC stolen - Possible to track down theif?,32,MelMan2002,1DD44SCTKwETcdawVtVF7jK5iq41nAhXGU
1411647820,8,44943,Help - 90 BTC stolen - Possible to track down theif?,32,MelMan2002,1Nxvb6BFzCckUkczxtnPX3CbGxzXtxoAtB
1411647820,8,44943,Help - 90 BTC stolen - Possible to track down theif?,32,MelMan2002,1MWccZhfhgx3SUWLathYbozaB6RT77MW4i
1411647820,8,44943,Help - 90 BTC stolen - Possible to track down theif?,32,MelMan2002,1Xt6SPihp3pmQEec5YTtVrgU35zFUbBgx
1411647820,8,44943,Help - 90 BTC stolen - Possible to track down theif?,32,MelMan2002,1Mo32MoE3ySKwj5AcRRJZTSgsNDEck11ya
1411647820,8,44943,Help - 90 BTC stolen - Possible to track down theif?,32,MelMan2002,16ZgQRsXrALq5YpCAHkQJ2WuRaVrzSXQKj
1411647820,8,44943,Help - 90 BTC stolen - Possible to track down theif?,32,MelMan2002,1JHZ57CC3oLUp9feeHsU8gMTWg13KdxR9j
1411647820,8,44943,Help - 90 BTC stolen - Possible to track down theif?,32,MelMan2002,1NUJw4KRR6mQs8ZDCeNcVNpBQVAHeNN5LP
1411647820,8,44943,Help - 90 BTC stolen - Possible to track down theif?,32,MelMan2002,1NV5NzEii6cHgnEsrwmZoY9cZv2zwXzWZj
1411064150,8,787504,Manual Trading - Automated trading - Bitcoin discussions... Teach and Learn,1,malicious,1C5QagGEu2szHNZhgVgirMDGGV6YyKjdtd
1409605851,8,761797,Re: Trading with BTC,17,DaveF,1BG112rZ7fB1AnbdQCMqmAXMiWECxAsfAG
1409605851,8,761797,Re: Trading with BTC,17,DaveF,1DaveFu2arTKE1M833dYJxCb4JKFiYHngy
1409605851,8,761797,Re: Trading with BTC,17,DaveF,1DaveFf99rP8thP68CGJ89BQmY7M3cuPSK
1409605851,8,761797,Re: Trading with BTC,17,DaveF,1BG1o4XdDzBoT1Rhv8oYG8o435v8UHcAPn
1409910845,8,761797,Re: Trading with BTC,57,hardshot,1DD34X3QkvihP5Yqq2cuE9rYHqMdgcaWgK
1409997372,8,761797,Re: Trading with BTC,63,ddalex,1BG45oRuYLyXGL4XHZQGV12XDxgfNPZuFJ
1410018478,8,761797,Re: Trading with BTC,71,ddalex,1BG45oRuYLyXGL4XHZQGV12XDxgfNPZuFJ
1389849155,8,418144,[IPO] CoinFinder - Decentralized BTC-fiat currency exchange system,1,wsbnever,12knwDJPJthBGrpp8Y3VR1nwBNkCLecbxE
1409676206,8,767107,On Pricing Etiquette,8,CliveK,1ADEzUG7HVQkq3mu5g85KkupAAbzRTppyd
1393028738,8,476380,Mt. GOX - Change Location from its old HQ. to a HOTEL!,15,notthematrix,1LNWw6yCxkUmkhArb2Nf2MPw6vG7u5WG7q
1393029023,8,476380,Mt. GOX - Change Location from its old HQ. to a HOTEL!,16,markjamrobin,1LNWw6yCxkUmkhArb2Nf2MPw6vG7u5WG7q
1393030731,8,476380,Mt. GOX - Change Location from its old HQ. to a HOTEL!,18,notthematrix,1LNWw6yCxkUmkhArb2Nf2MPw6vG7u5WG7q
1393031014,8,476380,Mt. GOX - Change Location from its old HQ. to a HOTEL!,20,markjamrobin,1LNWw6yCxkUmkhArb2Nf2MPw6vG7u5WG7q
1393118878,8,476380,Mt. GOX - Change Location from its old HQ. to a HOTEL!,29,Bit_Happy,1LNWw6yCxkUmkhArb2Nf2MPw6vG7u5WG7q
1365804374,8,175123,Initiative to help Simon Hausdorf to clear things @ bitcoin-24 <-- SIMON READ IT,3,tempt,1AnixjBYxpTzAmfSa8kRdBiUaSGV2e9d26
1365804374,8,175123,Initiative to help Simon Hausdorf to clear things @ bitcoin-24 <-- SIMON READ IT,3,tempt,1BTC24yVKQdQNAa4vX71xLUC5A8Za7Rr71
1365804374,8,175123,Initiative to help Simon Hausdorf to clear things @ bitcoin-24 <-- SIMON READ IT,3,tempt,1AfY3571v8VbhMq19DA44378qSXPQmv734
1365804374,8,175123,Initiative to help Simon Hausdorf to clear things @ bitcoin-24 <-- SIMON READ IT,3,tempt,1GcWYgqbdtzZAGsX2iSVBS74cPBiQjCiRg
1365804374,8,175123,Initiative to help Simon Hausdorf to clear things @ bitcoin-24 <-- SIMON READ IT,3,tempt,1MVCn7PuFtnCgHKjYvVpqE62ifVKNCA8mU
1384630570,8,261086,Automated Trading Contest (Prize 0.5 BTC) / Best automated strategies,183,pulsecat,1BueD4kDjkPHVWH7btwt6GNz7Ki3wyeA7q
1385214221,8,261086,Automated Trading Contest (Prize 0.5 BTC) / Best automated strategies,185,pulsecat,1BueD4kDjkPHVWH7btwt6GNz7Ki3wyeA7q
1403808042,8,667027,Best way to get bitcoin donations?,1,hydrogone,1JaaKaDHbbxuynkPgDU2ZZbyCXE8VbJDSd
1403384710,8,660746,Bitcoin dissertation ,1,bcralph54,12ApaRpAC449zqBJmPPNVzJ3TDu3w8Frvb
1403433100,8,660746,Bitcoin dissertation ,2,elianite,12ApaRpAC449zqBJmPPNVzJ3TDu3w8Frvb
1402839363,8,648257,Bot or not?,10,BLKMined,10291ee0dfcae0c6a4412cd61fdd37
1401748324,8,636638,Bitcoin arbitrage method (6%),1,hashishday,14YexoWUHWD9BhEn5Co96ZQiJWz8hYbN58
1402224280,8,9920,Is MtGox the best way to withdraw BTC as USD?,21,jonsi,1HrhYoXdvyNPZMqyo3trxWNFTaXXPGiSxQ
1402020895,8,641063,Does there any online service that sells paypal for bitcoins?,12,Rainyman22,1HrhYoXdvyNPZMqyo3trxWNFTaXXPGiSxQ
1402021480,8,641063,Does there any online service that sells paypal for bitcoins?,13,acaciosc,1HrhYoXdvyNPZMqyo3trxWNFTaXXPGiSxQ
1386527408,8,362371,Help buying Bitcoin and step process?,2,standon23,1LiRu1ymEMeooM4e7uqcPjvN1DDriWeRLE
1334276357,8,68066,betco.in's a ghost town now?,10,hippich,1L4kz6BA8mzi8KLV9VQ2pYcW8QQFVihWLg
1396208592,8,550534,V3: Cryptsy - Mintpal - Bittrex: Trading spreadsheet,1,fullhdpixel,19P5Fyo1UBsVsKJpDbkk6wMaf225m3BwaX
1330121158,8,65946,I'm refunding the victims of my terrible scam,16,terrytibbs,168Bgg6HL6bLiUxQDBbdmHRbXtSsMixYCT
1330291568,8,65946,I'm refunding the victims of my terrible scam,40,terrytibbs,13kvAdmJharHgynmjhiwz2UvcsHWuUY8Fg
1330315305,8,65946,I'm refunding the victims of my terrible scam,42,drakahn,13kvAdmJharHgynmjhiwz2UvcsHWuUY8Fg
1330348693,8,65946,I'm refunding the victims of my terrible scam,43,terrytibbs,1HNggn8oDBXdtVzD9Q1Run5bn31ojudL3E
1330349162,8,65946,I'm refunding the victims of my terrible scam,44,rjk,1HNggn8oDBXdtVzD9Q1Run5bn31ojudL3E
1330447739,8,65946,I'm refunding the victims of my terrible scam,45,terrytibbs,16rWqgKwYX6rJuhGmikx9ndt6C9swtTRNm
1330447739,8,65946,I'm refunding the victims of my terrible scam,45,terrytibbs,1EYUuxLtKuFFevRuShepev1xiDbU1FsH8E
1331504477,8,65946,I'm refunding the victims of my terrible scam,66,RandyFolds,1FFfN9R2hg7uXcjMCoF5PvnkiCxzpTzDhg
1340138894,8,65946,I'm refunding the victims of my terrible scam,83,terrytibbs,1terryG9vPoB4ktv9w5eGgCKqCfJtoqF5
1340139440,8,65946,I'm refunding the victims of my terrible scam,85,theymos,1terryG9vPoB4ktv9w5eGgCKqCfJtoqF5
1396681225,8,65946,I'm refunding the victims of my terrible scam,86,Phinnaeus Gage,1uKVtMUK7E2CkVynYa7ytnTu6wGqFTxUV
1396681225,8,65946,I'm refunding the victims of my terrible scam,86,Phinnaeus Gage,1terryG9vPoB4ktv9w5eGgCKqCfJtoqF5
1397667161,8,65946,I'm refunding the victims of my terrible scam,88,terrytibbs,1uKVtMUK7E2CkVynYa7ytnTu6wGqFTxUV
1396599065,8,557019,Real BT Faucet? How to test local wallet?,1,Extravagant,1Kt4XBvb9gAAry1iSzFNCkAV6igz8AYop1
1333238258,8,74912,Local Delivery For Bitcoin Trades,1,Stephen Gornick,19b2e7xgjbqr1wgz7xtnpig6asscbpxpxu
1396685659,8,558078,"It heppend to me... and it CAN happen to you even on ""Trusted"" Sites.  PLZ Read!",1,BoogieMan82,1BX8buCMvtn4ZLbicyeNY421RoNGuCtHwi
1396321857,8,552494,Help me find the dirty thief who stole my coins (reward),1,dailey123,1HRz6kFQmyC2Y6DMPycUZPvusKjA8fBdaB
1396321857,8,552494,Help me find the dirty thief who stole my coins (reward),1,dailey123,1Cjb6gDhDc48e6YUbWw2fkC2KEB9YZ3CPV
1396375141,8,553135,I`VE FOUND BEST WAY to get BTC and LTC from CryptoRush - use before it dies.,1,kingscrown,15PDmAKykKsu26hKFRkHMCLfgdtNi3fM2T
1396375141,8,553135,I`VE FOUND BEST WAY to get BTC and LTC from CryptoRush - use before it dies.,1,kingscrown,1BrTwi9uACs7u6vQ111CAJuy8mFZLSDgGr
1396375141,8,553135,I`VE FOUND BEST WAY to get BTC and LTC from CryptoRush - use before it dies.,1,kingscrown,1BaJ9WHXEKJALRS6JRiv4AAHiPuDnL1gD7
1395959737,8,540173,Global Block-Chain Believers Group is in Prelaunch!,1,GeminiSimba,1HD8f8B2yePiho8RyXYuRi5d6iNrCHsfDS
1394031149,8,501979,"Austin BTC conferance I have a ticket, and can't get there... selling @ best off",1,player01,1NdU2RjqAusX8hyguv5KXX7v6ZW2weFq6E
1323187814,8,53848,Mtgox auto-signs with a 437522 BTC wallet?!?,1,Vandroiy,16eRAfcohaLsTzoDSnLejjqMZMDQezxFEi
1323283732,8,53848,Mtgox auto-signs with a 437522 BTC wallet?!?,12,phelix,16eRAfcohaLsTzoDSnLejjqMZMDQezxFEi
1393732794,8,53848,Mtgox auto-signs with a 437522 BTC wallet?!?,37,thelema93,1HB2nvhVp8KweLj3gUEZrpDBiCqGv8GBan
1393732794,8,53848,Mtgox auto-signs with a 437522 BTC wallet?!?,37,thelema93,16eRAfcohaLsTzoDSnLejjqMZMDQezxFEi
1393567077,8,460388,best way to trade bitcoin for usd,12,CrashX,1JFyMzdUGFmBbYAQkG92xUmDqkfvJtn4UL
1392924856,8,469686,any advice -- I have 50% coins and 50% USD in MTGOX now ????,30,CrashX,1A7pQb3U9aMunKs5Wrwf8Qwqu1Lbh2MeBn
1313467853,8,14412,Real Time MtGox Order Book,63,toffoo,184FgjfDC2JB3EDWfPpYrv6uX77FzfNE5k
1392138398,8,460341,Bter.com .2 deposit missing 6 hours and counting,1,tennis,1FunErqZyYK774UC8XcnsMJRnu995Ksgpt
1392038724,8,458355,mt4 / mt5 setup ,1,exoton,18dF7AU81LoM745HGz4b2iY9rkY2ioaBbV
1392050392,8,458355,mt4 / mt5 setup ,2,dddbtc,18dF7AU81LoM745HGz4b2iY9rkY2ioaBbV
1391767718,8,453035,Can somebody explain how to perform day trading?,5,Bit_Happy,15DYJpWJe9H1YofsNQbP9JEWWNn7XPZgbS
1391858381,8,453035,Can somebody explain how to perform day trading?,11,adam9317,15DYJpWJe9H1YofsNQbP9JEWWNn7XPZgbS
1304820081,8,7531,Spreadsheet: Invest in BTC or mining hardware?,1,SgtSpike,1CjoEtypZhqkBLSdfpnphNYjWyokourkxe
1310622721,8,7531,Spreadsheet: Invest in BTC or mining hardware?,55,Leon,1CjoEtypZhqkBLSdfpnphNYjWyokourkxe
1310629167,8,7531,Spreadsheet: Invest in BTC or mining hardware?,56,SgtSpike,1CjoEtypZhqkBLSdfpnphNYjWyokourkxe
1391179433,8,442052,"MTGOX btc withdrawal - 5 days still no coins, and no answer from support...",1,slu79,1B5cKwhoyvgKNGWUz8cu1LJHoMCY3eFJU2
1391267454,8,442052,"MTGOX btc withdrawal - 5 days still no coins, and no answer from support...",3,Sonny,1B5cKwhoyvgKNGWUz8cu1LJHoMCY3eFJU2
1391686230,8,451596,Please donate if you can,1,Blisk,1AWLhZw9ECkns2B12gNeoqAo5FoGy6QmUh
1390975125,8,437908,Why is it so hard to buy less $10 worth of BTC with paypal?,8,demonmaestro,1NstSBuhknFqy2UrvtJDBAg8oTrTy6xoxk
1390988611,8,437908,Why is it so hard to buy less $10 worth of BTC with paypal?,11,Sonny,1NstSBuhknFqy2UrvtJDBAg8oTrTy6xoxk
1391439448,8,446700,"cexStat - for CEX.IO Statistic, and Notify software.",1,receptr,1JK9dinT7NCKX1fADWiSiH3zSKWDCAvxU7
1374943126,8,233142,TRADING BOT:    iTrader - Trade your cryptocurrencies... Professionally!  ,20,dddbtc,1K6nkzz2dS5ktwvK3WVq5vMHhFh9XnbeNo
1374943126,8,233142,TRADING BOT:    iTrader - Trade your cryptocurrencies... Professionally!  ,20,dddbtc,1P2JxidoyhPBxdyTPEibPrjQxtt4jDQV6p
1374943126,8,233142,TRADING BOT:    iTrader - Trade your cryptocurrencies... Professionally!  ,20,dddbtc,18BizrvSCFp2UjsCnZnJseJq759xeW24m4
1390001923,8,420722,Selling Mining Hardware on Craigslist & What Responses to Expect,1,mobile,1GfVGntYPcXDcVVCnJCDWjsuRBtNFksYLQ
1389694608,8,415048,Arbitrage and Trade your Coin on your Desktop with Eureka CoinTrade Platform.,1,eureka,135P8CCb7uMQ8ancH7z7Fbj7CndMGdSrjN
1388225800,8,388727,Coinedup: ok ||||  Ecrypto  shit,1,testbug,19Xn6GPjMoj8FMLMWg77Wq7PNiFSUsZxSV
1389045425,8,401300,Ebay buyer blacklist,5,dmpotter,1L9MY4WZWPYayKXYg9Lj2RpX3D393dq3ze
1387957880,8,384366,A powerful trading platform - Eureka Coin Trade Platform english version release,1,eureka,135P8CCb7uMQ8ancH7z7Fbj7CndMGdSrjN
1388807034,8,384366,A powerful trading platform - Eureka Coin Trade Platform english version release,7,eureka,135P8CCb7uMQ8ancH7z7Fbj7CndMGdSrjN
1388686078,8,396016,Where is a good place to buy some bitcoins quickly?,1,Korxax,1NtV1q29FtRAYAkMJHMYbASZLiLur2FQe
1388686179,8,396016,Where is a good place to buy some bitcoins quickly?,2,cr1776,1NtV1q29FtRAYAkMJHMYbASZLiLur2FQe
1388687094,8,396016,Where is a good place to buy some bitcoins quickly?,4,Korxax,1NtV1q29FtRAYAkMJHMYbASZLiLur2FQe
1388688164,8,396016,Where is a good place to buy some bitcoins quickly?,5,Korxax,1NtV1q29FtRAYAkMJHMYbASZLiLur2FQe
1388707691,8,396016,Where is a good place to buy some bitcoins quickly?,6,Korxax,1NtV1q29FtRAYAkMJHMYbASZLiLur2FQe
1388710750,8,396016,Where is a good place to buy some bitcoins quickly?,8,overunity,1NtV1q29FtRAYAkMJHMYbASZLiLur2FQe
1388714194,8,396016,Where is a good place to buy some bitcoins quickly?,11,Korxax,1NtV1q29FtRAYAkMJHMYbASZLiLur2FQe
1388714736,8,396016,Where is a good place to buy some bitcoins quickly?,12,drewster,1NtV1q29FtRAYAkMJHMYbASZLiLur2FQe
1388714852,8,396016,Where is a good place to buy some bitcoins quickly?,13,Korxax,1NtV1q29FtRAYAkMJHMYbASZLiLur2FQe
1388720027,8,396016,Where is a good place to buy some bitcoins quickly?,14,cr1776,1NtV1q29FtRAYAkMJHMYbASZLiLur2FQe
1388723269,8,396016,Where is a good place to buy some bitcoins quickly?,15,Korxax,1NtV1q29FtRAYAkMJHMYbASZLiLur2FQe
1388789326,8,396016,Where is a good place to buy some bitcoins quickly?,18,overunity,1NtV1q29FtRAYAkMJHMYbASZLiLur2FQe
1389048476,8,396016,Where is a good place to buy some bitcoins quickly?,21,Korxax,1NtV1q29FtRAYAkMJHMYbASZLiLur2FQe
1388759999,8,397330,WTS              34M dime    for 0.2btc,1,smallsolar,1G2zEc6nb98swwrAeh9eVhxZcTtGtWhfa4
1388630419,8,395181,Coins on Cryptsy,1,volscian,1HFeoc6DyceCNm2BKXTEGbgUAfwqyax16y
1388307028,8,369218,Has anyone bought BTC on xchanga?,4,hairycoins,1H43iRYoXzq63RtYuM7qTqmyJXgLMrh5tm
1388307028,8,369218,Has anyone bought BTC on xchanga?,4,hairycoins,19awPh4D1GVM93ZrepxPP1aBcTmfo7xQKK
1387405068,8,376352,goxtool bot: range trading,1,piramida,12pEHJd12Lf7KAiqcT35XLgadmJN3zHQu9
1387228608,8,373665,"BTCChina ""Theft"" - 6.5[btc], 24 Conf. & Counting, no credit",1,FenixRD,1M2QZepTyKXD7SH6mhWw7GL2cT4KNQE4ay
1386280877,8,358828,I'm not sure which is funnier...,2,forevernoob,15FeNPVZboYWyNv8U5J9VL5VLqkhHDJCYC
1385829014,8,353252,"[ANN] Easybot, an opensource c# trading tool",1,dna2,1GC8kcZp5ZVBm2bo96bUKEMkztU1rx5oy7
1385599396,8,349649,[TOOL] Never miss out on a good Bitcoin Provit again  --> WARNBOT V1.0<--,1,Nexigen,1MaDH82RgF4ZmYsGmoKBurBU1sCHcjQF9E
1382918547,8,319986,Need help with new decentralized p2p exchange market !,1,yuhan,19cjvnw61dEEEwgFDuRgSCxhU3zM5teHMD
1383545132,8,324485,Support the currency to buy Desktop 3D printer,1,12320,14nK9KTSb3T5sb1B446i1jga8kaAaD54UZ
1370342154,8,225062,Blockchain - Bitcoin transaction failed,1,bitsource,18sgjcWzKMaBf89qt7sjJfe3oBYZXZv4qu
1370342154,8,225062,Blockchain - Bitcoin transaction failed,1,bitsource,1AQxtKjpzjmg8SDxYKwW7EAT8JQ7fXdsZ8
1382584278,8,225062,Blockchain - Bitcoin transaction failed,2,BitPappa,1D9LdyMZzeKpTicXpr1npiwKCBMmoSdTyp
1382301426,8,315163,Bitstamp Euro Tooltips,1,coinft,14CjqiPTXRWwkJ7PxuiEmBQ6JE8XaChYip
1364230032,8,158175,Attn: Owner of 17ifsBMD96wHNgEmhwPkMhhepWkjX4jrQ5,3,John (John K.),17ifsBMD96wHNgEmhwPkMhhepWkjX4jrQ5
1364230179,8,158175,Attn: Owner of 17ifsBMD96wHNgEmhwPkMhhepWkjX4jrQ5,4,ralree,1MaZAHzEFfinRJ2dwK6YtNDfvWMBkiAxDr
1364230257,8,158175,Attn: Owner of 17ifsBMD96wHNgEmhwPkMhhepWkjX4jrQ5,5,John (John K.),1MaZAHzEFfinRJ2dwK6YtNDfvWMBkiAxDr
1364269856,8,158175,Attn: Owner of 17ifsBMD96wHNgEmhwPkMhhepWkjX4jrQ5,10,Nancarrow,17ifsBMD96wHNgEmhwPkMhhepWkjX4jrQ5
1364269856,8,158175,Attn: Owner of 17ifsBMD96wHNgEmhwPkMhhepWkjX4jrQ5,10,Nancarrow,17ifsWDxf1JmaCvqjhufnUvJM9fUBAD2Cr
1364270095,8,158175,Attn: Owner of 17ifsBMD96wHNgEmhwPkMhhepWkjX4jrQ5,11,ineededausername,17ifsBMD96wHNgEmhwPkMhhepWkjX4jrQ5
1364270095,8,158175,Attn: Owner of 17ifsBMD96wHNgEmhwPkMhhepWkjX4jrQ5,11,ineededausername,17ifsWDxf1JmaCvqjhufnUvJM9fUBAD2Cr
1364271493,8,158175,Attn: Owner of 17ifsBMD96wHNgEmhwPkMhhepWkjX4jrQ5,13,John (John K.),17ifsBMD96wHNgEmhwPkMhhepWkjX4jrQ5
1364271493,8,158175,Attn: Owner of 17ifsBMD96wHNgEmhwPkMhhepWkjX4jrQ5,13,John (John K.),17ifsWDxf1JmaCvqjhufnUvJM9fUBAD2Cr
1380697512,8,158175,Attn: Owner of 17ifsBMD96wHNgEmhwPkMhhepWkjX4jrQ5,18,Pente,17ifsBMD96wHNgEmhwPkMhhepWkjX4jrQ5
1380060942,8,301022,Stolen BTC from MtGox,1,Ll_lkasz,14ruGx2iXCUxNf1agusPKczMwngDrGTZ5P
1379687357,8,298589,binaryFate & Caesium's Mystery Box Transparency Thread,1,Caesium,1Gh5SG1A6n8Nrw4pCG9Jf4AECFF7ko4tYd
1379698993,8,298589,binaryFate & Caesium's Mystery Box Transparency Thread,2,binaryFate,1Gh5SG1A6n8Nrw4pCG9Jf4AECFF7ko4tYd
1379700102,8,298589,binaryFate & Caesium's Mystery Box Transparency Thread,3,binaryFate,1Gh5SG1A6n8Nrw4pCG9Jf4AECFF7ko4tYd
1379700102,8,298589,binaryFate & Caesium's Mystery Box Transparency Thread,3,binaryFate,1FBtNbkdj4mgn5epn3tZRKcA4zTGnefnxZ
1312366377,8,33844,BTC Trader - live charting and tech-analysis desktop application,13,coinfreak,1PcR6CVV2fScHH2VsGpzAmcKqMT3ux62De
1377628440,8,282377,bitstamp and mtgox accounts hacked at same time,1,hardpick,1H4hcUpbV4E2noZpKSoQa2wszC2ghBxpXC
1377639728,8,282377,bitstamp and mtgox accounts hacked at same time,5,hardpick,1H4hcUpbV4E2noZpKSoQa2wszC2ghBxpXC
1377639938,8,282377,bitstamp and mtgox accounts hacked at same time,7,Lauda,1KRj8opQ5y3h2dw8FjnskxuVZ5qtu5Uuid
1377639938,8,282377,bitstamp and mtgox accounts hacked at same time,7,Lauda,1H4hcUpbV4E2noZpKSoQa2wszC2ghBxpXC
1377641121,8,282377,bitstamp and mtgox accounts hacked at same time,8,hardpick,1KRj8opQ5y3h2dw8FjnskxuVZ5qtu5Uuid
1377641121,8,282377,bitstamp and mtgox accounts hacked at same time,8,hardpick,1H4hcUpbV4E2noZpKSoQa2wszC2ghBxpXC
1377673223,8,282377,bitstamp and mtgox accounts hacked at same time,12,Lauda,1KRj8opQ5y3h2dw8FjnskxuVZ5qtu5Uuid
1377949241,8,285249,http://satoshirps.com/main what about there payment?,1,Guergana,1GoW6dyvSvbfZyo3sSCcDg6hyA6i1n2V9r
1377325108,8,280364,Help Someone Stole BTC from my Cryptsy Account,1,victor101carranza,1EJDhNgUBWNjXg8D9v6L6CJ6qgXLYx1sK
1377547094,8,280364,Help Someone Stole BTC from my Cryptsy Account,4,dmatthewstewart,1EJDhNgUBWNjXg8D9v6L6CJ6qgXLYx1sK8
1376721204,8,269737,Trading(not mining) Profitability Calculator and LTC EMA crossover ifo,12,XZed,1JdZWRJZBjVNuXt3Xv8UW9WSZzrgWstB72
1376386156,8,272797,Send BTC,1,retry93,19U12Z3NKrvgPoujfBUXoKKxpZ4ubtp4Nz
1376480892,8,272797,Send BTC,4,CryptoBeggar,1Cu3gkevrm5bAJAWabwiWMWw8DsVujDbMD
1376481174,8,272797,Send BTC,5,PrintMule,1Cu3gkevrm5bAJAWabwiWMWw8DsVujDbMD
1376498608,8,272797,Send BTC,6,CryptoBeggar,1Cu3gkevrm5bAJAWabwiWMWw8DsVujDbMD
1376517422,8,272797,Send BTC,7,voxelot,1BxEPhZrys8sE1arWACNwEAMiZJnNsXev4
1375926940,8,269907,ONLINE CHESS TOURAMENT (winner gets 7 BTCs),1,jlb122784,1ARd2qwXUtTSHsuqVhQxBxGiMckpyT8mQa
1371528479,8,236965,ZeroBlock iOS app - The ultimate tool for traders on the go,1,zeroblock,1LHSr3ZnYeD6PpM7rfGNCLhBmU3o2x3oCN
1369769110,8,218563,silly question - sending bitcoint for buying stuff,2,Winterfrost,1H7A8Mj329FzLKnsyooFSPzyt3521E6dGn
1369769110,8,218563,silly question - sending bitcoint for buying stuff,2,Winterfrost,1QEoAfJD4scjgpU7m1Ca1KiYZ4cgucreRA
1369769110,8,218563,silly question - sending bitcoint for buying stuff,2,Winterfrost,1KJkaa4JJH65CGvCxL4ztpmzWcHHXjPYWy
1367838873,8,196834,[DATA] BTCUSD Data in csv format.  Various timeframes.,1,ssshhh,1EcpTYf1g6ZyiNu9AjzB5LTRhqH4NtCNt7
1369357436,8,214673,ZeroBlock launches Real-Time Market Data and News Aggregator iOS app for Traders,1,zeroblock,1LHSr3ZnYeD6PpM7rfGNCLhBmU3o2x3oCN
1367552445,8,193997,I lost $8400 in my Mt account partly because Mt's slow support service,1,cupo,1EATk7GW1NPcLvHcSYuQNfdRAcHpbxYZ3u
1367552445,8,193997,I lost $8400 in my Mt account partly because Mt's slow support service,1,cupo,1EY8G68whAjT46JgKvuBGyAqH9uvkzEb8v
1367267241,8,191131,"BTC Transfer: BTC-E -> MtGox -Not in MtGox, but blockchain recorded confirmation",1,mr-sk,1C8ktpkVesFumB9WReHF44U7uJPRXxXR4o
1366920142,8,187702,Wtf?,1,puffpuffpass,19hJLtfs5pqv2S4kRySMcnxnCzkNf7rhGS
1366922130,8,187702,Wtf?,6,Come-from-Beyond,19hJLtfs5pqv2S4kRySMcnxnCzkNf7rhGS
1366681776,8,184208,Just lost 6.4 bitcoins or 663 euros from MT.gox STOLEN,1,etheral,1TM5uR7wRo3n5tr4NMpakuMEeU8TeFruS
1366681776,8,184208,Just lost 6.4 bitcoins or 663 euros from MT.gox STOLEN,1,etheral,1CoPSAzTBNYAuqi9tZq4hEK9B5HYsVWTTZ
1366287366,8,179596,UK Exchange Website,17,reg,1HuDKnHJy73CC2QjbqRrixTEzHd3EFEfRs
1366288441,8,179596,UK Exchange Website,20,nwbitcoin,1HuDKnHJy73CC2QjbqRrixTEzHd3EFEfRs
1366236243,8,179185,Help... Mt Gox has lost my money?,1,massivebitman,1LNWw6yCxkUmkhArb2Nf2MPw6vG7u5WG7q
1366236243,8,179185,Help... Mt Gox has lost my money?,1,massivebitman,1dicegEArYHgbwQZhvr5G9Ah2s7SFuW1y
1366237190,8,179185,Help... Mt Gox has lost my money?,2,Stephen Gornick,1LNWw6yCxkUmkhArb2Nf2MPw6vG7u5WG7q
1303330034,8,6193,Historic trade data,1,tcatm,1Nqr3MqVyUp6k3o3QPePAdn4Yg4tzgB9kw
1366026709,8,177072,Best Non-Mining Way of Acquiring BTC?,1,Agorista,156vDgC5HPzBvDYdvNHYUay6MQXtqaDPoo
1365798502,8,175071,(Possible) escrow from ZERODAY,1,rpietila,1PdT4PjAV66xU7vUii7Jd3BgVPPM5z7NmL
1365083043,8,166307,"[ANN] free excel sheet for calculating profit with BTC, EUR, BTC-e ",4,mai77,38d0bc3911d853dbd96d7ee1bd8910f2
1364902094,8,164510,Bitwatch.tk - watch & chat (bitcoinity charts + IRC),2,nitrous,1EWjHKPYGAJ3v5LnDyBo3Fn1PFsazBstqk
1364903734,8,164510,Bitwatch.tk - watch & chat (bitcoinity charts + IRC),3,T-rage_11,1EWjHKPYGAJ3v5LnDyBo3Fn1PFsazBstqk
1365084377,8,167050,Approx many BTC do you have at the moment?,2,mai77,38d0bc3911d853dbd96d7ee1bd8910f2
1365084316,8,119290,Bitcoin Bookkeeping software?,12,mai77,38d0bc3911d853dbd96d7ee1bd8910f2
1364656172,8,161659,[Poll] Fraud - Did you ever suffer from fraudulent Bitcoin-activity?,1,NF414,1YxJ5VnxHDXFuBA1zWvcEZzTTXo5WGt8D
1364321178,8,159073,"Ebay, quoted blockchainexplorer.info as proof of postage!",1,jago25_98,17HX9LAgFWqWiB9B6wo5hWpzGUigBE79Sv
1364386234,8,159473,–°–æ–æ–±—â–µ–Ω–∏–µ —É–¥–∞–ª–µ–Ω–æ,3,RaTTuS,1B5zwUUdzoRTFTgiDEKUs2BmSeUC4nzPrM
1364396333,8,159473,–°–æ–æ–±—â–µ–Ω–∏–µ —É–¥–∞–ª–µ–Ω–æ,4,playtin,1B5zwUUdzoRTFTgiDEKUs2BmSeUC4nzPrM
1363213383,8,152818,Anyone having problems receiving btc on GOX?,1,instaBoost,1ABY6fqJtvxAjgMSijCCvXrrYHN33b8eNa
1362728506,8,150427,where to learn more?,3,Bit_Happy,15DYJpWJe9H1YofsNQbP9JEWWNn7XPZgbS
1362639898,8,150077,Who Owns this address?/ Who played The Final Satoshi from it:,1,Oldsport,16XsyNp998p7ei7qY6BatdSSwL4KXxEazJ
1356773593,8,133795,"An example of why you probably don't want to waste your time on ""johnniewalker""",1,TECSHARE,1CDaADUi8fHiisxgmPcMwYCJT8AbX8d93S
1356929970,8,133795,"An example of why you probably don't want to waste your time on ""johnniewalker""",27,Third Way,19b8BGLuYtz3rwYzifCFCoJZ2ngmyTMWKg
1362088055,8,147735,What does Colostomy ‚Äì Prostate operation and Bitcoins have in common?,1,bitsource,18sgjcWzKMaBf89qt7sjJfe3oBYZXZv4qu
1360816907,8,117740,BitInstant PHP API Example,5,crazylikeafox,1FqWCdCdFeok2ifsfYbcFxwiC8pE7h9xhC
1360817057,8,117740,BitInstant PHP API Example,6,gweedo,1FqWCdCdFeok2ifsfYbcFxwiC8pE7h9xhC
1360817262,8,117740,BitInstant PHP API Example,7,crazylikeafox,1FqWCdCdFeok2ifsfYbcFxwiC8pE7h9xhC
1360817370,8,117740,BitInstant PHP API Example,8,gweedo,1FqWCdCdFeok2ifsfYbcFxwiC8pE7h9xhC
1360818298,8,117740,BitInstant PHP API Example,13,gweedo,1FqWCdCdFeok2ifsfYbcFxwiC8pE7h9xhC
1360818638,8,117740,BitInstant PHP API Example,14,crazylikeafox,1FqWCdCdFeok2ifsfYbcFxwiC8pE7h9xhC
1360819233,8,117740,BitInstant PHP API Example,16,gweedo,1FqWCdCdFeok2ifsfYbcFxwiC8pE7h9xhC
1360819580,8,117740,BitInstant PHP API Example,18,payb.tc,1FqWCdCdFeok2ifsfYbcFxwiC8pE7h9xhC
1360820082,8,117740,BitInstant PHP API Example,20,gweedo,1FqWCdCdFeok2ifsfYbcFxwiC8pE7h9xhC
1360820157,8,117740,BitInstant PHP API Example,21,crazylikeafox,1FqWCdCdFeok2ifsfYbcFxwiC8pE7h9xhC
1361147543,8,144374,For real?  Today's BitCoin (BTC) price in USD is 1 BTC for $26.97.  ,9,mc_lovin,1MkafqeFf938JKDaai2tVczX7TyZJPPUo3
1361036410,8,144525,Martingale Bot for PeerBet,1,sal002,1FcznMjGBFxD9YvcFfMCVbhkkKYSACCNcP
1342160200,8,87567,BitcoinAdvertisers.com won't pay me :(,22,HostFat,1BsHaQccToKwN7LEr6kqVjPtZKxNu84SDg
1342160200,8,87567,BitcoinAdvertisers.com won't pay me :(,22,HostFat,1HostFatgTXWdRmVoneC8M6ErhiuQ7An5o
1359683776,8,140336,instawallet down for several hours now ,6,piuk,1FrtkNXastDoMAaorowys27AKQERxgmZjY
1358091311,8,134554,Real Estate for Bitcoins,11,Agorastos,1Fm8e4Zd5JVYZDDFkYzhrRjaGpZoCcngPT
1343204433,8,95008,Choose:  Walk The Plank or Keelhaul,48,Vandroiy,19kEo3qmuUdAQb1Q7VZhRwahw5v3NSZCeW
1343204433,8,95008,Choose:  Walk The Plank or Keelhaul,48,Vandroiy,131YyEEz7wYMMuS6Qk4gMnEs2SgtqJ2GTE
1343204433,8,95008,Choose:  Walk The Plank or Keelhaul,48,Vandroiy,1FmC6gUV1tkT7HHmQzo3NwtgZs3WGSz4Rd
1355253577,8,130264,Bitcoins stolen from bitcoin.de.,1,DiThi,14nKZU5S2BkLXStnmuF9hcaWMZyyUBc4ea
1332456542,8,69373,Is it possible to get BTC from TradeHill?,3,Jered Kenna (TradeHill),1yvnLFMNRDRGKJ2dMqprzD68mtKga8uoJ
1350930025,8,119816,Stolen from Mt.Gox coins. Help return the coins.,1,anti76,12uaQiTZZsxoS7WUWqLcuLP67q3pG7QDyi
1350930025,8,119816,Stolen from Mt.Gox coins. Help return the coins.,1,anti76,16Fd3cGWmCNBZypswBuJwoCCJsMyCrfr2o
1348759686,8,113389,Who owns 1Nbjpo1tkeayJ28me2kNcZ3ZoqBQHJqoAx?,2,augustocroppo,1Nbjpo1tkeayJ28me2kNcZ3ZoqBQHJqoAx
1348770596,8,113389,Who owns 1Nbjpo1tkeayJ28me2kNcZ3ZoqBQHJqoAx?,4,augustocroppo,1JYC3GbbhHiYKkZkPV2PhsdYPPDAUjjomS
1348771370,8,113389,Who owns 1Nbjpo1tkeayJ28me2kNcZ3ZoqBQHJqoAx?,5,ShadesOfMarble,1JYC3GbbhHiYKkZkPV2PhsdYPPDAUjjomS
1348771370,8,113389,Who owns 1Nbjpo1tkeayJ28me2kNcZ3ZoqBQHJqoAx?,5,ShadesOfMarble,1Nbjpo1tkeayJ28me2kNcZ3ZoqBQHJqoAx
1348784543,8,113389,Who owns 1Nbjpo1tkeayJ28me2kNcZ3ZoqBQHJqoAx?,6,augustocroppo,1QAHVyRzkmD4j1pU5W89htZ3c6D6E7iWDs
1348784543,8,113389,Who owns 1Nbjpo1tkeayJ28me2kNcZ3ZoqBQHJqoAx?,6,augustocroppo,1JYC3GbbhHiYKkZkPV2PhsdYPPDAUjjomS
1348784543,8,113389,Who owns 1Nbjpo1tkeayJ28me2kNcZ3ZoqBQHJqoAx?,6,augustocroppo,1Nbjpo1tkeayJ28me2kNcZ3ZoqBQHJqoAx
1348784543,8,113389,Who owns 1Nbjpo1tkeayJ28me2kNcZ3ZoqBQHJqoAx?,6,augustocroppo,1JuZT3sBomuzcFjQvVTLdXM97U6wCvazJR
1348788537,8,113389,Who owns 1Nbjpo1tkeayJ28me2kNcZ3ZoqBQHJqoAx?,7,ShadesOfMarble,1Nbjpo1tkeayJ28me2kNcZ3ZoqBQHJqoAx
1348790251,8,113389,Who owns 1Nbjpo1tkeayJ28me2kNcZ3ZoqBQHJqoAx?,8,augustocroppo,1HLFLgrwQRuFVu1dhjjPLWqY314DsMjRco
1348790251,8,113389,Who owns 1Nbjpo1tkeayJ28me2kNcZ3ZoqBQHJqoAx?,8,augustocroppo,14Dj368DZyFPDbSbERf53wcGLWefsZUamn
1348790251,8,113389,Who owns 1Nbjpo1tkeayJ28me2kNcZ3ZoqBQHJqoAx?,8,augustocroppo,1GT6sKWGWPeKrxehyYsQpMX7gFCWE3wkCo
1348790251,8,113389,Who owns 1Nbjpo1tkeayJ28me2kNcZ3ZoqBQHJqoAx?,8,augustocroppo,19yCdzFeWQvokkAQyAMGoPRpVm7aAQAipG
1348790251,8,113389,Who owns 1Nbjpo1tkeayJ28me2kNcZ3ZoqBQHJqoAx?,8,augustocroppo,19Wv538dbmoMTtoGPxwqD8N6ZYzFyMBL2U
1348790251,8,113389,Who owns 1Nbjpo1tkeayJ28me2kNcZ3ZoqBQHJqoAx?,8,augustocroppo,1Cp3FEaXFkSutXGYHKuNkkeYog6bsHpk7a
1348790251,8,113389,Who owns 1Nbjpo1tkeayJ28me2kNcZ3ZoqBQHJqoAx?,8,augustocroppo,1Nbjpo1tkeayJ28me2kNcZ3ZoqBQHJqoAx
1348790577,8,113389,Who owns 1Nbjpo1tkeayJ28me2kNcZ3ZoqBQHJqoAx?,9,augustocroppo,1Nbjpo1tkeayJ28me2kNcZ3ZoqBQHJqoAx
1348529364,8,109915,"FREE raffle for 20 BTC, just answer a quick survey [CLOSED].",27,Jeremy West spendbitcoins.com,1HrMpG9JZ71gzXHPdyo2dwcExhKRGtBjQg
1342568658,8,93815,"How to buy BTC with credit card (2.75% fee, needs: US bank acct, smartphone)",1,streblo,183dEw42WgMGcJc9WXRakDYp6CzA8aC3zH
1346630343,8,105525,LadyBytes' Tutorial on Trading Bitcoin Locally (Semi-NSFW),1,LadyBytes,1HnnPZpshFcHQ8dWo1KpXGZJannnHKWzZZ
1342717742,8,94140,Unauthorized Account Activity on my Mt.Gox Account - Account Compromised/Hacked?,1,ForceField,12TtLmwed4QfPgz91GdHV1NxZE5qMvCWJQ
1346342984,8,94140,Unauthorized Account Activity on my Mt.Gox Account - Account Compromised/Hacked?,11,ForceField,14dry3ihiE6s2gLZWa9Z5HFW6ohMNhXagm
1346342984,8,94140,Unauthorized Account Activity on my Mt.Gox Account - Account Compromised/Hacked?,11,ForceField,1FtFaYUfGfie59ETowkyA8aihmCURsAYcM
1346342984,8,94140,Unauthorized Account Activity on my Mt.Gox Account - Account Compromised/Hacked?,11,ForceField,12TtLmwed4QfPgz91GdHV1NxZE5qMvCWJQ
1298497891,8,3787,Tradebitcoin.com Public Beta,1,jesmurf,1PG188S8VUbiYjuf4vHiVeZA61d5MJ3ivd
1345643009,8,102495,Merchant - customer bitcoin relations,1,TeslaUa,1CDMAnsZfjWj9oFVZNUnKUYsA4vWpjztSY
1340223838,8,88768,VirtEx Bitcoin app *UPDATE* Version 1.1.2 *Deepbit Mining Stats*,1,veken0m,1yjDmiukhB2i1XyVw5t7hpAK4WXo32d54
1343961822,8,88768,VirtEx Bitcoin app *UPDATE* Version 1.1.2 *Deepbit Mining Stats*,16,veken0m,1yjDmiukhB2i1XyVw5t7hpAK4WXo32d54
1338925621,8,80562,MtGox Collapsing (and taking bitcoin down with them?),90,Unacceptable,1NSwYqg5DmrJS1cEnXHw3dJKDtZmHg4d5P
1341698931,8,80562,MtGox Collapsing (and taking bitcoin down with them?),91,MykelSilver,1NSwYqg5DmrJS1cEnXHw3dJKDtZmHg4d5P
1341742452,8,80562,MtGox Collapsing (and taking bitcoin down with them?),92,tarrant_01,1NSwYqg5DmrJS1cEnXHw3dJKDtZmHg4d5P
1341759834,8,80562,MtGox Collapsing (and taking bitcoin down with them?),93,Bigpiggy01,1NSwYqg5DmrJS1cEnXHw3dJKDtZmHg4d5P
1342512261,8,93712,My bitcoins disappeared from a secured wallet,1,coinminers,15t1sihVaZ4wqiWc3dNABH9uj2Yqixn1XB
1342192494,8,93110,"A public plea for help regarding Bitcoinica and my 24,841 BTC",1,MemoryDealers,16HMoS4TryH7wWsAv2PtvxiHX8QGXMGczi
1342202250,8,93110,"A public plea for help regarding Bitcoinica and my 24,841 BTC",11,elux,16HMoS4TryH7wWsAv2PtvxiHX8QGXMGczi
1342215532,8,93110,"A public plea for help regarding Bitcoinica and my 24,841 BTC",35,minorman,16HMoS4TryH7wWsAv2PtvxiHX8QGXMGczi
1342282232,8,93271,SCAMMER TAG: Wnd,3,Danijel Habek,1HSjeZQz9DvVUMZcDmWbJb4TzvHEF5gnsp
1340293220,8,88440,Do any banks offer SEPA-depositable accounts to US citizens?,10,¢A$H≈,19JBZu1CjLgNkcYv4z6WVvmrYChUUxbZ4i
1341113426,8,90957,Do you know this address? (Wanted for fraud),1,TheBitMan,1M6AqaBZEEMbe1Vdw52CTkGYBmGnP1eEfH
1340844399,8,90400,SatoshiDice Issue,1,unk1911,1dice7fUkz5h4z2wPc1wLMPWgB5mDwKDx
1340853570,8,90400,SatoshiDice Issue,5,unk1911,1dice7fUkz5h4z2wPc1wLMPWgB5mDwKDx
1313377951,8,36617,"I admit to being a scammer, and having multiple accounts.",42,Nicolai Larsen,1GbYxEDJszEtZmbhN5LNumuHm2fZ3c3R8R
1338521802,8,84585,"My mtgox account got compromised, what can I do?",5,Buffcorp,1FLVVbi22zeuEz5JRRuZvAqSeeA5PcYfez
1338521973,8,84585,"My mtgox account got compromised, what can I do?",6,Liberty Payout,1FLVVbi22zeuEz5JRRuZvAqSeeA5PcYfez
1330755912,8,67129,"CoinExchanger is a scammer, stole Bitcoinica's coins, lied about contact info",25,shakaru,12F1GhUbVJvNW6ki1fRG1ZgeTkm2FixLLi
1331001589,8,67526,[Resolved] Does there anyone can contact Nefario,1,HorseRider,1E3936LbwPwgT15AaoAg4TZKTeYWAeUiqA
1338981959,8,85771,Dirty LR exchanger,1,Bigpiggy01,13975cd8c1d15a1640d3aa8c16439c41f
1324832865,8,55658,My MtGox account was hacked.,1,K.A.T,1Bmd4BCamKMso6LymoGAHpq3y8nUFqmBfR
1338938809,8,55658,My MtGox account was hacked.,14,brox,1B629eJKZQeQgbjwoTpkPGXmCs6psaN4WW
1337982389,8,82204,Escrow arbiter needed - who is most trusted financial person on this forum?,14,Andrew Vorobyov,1LdCBDfz6jm1pVSjagB8CtM2Cceey2zcru
1331701284,8,54915,Accusations against shakaru,421,Phinnaeus Gage,1EWRJ5BeibZxMguujPLzqM8WWiHpFJtLLx
1335867444,8,78744,[ANN] GLBSE has a new look!,23,chunglam,1KxNCg7h5KHgbdjBbzPhCptj2i4eHgAMd5
1335871832,8,78744,[ANN] GLBSE has a new look!,25,chunglam,1KxNCg7h5KHgbdjBbzPhCptj2i4eHgAMd5
1336697312,8,80862,How to prove that you own/control a private key after it has been stolen,2,rjk,1NgLdhjHfLbcVawMk4DNEv8yf9ZzzNJV6U
1330309158,8,66429,Is btcflip.com still running normally? 2Btc sent to it and no response,1,snoleo,1QKXYztB2zmVixTTvd89E2Bgh2LM7Uo3cD
1333564545,8,75451,"Bind is a scammer, stay away!",1,hoki,1Gy7iXZHnwp1zGK489oQPBP3RMG5fbL8tt
1327723828,8,61491,"""allseingbiteye"" - a virus, or just weird?",2,grue,17f90702efa19eb14a9df4ac9504bbf98
1332456137,8,73579,Jered Kenna reimbursing funds from smaller accounts,2,Jered Kenna (TradeHill),1yvnLFMNRDRGKJ2dMqprzD68mtKga8uoJ
1332526552,8,73579,Jered Kenna reimbursing funds from smaller accounts,3,fennec,1yvnLFMNRDRGKJ2dMqprzD68mtKga8uoJ
1332558415,8,73579,Jered Kenna reimbursing funds from smaller accounts,4,John (John K.),1yvnLFMNRDRGKJ2dMqprzD68mtKga8uoJ
1332456491,8,72051,Where is TradeHill ?,4,Jered Kenna (TradeHill),1yvnLFMNRDRGKJ2dMqprzD68mtKga8uoJ
1332123378,8,69368,Zombie = Scammer,1,pocketartillery,1PN1G8SHAs4HhycLJrrPT6ykaKNzpdG6PV
1331094952,8,67684,Chaang-Noi (Goat) trade with Alexmat,1,El Cabron,1PxfP8a9N64s22CChE9vW6s62aPAHSACFF
1331095088,8,67684,Chaang-Noi (Goat) trade with Alexmat,3,alexmat,1PxfP8a9N64s22CChE9vW6s62aPAHSACFF
1331095170,8,67684,Chaang-Noi (Goat) trade with Alexmat,4,Kluge,1DkvvHegaQGu3Sr2hFmDLVK6zsrxZVqst
1331095995,8,67684,Chaang-Noi (Goat) trade with Alexmat,6,Eveofwar,1DkvvHegaQGu3Sr2hFmDLVK6zsrxZVqst
1331095995,8,67684,Chaang-Noi (Goat) trade with Alexmat,6,Eveofwar,1PxfP8a9N64s22CChE9vW6s62aPAHSACFF
1331918945,8,67684,Chaang-Noi (Goat) trade with Alexmat,11,Kluge,1Cmtf4i2QcTcMTeLgpqqGkWqoAgCDQsugD
1331656246,8,68416,(Resolved!) so_stupid & I: in re. The $1K Bounty,60,Phinnaeus Gage,1EWRJ5BeibZxMguujPLzqM8WWiHpFJtLLx
1331311179,8,68033,Watch out for changing quotes in PMs,1,theymos,1HE3ycmEX6v4YreaqxXjosjTqZNz6o6dZu
1331311179,8,68033,Watch out for changing quotes in PMs,1,theymos,15GM6k3HPvPJJKRUfqbveNxYfcKQwsnNmQ
1331311282,8,68033,Watch out for changing quotes in PMs,2,rjk,1HE3ycmEX6v4YreaqxXjosjTqZNz6o6dZu
1331311282,8,68033,Watch out for changing quotes in PMs,2,rjk,15GM6k3HPvPJJKRUfqbveNxYfcKQwsnNmQ
1331321025,8,68033,Watch out for changing quotes in PMs,6,copumpkin,1HE3ycmEX6v4YreaqxXjosjTqZNz6o6dZu
1331321025,8,68033,Watch out for changing quotes in PMs,6,copumpkin,15GM6k3HPvPJJKRUfqbveNxYfcKQwsnNmQ
1330887500,8,67091,Nevermind.. Acct wasnt hacked,58,Stephen Gornick,1NRy8GbX56MymBhDYMyqsNKwW9VupqKVG7
1330915300,8,67091,Nevermind.. Acct wasnt hacked,59,dooglus,1NRy8GbX56MymBhDYMyqsNKwW9VupqKVG7
1330445696,8,66550,Miserydearia needs to return peoples accounts and bitcoins [Replied-In progress],65,chmod755,1Jgr7ZC5wreXWCezBXRnDDuBEMaiUkdUsR
1330020498,8,65955,Problems with Matthew N. Wright,19,BTCurious,1Yj6hiWeLL8pxCtCVrtfpNFKhrJUwjT5d
1330049916,8,65955,Problems with Matthew N. Wright,34,bittenbob,1Yj6hiWeLL8pxCtCVrtfpNFKhrJUwjT5d
1330050903,8,65955,Problems with Matthew N. Wright,35,Vicente,1Yj6hiWeLL8pxCtCVrtfpNFKhrJUwjT5d
1330062729,8,65955,Problems with Matthew N. Wright,45,Wordlet,1Yj6hiWeLL8pxCtCVrtfpNFKhrJUwjT5d
1330212441,8,65955,Problems with Matthew N. Wright,59,BadBear,1Yj6hiWeLL8pxCtCVrtfpNFKhrJUwjT5d
1329893251,8,64961,(Conflict resolution)  Chaang Noi / Matthew W,1,El Cabron,1Yj6hiWeLL8pxCtCVrtfpNFKhrJUwjT5d
1310655006,8,27939,Open source trading bot?,33,r4in,14o557CreqAimfskDyMwKZMfe2U6Pi3i9q
1328914864,8,63410,"BTC sent to mtgox, not showing in account",1,bitcoinTrader,1BVrZnykf9nRDEpi35LmQFkHNXbi8Vzq2N
1328578098,8,62761,OMG - winner,11,koin,19P4ochF31h78qnK5yxAFn33hiTSgmMQ8L
1327700759,8,61436,Missing Mt. Gox BTC Withdrawals - Abysmal Customer Support,1,jlkershner,16eEMLcXoY9BVgs5VeCMyP3tVP7kDCEB93
1327700759,8,61436,Missing Mt. Gox BTC Withdrawals - Abysmal Customer Support,1,jlkershner,1CgZCTxUmGnujnwn5DA3KjaLLRuAHpntSo
1327700759,8,61436,Missing Mt. Gox BTC Withdrawals - Abysmal Customer Support,1,jlkershner,12JTYwGnaCJpmdjSyRNG5U1hHQ1bfmwVHP
1327288372,8,60786,I asked MtGox for some of my BTC 10 days ago and still don't have them.,1,sgravina,1JcMWSggw3mnFanp81HMeBCtKyFJwJ253S
1327297127,8,60786,I asked MtGox for some of my BTC 10 days ago and still don't have them.,2,Mt.Gox_Natalie,1JcMWSggw3mnFanp81HMeBCtKyFJwJ253S
1327301369,8,60786,I asked MtGox for some of my BTC 10 days ago and still don't have them.,3,bitflower,1JcMWSggw3mnFanp81HMeBCtKyFJwJ253S
1327322384,8,60786,I asked MtGox for some of my BTC 10 days ago and still don't have them.,4,sgravina,1JcMWSggw3mnFanp81HMeBCtKyFJwJ253S
1327329090,8,60786,I asked MtGox for some of my BTC 10 days ago and still don't have them.,6,kjj,1JcMWSggw3mnFanp81HMeBCtKyFJwJ253S
1327330676,8,60786,I asked MtGox for some of my BTC 10 days ago and still don't have them.,7,sgravina,1JcMWSggw3mnFanp81HMeBCtKyFJwJ253S
1327337167,8,60786,I asked MtGox for some of my BTC 10 days ago and still don't have them.,8,kjj,1JcMWSggw3mnFanp81HMeBCtKyFJwJ253S
1326632249,8,57406, the first automated bitcoin trading tool - legit stuff ? ,73,Ente,14PAmBAdgjpuPgNi7jYZuUsQpAuxZoeMHv
1326664163,8,57406, the first automated bitcoin trading tool - legit stuff ? ,74,bitscalper,14PAmBAdgjpuPgNi7jYZuUsQpAuxZoeMHv
1326898910,8,60106,MtGox Live cheated?,1,suppp,1edd68c1c1410f3cdc7d62981f3ee243
1326643130,8,58803,Could someone explain how to implement bitcoinpayflow.com,1,BrannigansLaw,1F2vgWSRcfRzZz1LetFxrk6qfWhpTeW32s
1326643130,8,58803,Could someone explain how to implement bitcoinpayflow.com,1,BrannigansLaw,1AFZ6Cv8q96rFaS9T8fR1y2j2CjNDcT
1322943482,8,53661,Mt Gox issues  ,1,unsquidly,18yW4SFefrAGgaSg2o4WZf8CtRAUQCWvbw
1307827695,8,15273,Bitcoin Weekly Needs Your Help,1,kiba,1NWc7N4FAs55hJ1xdTf3KWHZD89yn2PQKV
1323453614,8,54098,Mt. Gox hacked?,2,amazingrando,1G4ij7kiUqpV8Cz3omtubLthM1Bmo9wmML
1324317222,8,55048,[SOLVED] MtGox Account Hacked & Beware Address 1ffaB9W2hj2pzp9djKupFfsaNn1L215FE,1,BinaryMage,1ffaB9W2hj2pzp9djKupFfsaNn1L215FE
1323341546,8,53943,MtGox,4,reg,15sVTE51FyVpEnZw2SM9E9g4aEAz8SG1vW
1323343327,8,53943,MtGox,5,Jered Kenna (TradeHill),15sVTE51FyVpEnZw2SM9E9g4aEAz8SG1vW
1321670934,8,52238,Check Bitcoinmonitor.com,4,slush,14igy7qHESq2uTy7xBZ2hf7aBt2i2m8xic
1321670934,8,52238,Check Bitcoinmonitor.com,4,slush,1Mb5rPL3zeHqx8rd5Xg9jkcxTKSMkKfktb
1321671434,8,52238,Check Bitcoinmonitor.com,6,slush,1KLahQtqDNAXvrjNyfvgSBtAhwco5ZxLp4
1321675694,8,52238,Check Bitcoinmonitor.com,7,bitfoo,1eHhgW6vquBYhwMPhQ668HPjxTtpvZGPC
1321853699,8,52238,Check Bitcoinmonitor.com,9,kjlimo,17rHoX2wD5hfrfqP2wBwwWqgbgWgUrtdev
1319848712,8,50203,What a noun MtGox support says?!,3,plogank,1EuGhT7AeTp5jmGAJrmh2HjkvwawhPt4kn
1319849388,8,50203,What a noun MtGox support says?!,4,tvbcof,1EuGhT7AeTp5jmGAJrmh2HjkvwawhPt4kn
1307654831,8,13371,Make some easy bitcoin at forbitcoin.com with this job,9,rnaodm,1F5BTKwUHVyqQ78HrAmrMPZr1BrtukMW86
1314409846,8,39642,"Bitcoin, IxCoin, I0Coin,SolidCoin trades watching service (live) NEW!",1,Lexiko,1VCtYerBMGiRcGMnqdr4mZnT59Ba4L3xg
1313365781,8,37028,Scammed by Ryanwebber/Zem? Come here.,15,shakaru,1GEj4pNaxtp4rYVHufzsjnauHVP3iF7KsD
1313459438,8,37028,Scammed by Ryanwebber/Zem? Come here.,33,RyanWebber,1MuQxSTZA1WhVmwz6axQt9Zut7oMvcfZqd
1313460564,8,37028,Scammed by Ryanwebber/Zem? Come here.,34,bitcoinXL,1MuQxSTZA1WhVmwz6axQt9Zut7oMvcfZqd
1313460656,8,37028,Scammed by Ryanwebber/Zem? Come here.,35,RyanWebber,12V1kpyhBHi6abxWXpGECXNtNyTNDkoj1v
1314775972,8,37028,Scammed by Ryanwebber/Zem? Come here.,45,CrazyGuy,1EbmRs3iBGcKJPoprSa4Vqkat6HizqgGet
1315893080,8,37028,Scammed by Ryanwebber/Zem? Come here.,46,zjbcoins,1EbmRs3iBGcKJPoprSa4Vqkat6HizqgGet
1315893080,8,37028,Scammed by Ryanwebber/Zem? Come here.,46,zjbcoins,17YNTUBh2jboehoLhcKeqbeH9wcNo6iuKG
1316568028,8,44939,closed,2,cablepair,1Mp9ZW4d5Pk4Qs7VhqeHeGNdQ7yitJXb3U
1316624389,8,44939,closed,98,cablepair,1GnSekWQL7ESyiA9NqY499amHJTDWMtW93
1316626985,8,44939,closed,106,cablepair,1HDwpgaYw6uNz1Syy7ZM2VTbbipFTF1fim
1316627253,8,44939,closed,109,cablepair,1HDwpgaYw6uNz1Syy7ZM2VTbbipFTF1fim
1316627419,8,44939,closed,110,memvola,1HDwpgaYw6uNz1Syy7ZM2VTbbipFTF1fim
1316627684,8,44939,closed,111,johnj,1HDwpgaYw6uNz1Syy7ZM2VTbbipFTF1fim
1316627691,8,44939,closed,112,trentzb,1HDwpqaYw6uNz1Syy7ZM2VTbbipFTF1fim
1316627691,8,44939,closed,112,trentzb,1HDwpgaYw6uNz1Syy7ZM2VTbbipFTF1fim
1316640567,8,44939,closed,138,logansryche,1GnSekWQL7ESyiA9NqY499amHJTDWMtW93
1316640567,8,44939,closed,138,logansryche,1HDwpqaYw6uNz1Syy7ZM2VTbbipFTF1fim
1316640848,8,44939,closed,139,johnj,1GnSekWQL7ESyiA9NqY499amHJTDWMtW93
1316640848,8,44939,closed,139,johnj,1HDwpqaYw6uNz1Syy7ZM2VTbbipFTF1fim
1316641811,8,44939,closed,145,RandyFolds,1GnSekWQL7ESyiA9NqY499amHJTDWMtW93
1316641811,8,44939,closed,145,RandyFolds,1HDwpqaYw6uNz1Syy7ZM2VTbbipFTF1fim
1316501098,8,44824,[SCAMMER ALERT] - etsanchez + turquoise9955,2,rizzn,1A2Qvc4hZuUZxujom8tsPk9e2CozNMfyL7
1297359936,8,3320,Tea store wanting to accept bit coins,7,nmteaco,168GsGPYiYrNVZtLxWU9oLJFi9MskdDGPe
1297360259,8,3320,Tea store wanting to accept bit coins,8,Anonymous,168GsGPYiYrNVZtLxWU9oLJFi9MskdDGPe
1308360037,8,14048,Trade Hill - > Get BTC to use my refferral code,16,elelegzet,1NmfnjLr1LG5NVNVqv2urE1NkASX8eMycV
1308713146,8,14048,Trade Hill - > Get BTC to use my refferral code,21,CBBlackWolf,15aSh6XfrBRsLX3TLm6tiKeJyVxjM8qTGc
1308743056,8,14048,Trade Hill - > Get BTC to use my refferral code,22,versusobj7,1LPAJEmsz2DwQ6DrQzokAXbLd4RCEpPXZW
1308950445,8,14048,Trade Hill - > Get BTC to use my refferral code,27,muscles,16A9kfsLszf6uyopc5nwEZxSKKLKYDq7A7
1313274307,8,35654,Scammer Alert[RyanWebber],4,shakaru,1GEj4pNaxtp4rYVHufzsjnauHVP3iF7KsD
1312902578,8,34151,A new design suggestion: Pegged exchange rate of BTC,28,dacoinminster,1A76BH8MAkPGSuxZhbHAqVBp9BtX24DBe5
1312905712,8,34151,A new design suggestion: Pegged exchange rate of BTC,29,cunicula,1A76BH8MAkPGSuxZhbHAqVBp9BtX24DBe5
1312837959,8,35482,WARNING: SmokeAndMirrors Is a SCAMMER!,8,SmokeAndMirrors,156GUUFABHHgMY9NW1MiXyW1tt8a1yNc1b
1312837959,8,35482,WARNING: SmokeAndMirrors Is a SCAMMER!,8,SmokeAndMirrors,1GffzQvwd5eZy47xP2Ea7n4NuDGW6sYocB
1311276281,8,30684,Question!,5,riceberry,1rbgakDLF3nuErQtRTfpRUn1aYKXBJun2
1310518873,8,28004,[Dispute resolved and sunshine and beams and all that],14,casascius,1BowSerbsenLBELbwR5aZE1aqy7ooGCydT
1310616486,8,28004,[Dispute resolved and sunshine and beams and all that],58,senbonzakura,1LPKQjnse9s4Xo8BhRzdg55jRh8Yk6goTw
1310623932,8,28004,[Dispute resolved and sunshine and beams and all that],69,trentzb,1LPKQjnse9s4Xo8BhRzdg55jRh8Yk6goTw
1310626283,8,28004,[Dispute resolved and sunshine and beams and all that],70,theymos,1LwicyHMxvmo5WdbWU14ZCsdoJKbHyzKJu
1310673348,8,28004,[Dispute resolved and sunshine and beams and all that],76,KeyserSoze,1LwicyHMxvmo5WdbWU14ZCsdoJKbHyzKJu
1310341540,8,27725,"Xtremshare Mining services, renting 1 GH/s rigs",1,Xtremshare,1a36b4e6e31e72f7dc7a91ee3fc2a180
1308989374,8,19908,About Mt. Gox flaw from a security expert,241,BBanzai,11010110101011001011111001000111
1309000196,8,19908,About Mt. Gox flaw from a security expert,243,kokjo,11010110101011001011111001000111
1309793784,8,25935,haha Look at the difference between MtGox and Tradehill,1,cloon,13zWUMSHA7AzGjqWmJNhJLYZxHmjNPKduY
1309657143,8,25498,Gox funds not showing up ...,1,marvinmartian,1GHrQXYSvnJJQVfv3scwg4rMcw3GGBiBr4
1309384111,8,24486,What's to stop the following type of market manipulation (example using TH)?,1,marvinmartian,1ANHjo35p88GanFoe1Rawb5straQpE8Sfq
1307071935,8,11520,Escrow with a person. Contact me if you need to make a trade. FREE!,1,Alaron,1L1UZHetApfPuog64NJCFKwfg3iZnR2wNg
1309033312,8,22545,[SOLVED!] 10 BTC don't show up in MtGox account (Add funds) after 27 conf....,3,MaGNeT,193V1JQYeeuMNDdo8ER8Kxxxxxxxxx
1309033312,8,22545,[SOLVED!] 10 BTC don't show up in MtGox account (Add funds) after 27 conf....,3,MaGNeT,1DeUJPCbd1aqgPo6bRZL2xxxxxxxxx
1308898380,8,21752,Visa Gift Gard to BTC,9,x0Jakeyboy0x,1DT7JiResFU3TzpS1ptfgGfSxgfMwkouKf
1308281134,8,18182,I was scammed by MtGox.,1,kiwiasian,1KReFavSpHkxZqkR3aZvdz4pbhg6ZqCwhy
1308813578,8,21372,"Great News: New update, trading again soon.",15,Bit_Happy,1eHhgW6vquBYhwMPhQ668HPjxTtpvZGPC
1308818329,8,21372,"Great News: New update, trading again soon.",16,Chucksta,1eHhgW6vquBYhwMPhQ668HPjxTtpvZGPC
1308825841,8,21372,"Great News: New update, trading again soon.",17,Bit_Happy,1eHhgW6vquBYhwMPhQ668HPjxTtpvZGPC
1307895474,8,14014,Get paid for signing up with TradeHill (the new Mt. Gox competitor),20,bitcoinconnection,1MXgbEABic6Up7e3SzHrmkdQTTSRpuUAxY
1308601790,8,20102,Noob seeks advice on turning BTC into USD,4,kokjo,1NTdkC2By8RDc5Yjoo1gMBMPVGopz8g2xd
1308074491,8,16894,Is Bitcoin/Mt.gox under an orchestrated attack to destroy confidence?,3,Macho,15gvHsFAq5RQaFSzUFQUCTCqAjrVoMjv2P
1308076707,8,16894,Is Bitcoin/Mt.gox under an orchestrated attack to destroy confidence?,4,finnthecelt,15gvHsFAq5RQaFSzUFQUCTCqAjrVoMjv2P
1308197043,8,16894,Is Bitcoin/Mt.gox under an orchestrated attack to destroy confidence?,19,anewbie,15gvHsFAq5RQaFSzUFQUCTCqAjrVoMjv2P
1308517459,8,16894,Is Bitcoin/Mt.gox under an orchestrated attack to destroy confidence?,28,goozman96,15gvHsFAq5RQaFSzUFQUCTCqAjrVoMjv2P
1308511898,8,19511,Anybody with a bitcoin sell order just got wiped out!,10,hashme,1KLahQtqDNAXvrjNyfvgSBtAhwco5ZxLp4
1308512351,8,19511,Anybody with a bitcoin sell order just got wiped out!,11,EricSU,1KLahQtqDNAXvrjNyfvgSBtAhwco5ZxLp4
1307895066,8,15769,[Fun] Songs fitting to BTC exchanges,3,bitcoinconnection,1MXgbEABic6Up7e3SzHrmkdQTTSRpuUAxY
1304215028,8,6864,decentralized Bitcoin are highly centralized to mtgox!11,14,bitcoinex,1AvGzvwCxELCaJsxdzunhYTzTL6GVa2xvR
1304216055,8,6864,decentralized Bitcoin are highly centralized to mtgox!11,15,Stefan Thomas,1AwGzvwCxELCaJsxdzunhYTzTL6GVa2xvR
1304216635,8,6864,decentralized Bitcoin are highly centralized to mtgox!11,17,cypherdoc,1AwGzvwCxELCaJsxdzunhYTzTL6GVa2xvR
1304217662,8,6864,decentralized Bitcoin are highly centralized to mtgox!11,18,bitcoinex,1AwGzvwCxELCaJsxdzunhYTzTL6GVa2xvR
1304219780,8,6864,decentralized Bitcoin are highly centralized to mtgox!11,26,chris200x9,1CBvDM2M37ExZjWjJDKEED7c9KGNEHY46k
1304220051,8,6864,decentralized Bitcoin are highly centralized to mtgox!11,28,bitcoinex,1CBvDM2M37ExZjWjJDKEED7c9KGNEHY46k
1304220369,8,6864,decentralized Bitcoin are highly centralized to mtgox!11,30,chris200x9,1CBvDM2M37ExZjWjJDKEED7c9KGNEHY46k
1304220760,8,6864,decentralized Bitcoin are highly centralized to mtgox!11,31,bitcoinex,1CBvDM2M37ExZjWjJDKEED7c9KGNEHY46k
1304220973,8,6864,decentralized Bitcoin are highly centralized to mtgox!11,33,demonofelru,1AwGzvwCxELCaJsxdzunhYTzTL6GVa2xvR
1304236537,8,6864,decentralized Bitcoin are highly centralized to mtgox!11,78,Yurock,1AvGzvwCxELCaJsxdzunhYTzTL6GVa2xvR
1304236713,8,6864,decentralized Bitcoin are highly centralized to mtgox!11,79,bitcoinex,1AvGzvwCxELCaJsxdzunhYTzTL6GVa2xvR
1304249961,8,6864,decentralized Bitcoin are highly centralized to mtgox!11,85,jkminkov,1AvGzvwCxELCaJsxdzunhYTzTL6GVa2xvR
1304251311,8,6864,decentralized Bitcoin are highly centralized to mtgox!11,89,Mahkul,1AvGzvwCxELCaJsxdzunhYTzTL6GVa2xvR
1304252781,8,6864,decentralized Bitcoin are highly centralized to mtgox!11,90,jkminkov,1AvGzvwCxELCaJsxdzunhYTzTL6GVa2xvR
1304299976,8,6864,decentralized Bitcoin are highly centralized to mtgox!11,102,chris200x9,1CBvDM2M37ExZjWjJDKEED7c9KGNEHY46k
1304459976,8,6864,decentralized Bitcoin are highly centralized to mtgox!11,133,ShadowOfHarbringer,1AvGzvwCxELCaJsxdzunhYTzTL6GVa2xvR
1307931212,8,16074,Tradehill market data,2,bitcoinconnection,1MXgbEABic6Up7e3SzHrmkdQTTSRpuUAxY
1307733479,8,14691,MITM attacks and how to avoid them,1,juilla,1H8dJCwrvKQN2eBztuR9L26sssEE8YeqZr
1307586547,8,13826,Help!!!All my BTC has been withdraw to an unknown address,1,mcgeek,18DgU4wbHoEpzsBm2ct9S52pBWXYVStwGZ
1307404655,8,1438,Why is it so damn hard to get hold of Bitcoins?,11,saqwe,17BVkXsLp1c39KmLE6uTuhc1VoiooM3qMY
1307233773,8,12117,want to sell 6pack.com domain for 20k bitcoins,1,Superform,1EjzUVnF2nSGYYejXrgwJp8JFpCYt8gV6X
1307237167,8,12117,want to sell 6pack.com domain for 20k bitcoins,2,RchGrav,1EjzUVnF2nSGYYejXrgwJp8JFpCYt8gV6X
1304377746,8,6827,MtGox - too many connections,79,SmokeTooMuch,1AwGzvwCxELCaJsxdzunhYTzTL6GVa2xvR
1304377746,8,6827,MtGox - too many connections,79,SmokeTooMuch,1AvGzvwCxELCaJsxdzunhYTzTL6GVa2xvR
1304710823,8,7344,PayPal Replacement?,4,BitterTea,1BEw6WXxmNHAjHA3JhbozBmUJorjzu9jCX
1300913322,8,4846,Mt.Gox Trades on Twitter,1,ultramancool,1LFrhMsbWGyePbBK2sdTk7MYkkQCXFN9w6
1284425894,8,1010,BitBet,7,WARlrus,14vF6KoUnYHiuHQPC2KZ18j4WVmaRbRm7w
1299186434,8,4102,Small transaction,1,Prze_koles,1AYtnRppWM7tWQaVLpm7TvcHKrjKxgCRvX
1299187870,8,4102,Small transaction,2,theymos,1NMDHMGjJBZjNfAEjvASPjUvT5kwFsHe9U
1295263401,8,2825,Want to sell bitcoin for Chinese yuan but don't have enough btc,14,Nefario,1PGo8dQUvwR7c7hxQBN1wAPs4JfD4p4vsv
1295269046,8,2825,Want to sell bitcoin for Chinese yuan but don't have enough btc,17,ColdHardMetal,1PGo8dQUvwR7c7hxQBN1wAPs4JfD4p4vsv
1295272677,8,2825,Want to sell bitcoin for Chinese yuan but don't have enough btc,18,Nefario,1PGo8dQUvwR7c7hxQBN1wAPs4JfD4p4vsv
1294615103,8,2679,A bitcoin stock exchange plateform ,4,idev,1CFCcaV6tFwWC4zGyr2na6H97f8bKxpy4K
1294617152,8,2679,A bitcoin stock exchange plateform ,5,grondilu,1CFCcaV6tFwWC4zGyr2na6H97f8bKxpy4K
1291012383,8,1998,Bitcoin Faucet abuser,1,bober182,1HjUPLEnFmWEQacwWCM7HiyME2ZWcZJmhy
1291013509,8,1998,Bitcoin Faucet abuser,2,bober182,1GDLG7N5aJ7v5HoEGTFwYNQnwyQgfpppMU
